date,year,month,day,day_of_week,day_of_year,week_of_year,quarter,is_weekend,is_holiday,store_id,store_name,category_id,product_category,product_subcategory,base_price,discount_percentage,is_promotion,price,stock_level,competitor_price,temperature,precipitation,gdp_growth,unemployment_rate,consumer_confidence,marketing_spend,website_visits,social_media_engagement,customer_footfall,sales
2021-07-29,2021,7,29,3,210,30,3,0,0,5,Store_E,2,Clothing,Men,51.98,0,0,51.98,183,45.46,53.94,1.76,3.05,6.71,60.89,495.81,1010,470,278,60.03
2022-10-21,2022,10,21,4,294,42,4,0,0,3,Store_C,1,Electronics,Tablets,508.24,0,0,508.24,397,509.56,46.14,4.17,3.09,7.03,56.2,525.94,915,595,288,54.29
2012-03-11,2012,3,11,6,71,10,1,1,0,1,Store_A,4,Food,Fresh,20.04,0,0,20.04,295,22.48,79.14,3.58,3.22,6.54,74.11,491.58,1414,448,450,104.75
2020-01-20,2020,1,20,0,20,4,1,0,0,4,Store_D,1,Electronics,Phones,522.0,0,0,522.0,185,527.14,78.54,0.93,2.56,6.58,67.66,442.47,1294,420,186,49.28
2021-06-25,2021,6,25,4,176,25,2,0,0,4,Store_D,1,Electronics,Phones,478.95,0,0,478.95,97,487.12,61.23,10.79,3.33,6.42,65.44,450.16,1168,444,211,56.34
2018-02-16,2018,2,16,4,47,7,1,0,0,3,Store_C,2,Clothing,Kids,48.28,0,0,48.28,273,41.22,74.69,0.19,2.26,6.14,73.26,547.5,1430,445,341,86.87
2023-02-15,2023,2,15,2,46,7,1,0,0,2,Store_B,5,Sports,Apparel,83.61,0,0,83.61,326,90.28,72.54,6.28,2.6,6.78,66.75,434.55,1221,495,246,81.94
2021-12-17,2021,12,17,4,351,50,4,0,0,1,Store_A,2,Clothing,Kids,45.43,0,0,45.43,267,50.67,52.97,0.55,2.88,6.84,65.42,599.77,1394,551,175,63.22
2017-08-08,2017,8,8,1,220,32,3,0,0,3,Store_C,3,Home_Goods,Kitchen,149.22,0,0,149.22,298,144.75,53.24,1.56,1.96,6.4,60.63,453.83,1193,439,315,36.04
2018-02-18,2018,2,18,6,49,7,1,1,0,3,Store_C,5,Sports,Apparel,80.98,0,0,80.98,206,82.04,70.23,5.17,2.59,5.88,73.35,574.91,1352,492,413,69.9
2020-08-03,2020,8,3,0,216,32,3,0,0,1,Store_A,1,Electronics,Accessories,460.2,0,0,460.2,339,400.53,49.63,2.79,3.07,6.45,55.42,580.25,1194,388,310,51.91
2014-10-10,2014,10,10,4,283,41,4,0,0,4,Store_D,4,Food,Packaged,19.88,0,0,19.88,448,22.73,33.41,6.77,3.6,7.06,51.51,578.03,1153,503,331,77.77
2020-10-23,2020,10,23,4,297,43,4,0,0,2,Store_B,2,Clothing,Men,46.17,0,0,46.17,474,45.35,46.52,0.47,1.71,6.45,55.42,523.46,910,540,316,46.42
2020-05-30,2020,5,30,5,151,22,2,1,0,4,Store_D,4,Food,Packaged,18.61,0,0,18.61,69,18.06,79.27,0.25,1.92,6.34,70.68,561.31,1515,501,405,114.2
2015-07-18,2015,7,18,5,199,29,3,1,0,4,Store_D,3,Home_Goods,Kitchen,151.9,0,0,151.9,211,148.81,41.63,9.73,2.26,6.85,68.26,566.86,1168,498,498,38.19
2016-03-24,2016,3,24,3,84,12,1,0,0,1,Store_A,4,Food,Beverages,18.33,0,0,18.33,431,16.32,82.4,9.66,2.27,6.08,74.17,526.45,1416,501,304,118.79
2010-04-10,2010,4,10,5,100,14,2,1,0,4,Store_D,4,Food,Fresh,20.7,0,0,20.7,162,21.61,84.08,9.88,2.33,6.17,72.45,492.11,1492,536,483,115.92
2023-06-23,2023,6,23,4,174,25,2,0,0,5,Store_E,5,Sports,Equipment,74.79,0,0,74.79,385,69.77,57.03,18.09,2.78,7.02,65.35,467.42,1349,501,289,57.27
2019-05-01,2019,5,1,2,121,18,2,0,0,2,Store_B,1,Electronics,Accessories,476.61,0,0,476.61,449,543.68,72.07,0.15,2.19,6.2,78.26,400.55,1449,489,287,65.22
2021-08-16,2021,8,16,0,228,33,3,0,0,3,Store_C,1,Electronics,Tablets,474.53,0,0,474.53,426,454.55,39.81,3.25,3.32,6.4,56.1,481.35,1054,387,277,32.19
2022-08-25,2022,8,25,3,237,34,3,0,0,4,Store_D,1,Electronics,Accessories,525.33,0,0,525.33,316,498.61,37.58,3.01,3.36,6.88,60.32,494.67,941,454,329,65.46
2023-06-18,2023,6,18,6,169,24,2,1,0,2,Store_B,2,Clothing,Accessories,51.41,0,0,51.41,142,54.17,61.69,2.25,2.85,7.09,66.19,487.22,1262,584,459,86.64
2010-07-11,2010,7,11,6,192,27,3,1,0,2,Store_B,3,Home_Goods,Bedding,153.52,0,0,153.52,241,157.23,50.92,4.89,2.51,5.98,58.04,416.45,987,480,390,16.53
2022-11-10,2022,11,10,3,314,45,4,0,0,5,Store_E,3,Home_Goods,Bedding,146.04,0,0,146.04,440,162.44,39.33,6.34,3.03,7.21,55.15,480.3,1106,467,318,42.7
2014-11-20,2014,11,20,3,324,47,4,0,0,5,Store_E,2,Clothing,Accessories,54.18,0,0,54.18,72,61.81,51.6,0.36,2.37,6.81,56.49,400.68,1101,443,374,40.83
2014-03-13,2014,3,13,3,72,11,1,0,0,2,Store_B,3,Home_Goods,Bedding,144.43,0,0,144.43,426,138.63,74.66,0.55,2.73,7.01,66.96,437.34,1330,587,312,48.2
2017-10-05,2017,10,5,3,278,40,4,0,0,3,Store_C,3,Home_Goods,Kitchen,144.15,0,0,144.15,138,147.73,43.78,0.66,1.82,6.57,55.1,410.99,944,547,271,25.7
2022-03-03,2022,3,3,3,62,9,1,0,0,1,Store_A,4,Food,Packaged,20.39,0,0,20.39,59,20.19,74.76,4.66,2.86,6.95,74.68,439.03,1279,552,298,116.28
2023-06-17,2023,6,17,5,168,24,2,1,0,5,Store_E,3,Home_Goods,Furniture,146.09,20,1,116.87,74,119.95,66.16,1.11,3.41,6.95,67.63,631.11,1394,583,473,98.72
2014-05-18,2014,5,18,6,138,20,2,1,0,1,Store_A,4,Food,Snacks,20.74,0,0,20.74,71,23.42,70.85,1.83,2.77,6.9,67.43,463.56,1506,560,463,125.58
2014-11-15,2014,11,15,5,319,46,4,1,0,4,Store_D,4,Food,Fresh,20.04,0,0,20.04,157,21.86,49.85,0.04,2.37,6.72,56.21,587.42,1323,447,493,95.32
2023-06-02,2023,6,2,4,153,22,2,0,0,2,Store_B,1,Electronics,Laptops,480.32,0,0,480.32,288,464.8,60.54,18.81,2.85,6.93,67.58,490.29,1370,444,239,70.75
2017-01-18,2017,1,18,2,18,3,1,0,0,4,Store_D,5,Sports,Footwear,87.91,0,0,87.91,453,93.08,59.72,1.38,2.18,6.37,69.68,552.48,1400,507,315,75.33
2019-04-22,2019,4,22,0,112,17,2,0,0,1,Store_A,2,Clothing,Kids,51.34,0,0,51.34,293,45.82,75.74,7.92,2.09,6.07,78.91,471.04,1549,547,324,89.41
2020-11-19,2020,11,19,3,324,47,4,0,0,1,Store_A,5,Sports,Apparel,76.29,0,0,76.29,136,80.89,47.38,8.62,2.4,6.65,58.74,579.46,918,537,307,42.55
2020-04-28,2020,4,28,1,119,18,2,0,0,1,Store_A,2,Clothing,Women,54.33,0,0,54.33,420,50.61,70.14,5.8,2.58,6.36,73.12,552.91,1579,513,317,91.12
2010-06-16,2010,6,16,2,167,24,2,0,0,3,Store_C,1,Electronics,Laptops,489.9,0,0,489.9,155,525.09,68.5,3.45,2.16,5.83,71.15,578.01,1367,514,159,41.67
2014-10-18,2014,10,18,5,291,42,4,1,0,5,Store_E,1,Electronics,Tablets,476.8,0,0,476.8,461,529.8,40.4,3.8,3.01,7.29,58.91,412.65,1057,429,395,43.1
2014-01-19,2014,1,19,6,19,3,1,1,0,1,Store_A,3,Home_Goods,Furniture,151.57,0,0,151.57,279,161.12,61.67,7.35,3.03,7.06,66.7,505.42,1498,470,502,55.37
2012-10-21,2012,10,21,6,295,42,4,1,0,2,Store_B,2,Clothing,Men,51.35,20,1,41.08,141,44.18,39.48,4.3,2.83,6.67,51.95,782.42,1234,561,365,78.97
2014-11-24,2014,11,24,0,328,48,4,0,1,3,Store_C,2,Clothing,Accessories,47.6,20,1,38.08,224,32.76,46.33,6.12,2.5,6.89,59.36,839.07,1391,612,484,80.47
2016-03-14,2016,3,14,0,74,11,1,0,0,2,Store_B,4,Food,Fresh,18.24,0,0,18.24,393,20.65,76.8,2.09,2.18,6.65,74.64,576.61,1634,531,325,129.88
2016-10-09,2016,10,9,6,283,40,4,1,0,5,Store_E,1,Electronics,Accessories,503.87,0,0,503.87,369,441.09,42.16,9.27,1.97,6.43,51.12,523.88,1117,560,454,34.95
2014-12-28,2014,12,28,6,362,52,4,1,0,5,Store_E,3,Home_Goods,Kitchen,148.46,0,0,148.46,323,158.65,49.71,5.5,3.0,6.88,62.02,590.89,1240,478,418,54.21
2013-05-05,2013,5,5,6,125,18,2,1,0,2,Store_B,2,Clothing,Women,48.11,0,0,48.11,392,42.88,70.67,3.11,2.94,7.0,70.83,405.51,1245,510,416,87.17
2014-07-25,2014,7,25,4,206,30,3,0,0,5,Store_E,1,Electronics,Laptops,548.56,0,0,548.56,300,609.12,54.37,11.64,2.96,7.11,60.28,480.53,1054,594,371,18.68
2018-02-08,2018,2,8,3,39,6,1,0,0,5,Store_E,4,Food,Packaged,20.49,20,1,16.39,353,18.82,69.02,1.63,2.16,6.17,71.65,805.3,1530,671,336,130.55
2010-06-02,2010,6,2,2,153,22,2,0,0,4,Store_D,5,Sports,Equipment,73.9,0,0,73.9,297,84.76,69.69,3.59,2.68,6.45,68.94,418.14,1135,478,362,31.53
2016-12-09,2016,12,9,4,344,49,4,0,0,1,Store_A,4,Food,Fresh,19.11,0,0,19.11,323,17.49,52.13,11.15,1.75,6.38,58.8,570.6,1242,495,279,78.17
2022-11-02,2022,11,2,2,306,44,4,0,0,5,Store_E,3,Home_Goods,Decor,139.67,0,0,139.67,306,154.85,42.68,5.42,2.99,7.02,60.02,587.1,1233,540,211,32.12
2015-06-02,2015,6,2,1,153,23,2,0,0,3,Store_C,1,Electronics,Phones,526.76,0,0,526.76,304,491.69,67.11,1.03,2.29,6.76,67.51,479.5,1332,541,246,51.06
2014-01-09,2014,1,9,3,9,2,1,0,0,1,Store_A,5,Sports,Equipment,80.08,0,0,80.08,365,71.52,60.93,1.22,2.77,6.96,64.46,568.61,1425,479,306,69.33
2017-09-08,2017,9,8,4,251,36,3,0,0,3,Store_C,1,Electronics,Tablets,475.42,0,0,475.42,403,417.58,43.65,14.79,1.96,6.26,58.96,475.28,899,388,343,23.78
2016-11-17,2016,11,17,3,322,46,4,0,0,3,Store_C,3,Home_Goods,Furniture,157.27,0,0,157.27,432,151.89,43.06,2.53,2.3,6.76,56.75,533.08,1231,518,201,39.59
2018-01-22,2018,1,22,0,22,4,1,0,0,3,Store_C,2,Clothing,Accessories,51.53,0,0,51.53,197,57.44,63.04,12.5,2.54,6.03,67.48,403.65,1258,428,327,77.07
2018-02-28,2018,2,28,2,59,9,1,0,0,3,Store_C,5,Sports,Apparel,75.51,0,0,75.51,390,84.54,81.68,13.33,2.09,6.37,75.16,522.71,1406,437,348,82.75
2023-03-16,2023,3,16,3,75,11,1,0,0,3,Store_C,2,Clothing,Accessories,52.5,0,0,52.5,149,46.26,74.79,1.52,2.89,6.74,76.63,527.59,1513,432,277,95.18
2018-04-06,2018,4,6,4,96,14,2,0,0,2,Store_B,3,Home_Goods,Decor,150.89,0,0,150.89,195,145.68,77.21,10.71,2.01,5.84,77.66,451.35,1417,482,333,46.87
2014-04-16,2014,4,16,2,106,16,2,0,0,1,Store_A,2,Clothing,Women,45.49,0,0,45.49,109,41.13,78.9,2.31,2.44,7.13,74.94,552.18,1392,586,317,59.27
2010-02-01,2010,2,1,0,32,5,1,0,0,4,Store_D,2,Clothing,Kids,51.98,0,0,51.98,187,58.63,61.95,3.07,2.48,6.0,71.44,465.75,1207,533,318,52.81
2012-07-26,2012,7,26,3,208,30,3,0,0,2,Store_B,2,Clothing,Men,54.47,0,0,54.47,494,51.16,51.65,2.23,3.65,6.33,65.14,592.26,1194,493,335,55.25
2013-04-30,2013,4,30,1,120,18,2,0,0,3,Store_C,5,Sports,Equipment,77.24,0,0,77.24,265,85.52,76.69,2.55,3.14,6.74,74.99,462.8,1395,449,228,60.64
2015-04-22,2015,4,22,2,112,17,2,0,0,3,Store_C,4,Food,Packaged,20.41,0,0,20.41,409,21.16,69.64,3.22,2.35,6.93,71.14,443.76,1598,440,309,120.58
2013-02-03,2013,2,3,6,34,5,1,1,0,1,Store_A,3,Home_Goods,Furniture,141.54,0,0,141.54,448,146.62,72.07,2.85,3.29,6.78,69.9,595.06,1332,580,493,70.52
2010-11-06,2010,11,6,5,310,44,4,1,0,3,Store_C,5,Sports,Accessories,85.44,0,0,85.44,117,96.3,41.33,5.33,2.82,6.39,58.13,536.53,967,538,447,29.32
2023-06-03,2023,6,3,5,154,22,2,1,0,4,Store_D,5,Sports,Footwear,80.74,0,0,80.74,102,83.72,68.2,4.84,2.98,7.21,69.75,558.6,1497,546,471,81.81
2015-12-09,2015,12,9,2,343,50,4,0,0,3,Store_C,4,Food,Packaged,21.64,10,1,19.48,234,16.58,65.33,1.54,2.51,6.72,58.72,787.09,1364,563,207,91.3
2018-07-11,2018,7,11,2,192,28,3,0,0,2,Store_B,3,Home_Goods,Bedding,158.05,0,0,158.05,116,166.18,62.31,2.48,2.64,6.04,61.39,483.96,1060,480,339,34.48
2011-05-11,2011,5,11,2,131,19,2,0,0,2,Store_B,1,Electronics,Laptops,549.18,0,0,549.18,474,623.96,77.68,0.49,2.91,6.29,78.21,589.13,1660,439,337,53.05
2010-07-25,2010,7,25,6,206,29,3,1,0,4,Store_D,3,Home_Goods,Decor,160.9,0,0,160.9,472,145.1,43.41,13.93,2.67,5.62,58.48,410.07,1139,484,373,34.3
2017-04-27,2017,4,27,3,117,17,2,0,0,5,Store_E,4,Food,Snacks,20.55,0,0,20.55,233,20.64,75.96,4.09,2.06,6.28,73.42,577.13,1595,532,255,116.03
2019-03-12,2019,3,12,1,71,11,1,0,0,1,Store_A,3,Home_Goods,Bedding,137.3,0,0,137.3,464,157.2,69.28,1.66,2.08,5.89,69.43,414.32,1335,524,304,60.57
2020-06-27,2020,6,27,5,179,26,2,1,0,4,Store_D,5,Sports,Equipment,83.89,0,0,83.89,374,92.82,58.95,17.72,2.29,6.41,63.76,467.16,1186,550,425,75.86
2010-11-02,2010,11,2,1,306,44,4,0,0,5,Store_E,5,Sports,Apparel,75.29,0,0,75.29,332,79.67,48.28,4.83,2.26,6.0,54.05,468.66,1162,417,354,21.16
2020-05-21,2020,5,21,3,142,21,2,0,0,3,Store_C,4,Food,Packaged,18.15,0,0,18.15,306,20.14,68.21,5.28,2.33,6.28,71.18,583.23,1279,457,257,128.28
2016-01-11,2016,1,11,0,11,2,1,0,0,5,Store_E,5,Sports,Footwear,72.16,0,0,72.16,175,65.97,59.2,4.83,2.23,6.51,67.32,442.91,1250,356,250,62.39
2012-11-27,2012,11,27,1,332,48,4,0,1,3,Store_C,1,Electronics,Laptops,507.84,5,1,482.45,485,540.14,56.74,0.92,2.89,6.52,55.97,778.9,1416,636,544,62.13
2012-04-23,2012,4,23,0,114,17,2,0,0,2,Store_B,3,Home_Goods,Bedding,147.56,10,1,132.8,428,150.25,80.65,3.61,3.37,6.52,73.44,651.49,1530,623,250,68.12
2020-08-08,2020,8,8,5,221,32,3,1,0,5,Store_E,2,Clothing,Women,54.33,0,0,54.33,231,53.36,43.74,5.05,1.92,6.59,56.03,563.63,1108,416,390,76.87
2016-03-01,2016,3,1,1,61,9,1,0,0,1,Store_A,4,Food,Fresh,18.44,0,0,18.44,241,20.76,67.26,2.42,1.7,6.58,72.51,534.62,1333,607,365,104.4
2010-07-31,2010,7,31,5,212,30,3,1,0,5,Store_E,2,Clothing,Women,47.5,0,0,47.5,278,53.22,51.96,4.1,2.42,6.11,62.63,539.34,1060,463,472,54.2
2020-12-11,2020,12,11,4,346,50,4,0,0,5,Store_E,4,Food,Packaged,19.53,0,0,19.53,131,19.35,43.31,20.76,2.6,6.32,64.29,447.31,1104,566,216,81.85
2011-11-11,2011,11,11,4,315,45,4,0,0,4,Store_D,3,Home_Goods,Furniture,135.24,0,0,135.24,357,131.23,48.06,2.86,2.91,6.3,57.6,421.5,1049,505,224,19.95
2011-07-20,2011,7,20,2,201,29,3,0,0,3,Store_C,2,Clothing,Women,50.72,0,0,50.72,233,53.5,52.79,12.06,2.36,6.14,55.69,591.71,1322,542,273,39.15
2019-01-04,2019,1,4,4,4,1,1,0,0,2,Store_B,5,Sports,Accessories,75.31,0,0,75.31,94,85.52,64.27,10.2,1.77,5.69,66.48,530.16,1243,482,268,62.11
2021-12-03,2021,12,3,4,337,48,4,0,0,3,Store_C,3,Home_Goods,Decor,142.55,0,0,142.55,157,158.75,54.65,0.67,2.55,7.25,57.9,473.26,1217,467,295,51.98
2011-11-12,2011,11,12,5,316,45,4,1,0,1,Store_A,5,Sports,Accessories,77.39,0,0,77.39,247,69.28,42.87,2.9,2.7,6.08,58.99,474.75,1124,552,410,44.29
2010-06-30,2010,6,30,2,181,26,2,0,0,3,Store_C,5,Sports,Accessories,84.39,0,0,84.39,294,87.74,60.05,6.3,2.13,5.83,63.3,462.77,1160,465,342,38.36
2021-09-19,2021,9,19,6,262,37,3,1,0,2,Store_B,4,Food,Fresh,19.24,0,0,19.24,428,21.53,40.39,3.33,2.3,6.84,57.53,507.25,1044,444,391,98.06
2016-10-31,2016,10,31,0,305,44,4,0,0,2,Store_B,3,Home_Goods,Bedding,158.8,0,0,158.8,469,137.53,43.54,1.03,2.09,6.26,51.83,465.46,1128,496,349,33.66
2016-05-05,2016,5,5,3,126,18,2,0,0,2,Store_B,2,Clothing,Men,50.31,0,0,50.31,305,49.24,71.51,3.14,2.12,6.39,74.59,576.08,1609,521,354,83.21
2021-09-13,2021,9,13,0,256,37,3,0,0,4,Store_D,1,Electronics,Phones,451.61,0,0,451.61,278,467.62,43.09,1.42,2.62,6.82,53.67,453.76,1023,500,269,55.68
2010-10-06,2010,10,6,2,279,40,4,0,0,5,Store_E,3,Home_Goods,Decor,156.58,0,0,156.58,415,147.64,43.9,1.79,2.84,6.11,52.93,494.83,1104,433,295,14.82
2020-02-01,2020,2,1,5,32,5,1,1,0,2,Store_B,1,Electronics,Phones,501.98,0,0,501.98,364,574.81,75.92,1.99,2.36,6.48,70.0,420.88,1375,553,527,74.17
2023-01-15,2023,1,15,6,15,2,1,1,0,2,Store_B,5,Sports,Equipment,84.58,10,1,76.12,99,70.51,65.73,0.59,3.51,6.85,65.36,705.22,1239,608,465,86.98
2011-03-09,2011,3,9,2,68,10,1,0,0,4,Store_D,5,Sports,Apparel,79.97,0,0,79.97,197,82.1,86.62,1.2,2.7,5.83,78.47,558.78,1390,543,307,65.16
2010-10-17,2010,10,17,6,290,41,4,1,0,5,Store_E,4,Food,Packaged,18.52,15,1,15.74,334,14.45,50.12,3.62,2.63,6.26,53.56,651.14,977,541,521,91.78
2012-10-24,2012,10,24,2,298,43,4,0,0,5,Store_E,3,Home_Goods,Bedding,162.69,0,0,162.69,143,172.4,51.85,9.03,3.07,6.59,52.29,410.42,1052,465,307,10.51
2011-06-20,2011,6,20,0,171,25,2,0,0,1,Store_A,5,Sports,Equipment,80.51,5,1,76.49,160,80.77,60.36,4.19,3.11,6.12,68.49,836.08,1385,610,326,58.21
2019-12-11,2019,12,11,2,345,50,4,0,0,4,Store_D,3,Home_Goods,Bedding,151.15,0,0,151.15,328,147.4,58.6,5.77,2.35,5.88,62.55,596.82,1242,476,392,35.38
2010-07-08,2010,7,8,3,189,27,3,0,0,3,Store_C,4,Food,Snacks,18.27,0,0,18.27,258,18.85,52.11,9.94,2.69,5.97,64.52,547.49,1340,468,312,89.33
2015-12-15,2015,12,15,1,349,51,4,0,0,1,Store_A,5,Sports,Apparel,80.15,0,0,80.15,283,91.53,55.56,16.04,2.26,6.58,60.2,591.1,1298,555,220,55.87
2020-09-20,2020,9,20,6,264,38,3,1,0,1,Store_A,4,Food,Packaged,19.38,0,0,19.38,81,22.12,39.85,0.35,2.68,6.54,56.11,586.85,894,480,368,86.31
2015-02-06,2015,2,6,4,37,6,1,0,0,5,Store_E,5,Sports,Accessories,83.91,0,0,83.91,163,90.92,69.41,1.34,2.42,6.79,70.65,428.34,1214,444,322,58.65
2010-09-28,2010,9,28,1,271,39,3,0,0,3,Store_C,4,Food,Beverages,21.41,5,1,20.34,118,18.39,33.98,6.13,2.42,6.44,56.72,658.95,1192,506,320,77.52
2014-09-25,2014,9,25,3,268,39,3,0,0,5,Store_E,3,Home_Goods,Decor,156.42,0,0,156.42,442,146.83,44.74,1.11,2.73,7.11,53.76,580.65,1068,480,303,38.5
2021-02-27,2021,2,27,5,58,8,1,1,0,2,Store_B,4,Food,Packaged,21.54,0,0,21.54,239,23.48,83.48,6.05,3.58,6.97,76.29,490.14,1502,476,524,129.58
2015-11-28,2015,11,28,5,332,48,4,1,1,3,Store_C,5,Sports,Footwear,87.43,10,1,78.69,439,83.01,41.1,0.71,2.28,7.17,62.48,809.39,1242,554,671,84.72
2020-10-06,2020,10,6,1,280,41,4,0,0,5,Store_E,2,Clothing,Men,45.63,5,1,43.35,188,47.79,37.65,7.77,2.16,6.68,57.37,647.84,1313,580,368,45.72
2010-04-22,2010,4,22,3,112,16,2,0,0,1,Store_A,5,Sports,Accessories,80.72,0,0,80.72,421,81.19,80.35,10.58,2.42,5.93,75.9,490.25,1520,496,290,81.86
2016-07-12,2016,7,12,1,194,28,3,0,0,2,Store_B,1,Electronics,Phones,496.05,0,0,496.05,489,440.11,60.1,0.45,2.28,6.52,56.66,537.2,1268,516,259,48.13
2010-08-09,2010,8,9,0,221,32,3,0,0,4,Store_D,2,Clothing,Accessories,48.24,0,0,48.24,423,44.17,53.06,0.23,2.6,5.83,62.6,495.71,1103,526,284,47.84
2011-09-20,2011,9,20,1,263,38,3,0,0,1,Store_A,3,Home_Goods,Decor,143.09,5,1,135.93,469,143.21,35.41,2.4,2.54,6.27,55.17,828.63,1154,594,291,17.25
2013-03-27,2013,3,27,2,86,13,1,0,0,1,Store_A,3,Home_Goods,Furniture,147.99,0,0,147.99,454,150.9,78.48,16.1,3.39,7.04,72.36,483.81,1582,496,271,52.01
2019-04-05,2019,4,5,4,95,14,2,0,0,5,Store_E,4,Food,Snacks,20.74,0,0,20.74,97,20.78,83.1,1.58,2.04,6.02,75.17,591.12,1348,551,342,99.88
2016-08-19,2016,8,19,4,232,33,3,0,0,4,Store_D,2,Clothing,Women,47.02,0,0,47.02,240,46.33,45.08,3.97,2.07,6.46,59.53,514.12,1172,572,284,50.64
2012-03-01,2012,3,1,3,61,9,1,0,0,1,Store_A,1,Electronics,Phones,515.59,0,0,515.59,181,455.79,69.99,4.0,2.29,6.35,71.79,505.36,1188,573,304,62.24
2021-09-15,2021,9,15,2,258,37,3,0,0,3,Store_C,2,Clothing,Men,49.85,0,0,49.85,222,46.61,36.58,7.12,2.94,6.7,56.77,532.13,1002,484,362,64.4
2011-04-07,2011,4,7,3,97,14,2,0,0,1,Store_A,4,Food,Beverages,19.07,0,0,19.07,198,17.75,85.84,1.74,2.41,6.04,73.63,462.54,1394,515,333,104.08
2022-01-20,2022,1,20,3,20,3,1,0,0,5,Store_E,4,Food,Beverages,19.32,0,0,19.32,282,17.5,61.2,7.15,3.23,7.5,66.7,520.2,1367,452,225,118.71
2011-07-06,2011,7,6,2,187,27,3,0,0,1,Store_A,2,Clothing,Women,54.06,0,0,54.06,343,54.1,61.04,1.72,2.54,5.96,61.85,575.02,1305,546,401,55.02
2018-07-27,2018,7,27,4,208,30,3,0,0,2,Store_B,5,Sports,Footwear,74.58,0,0,74.58,386,67.34,53.68,11.2,1.95,6.25,63.67,524.25,1113,559,398,54.9
2013-12-15,2013,12,15,6,349,50,4,1,0,5,Store_E,1,Electronics,Phones,463.09,0,0,463.09,405,497.45,51.95,2.82,2.77,7.03,57.0,467.57,1280,485,460,56.62
2010-07-18,2010,7,18,6,199,28,3,1,0,1,Store_A,5,Sports,Apparel,86.64,0,0,86.64,204,78.15,60.5,2.49,2.35,5.89,63.27,554.55,1296,444,487,45.27
2017-02-02,2017,2,2,3,33,5,1,0,0,5,Store_E,1,Electronics,Tablets,454.61,0,0,454.61,440,506.55,68.06,1.12,2.2,5.87,69.82,437.49,1132,566,273,56.39
2011-02-07,2011,2,7,0,38,6,1,0,0,1,Store_A,1,Electronics,Phones,535.39,10,1,481.85,126,474.15,67.7,2.89,2.68,5.63,70.79,803.6,1574,595,362,63.03
2020-11-03,2020,11,3,1,308,45,4,0,0,3,Store_C,4,Food,Packaged,21.31,0,0,21.31,412,18.77,44.69,2.83,2.62,6.28,53.73,551.91,1225,468,307,91.58
2021-06-21,2021,6,21,0,172,25,2,0,0,1,Store_A,1,Electronics,Accessories,516.39,0,0,516.39,342,440.89,61.69,0.68,3.36,6.96,64.76,589.06,1297,442,341,48.09
2023-01-16,2023,1,16,0,16,3,1,0,0,1,Store_A,5,Sports,Apparel,77.39,20,1,61.91,139,55.28,61.36,4.05,2.58,6.66,64.18,764.43,1571,588,259,90.09
2015-09-27,2015,9,27,6,270,39,3,1,0,2,Store_B,4,Food,Beverages,21.02,0,0,21.02,104,21.92,51.08,4.61,2.42,7.17,49.07,540.65,1021,542,451,82.93
2017-12-10,2017,12,10,6,344,49,4,1,0,2,Store_B,1,Electronics,Tablets,538.75,0,0,538.75,203,618.84,60.53,5.2,2.4,6.13,61.83,411.83,1250,399,499,41.77
2022-03-21,2022,3,21,0,80,12,1,0,0,3,Store_C,4,Food,Fresh,20.41,0,0,20.41,293,22.13,74.27,2.35,2.34,6.98,72.29,533.09,1483,516,224,122.71
2011-10-13,2011,10,13,3,286,41,4,0,0,5,Store_E,1,Electronics,Tablets,537.3,0,0,537.3,272,513.16,39.59,5.81,2.5,6.3,53.83,487.52,1107,515,264,10.79
2011-12-10,2011,12,10,5,344,49,4,1,0,4,Store_D,1,Electronics,Phones,536.8,0,0,536.8,54,593.02,50.82,0.38,3.11,6.49,67.43,570.0,1214,508,396,33.16
2014-01-20,2014,1,20,0,20,4,1,0,0,2,Store_B,5,Sports,Accessories,80.3,0,0,80.3,396,77.92,64.69,4.83,2.8,7.44,68.46,513.96,1343,379,321,73.09
2022-02-01,2022,2,1,1,32,5,1,0,0,1,Store_A,1,Electronics,Phones,453.24,0,0,453.24,333,441.88,72.32,15.82,3.51,6.98,69.27,541.45,1375,444,307,73.93
2018-05-24,2018,5,24,3,144,21,2,0,0,3,Store_C,2,Clothing,Women,47.92,0,0,47.92,96,46.88,81.17,5.25,2.07,5.94,72.19,532.25,1382,445,276,76.21
2016-07-23,2016,7,23,5,205,29,3,1,0,4,Store_D,3,Home_Goods,Bedding,143.38,0,0,143.38,447,148.34,53.4,1.23,2.23,6.48,56.55,401.49,953,556,425,45.05
2014-11-05,2014,11,5,2,309,45,4,0,0,1,Store_A,5,Sports,Equipment,79.99,0,0,79.99,197,85.12,43.22,8.52,2.63,7.26,57.81,550.48,1093,502,345,38.76
2010-11-11,2010,11,11,3,315,45,4,0,0,3,Store_C,1,Electronics,Laptops,513.73,5,1,488.04,104,458.74,45.32,9.79,2.4,5.77,52.6,867.31,1341,643,316,27.58
2020-04-19,2020,4,19,6,110,16,2,1,0,3,Store_C,3,Home_Goods,Kitchen,152.56,0,0,152.56,123,135.97,81.59,1.07,2.72,6.5,73.06,548.34,1437,519,426,65.93
2023-06-11,2023,6,11,6,162,23,2,1,0,4,Store_D,3,Home_Goods,Furniture,164.67,0,0,164.67,110,185.17,70.94,4.32,3.64,6.87,76.5,474.07,1254,516,424,70.06
2010-04-24,2010,4,24,5,114,16,2,1,0,3,Store_C,5,Sports,Footwear,86.35,0,0,86.35,466,88.9,78.02,6.6,2.4,5.89,77.08,559.72,1498,472,397,67.51
2012-08-18,2012,8,18,5,231,33,3,1,0,5,Store_E,1,Electronics,Accessories,468.93,0,0,468.93,247,527.33,41.67,0.46,3.31,6.22,59.62,506.23,1115,532,441,42.35
2017-12-20,2017,12,20,2,354,51,4,0,0,2,Store_B,3,Home_Goods,Furniture,140.48,0,0,140.48,143,154.01,55.48,2.62,2.25,6.23,63.92,433.47,1110,450,194,40.07
2019-04-29,2019,4,29,0,119,18,2,0,0,3,Store_C,4,Food,Fresh,20.84,0,0,20.84,122,23.52,80.89,0.96,2.3,5.69,74.05,466.5,1437,490,376,92.3
2014-06-12,2014,6,12,3,163,24,2,0,0,1,Store_A,5,Sports,Apparel,86.09,0,0,86.09,299,91.72,67.7,12.03,2.89,7.18,67.85,524.31,1422,521,325,45.27
2019-02-05,2019,2,5,1,36,6,1,0,0,2,Store_B,3,Home_Goods,Decor,142.48,0,0,142.48,320,147.28,70.36,16.06,2.6,6.08,68.64,446.02,1445,482,396,62.64
2023-09-09,2023,9,9,5,252,36,3,1,0,2,Store_B,2,Clothing,Accessories,46.3,10,1,41.67,292,41.14,47.11,5.74,2.72,7.09,57.86,774.89,1184,556,394,76.78
2014-12-24,2014,12,24,2,358,52,4,0,0,2,Store_B,3,Home_Goods,Bedding,155.5,0,0,155.5,367,149.5,63.29,2.03,2.43,6.65,65.68,556.75,1290,403,240,41.62
2018-09-30,2018,9,30,6,273,39,3,1,0,3,Store_C,5,Sports,Equipment,87.73,0,0,87.73,209,90.69,30.82,11.54,2.22,5.77,53.47,487.22,1077,486,471,50.23
2018-03-27,2018,3,27,1,86,13,1,0,0,5,Store_E,5,Sports,Accessories,74.79,0,0,74.79,218,69.01,76.4,1.56,2.55,6.0,69.79,586.3,1574,561,309,78.55
2019-05-08,2019,5,8,2,128,19,2,0,0,4,Store_D,1,Electronics,Phones,517.43,0,0,517.43,71,470.04,79.09,2.11,3.27,5.94,77.9,444.05,1347,563,279,59.92
2022-05-26,2022,5,26,3,146,21,2,0,0,1,Store_A,2,Clothing,Men,48.75,0,0,48.75,350,51.02,81.64,2.73,2.95,7.43,67.61,595.81,1391,510,305,83.51
2015-03-13,2015,3,13,4,72,11,1,0,0,1,Store_A,2,Clothing,Women,53.66,20,1,42.93,304,45.5,77.11,0.73,2.58,6.97,70.9,754.85,1428,610,278,99.62
2015-04-03,2015,4,3,4,93,14,2,0,0,3,Store_C,2,Clothing,Men,48.27,0,0,48.27,336,49.3,89.5,2.97,2.46,7.05,74.81,442.18,1451,427,238,89.94
2013-06-24,2013,6,24,0,175,26,2,0,0,1,Store_A,4,Food,Beverages,18.12,0,0,18.12,226,19.24,63.61,12.04,2.68,6.78,70.28,591.01,1245,429,259,98.44
2021-06-08,2021,6,8,1,159,23,2,0,0,1,Store_A,2,Clothing,Men,48.34,0,0,48.34,121,44.81,63.91,2.33,2.66,7.04,70.33,472.03,1470,468,357,79.93
2023-08-03,2023,8,3,3,215,31,3,0,0,4,Store_D,1,Electronics,Phones,473.04,0,0,473.04,184,459.04,59.25,3.74,3.05,6.78,62.96,538.36,1261,374,241,42.75
2023-05-16,2023,5,16,1,136,20,2,0,0,2,Store_B,4,Food,Packaged,20.1,0,0,20.1,235,18.96,74.04,0.48,2.88,6.98,72.94,548.14,1421,426,344,126.09
2021-03-18,2021,3,18,3,77,11,1,0,0,4,Store_D,3,Home_Goods,Bedding,150.86,10,1,135.77,353,145.04,82.21,0.27,3.16,7.1,77.09,639.25,1470,718,229,77.47
2018-08-26,2018,8,26,6,238,34,3,1,0,4,Store_D,2,Clothing,Women,52.48,0,0,52.48,280,56.99,38.55,1.07,1.91,6.08,56.34,421.05,1160,434,459,63.62
2014-12-19,2014,12,19,4,353,51,4,0,0,1,Store_A,1,Electronics,Accessories,484.22,0,0,484.22,292,499.73,48.35,1.55,2.8,7.31,66.12,433.2,1193,502,299,31.74
2016-08-23,2016,8,23,1,236,34,3,0,0,4,Store_D,5,Sports,Apparel,78.84,0,0,78.84,141,85.31,39.4,4.25,2.95,6.24,57.35,509.11,1166,487,356,40.4
2020-10-25,2020,10,25,6,299,43,4,1,0,1,Store_A,5,Sports,Apparel,80.08,0,0,80.08,374,90.08,41.35,3.64,2.84,6.51,54.12,424.62,1111,468,532,56.52
2022-02-15,2022,2,15,1,46,7,1,0,0,4,Store_D,5,Sports,Equipment,80.02,0,0,80.02,60,89.71,71.72,15.88,2.98,6.62,73.77,453.65,1264,466,267,59.05
2015-11-13,2015,11,13,4,317,46,4,0,0,3,Store_C,5,Sports,Apparel,77.66,0,0,77.66,355,87.64,47.09,2.76,2.38,6.78,53.94,444.31,1036,473,345,41.59
2014-06-15,2014,6,15,6,166,24,2,1,0,5,Store_E,2,Clothing,Kids,51.48,0,0,51.48,252,50.56,68.63,0.75,2.78,7.4,65.74,486.6,1200,449,414,66.54
2012-02-29,2012,2,29,2,60,9,1,0,0,1,Store_A,5,Sports,Accessories,85.64,0,0,85.64,283,75.57,89.24,0.56,3.43,6.52,75.06,430.21,1486,468,231,56.87
2020-05-14,2020,5,14,3,135,20,2,0,0,5,Store_E,3,Home_Goods,Bedding,159.49,0,0,159.49,379,167.08,69.56,3.34,2.79,6.42,71.96,521.9,1565,505,251,69.33
2015-02-08,2015,2,8,6,39,6,1,1,0,1,Store_A,1,Electronics,Laptops,524.44,0,0,524.44,365,466.17,78.68,4.35,2.4,6.8,69.27,595.96,1244,518,437,71.24
2017-11-05,2017,11,5,6,309,44,4,1,0,3,Store_C,1,Electronics,Tablets,465.13,0,0,465.13,337,526.42,40.14,0.92,2.18,6.05,56.2,508.51,1061,552,423,37.06
2012-05-21,2012,5,21,0,142,21,2,0,0,3,Store_C,2,Clothing,Women,51.04,0,0,51.04,54,55.4,72.68,0.93,3.01,6.41,73.98,519.64,1241,417,259,75.35
2018-12-16,2018,12,16,6,350,50,4,1,0,1,Store_A,1,Electronics,Laptops,508.12,0,0,508.12,497,437.49,52.09,1.99,1.87,6.04,62.85,402.53,1118,518,366,49.5
2020-06-30,2020,6,30,1,182,27,2,0,0,3,Store_C,2,Clothing,Kids,54.77,0,0,54.77,143,51.18,66.63,3.67,2.58,6.47,64.15,500.57,1337,536,281,74.0
2010-03-15,2010,3,15,0,74,11,1,0,0,5,Store_E,1,Electronics,Accessories,509.3,0,0,509.3,428,480.59,84.36,0.05,2.41,6.34,79.18,479.33,1354,461,292,59.18
2014-10-19,2014,10,19,6,292,42,4,1,0,1,Store_A,3,Home_Goods,Furniture,143.56,0,0,143.56,55,151.1,50.74,1.95,2.86,7.09,52.75,449.04,975,347,573,23.11
2013-11-22,2013,11,22,4,326,47,4,0,1,4,Store_D,5,Sports,Equipment,79.63,0,0,79.63,296,77.06,50.09,0.73,2.96,6.7,62.28,458.07,1019,435,433,59.14
2021-07-23,2021,7,23,4,204,29,3,0,0,5,Store_E,3,Home_Goods,Furniture,152.85,0,0,152.85,440,167.7,36.94,1.82,3.15,7.07,57.06,511.78,1337,508,336,39.61
2022-11-07,2022,11,7,0,311,45,4,0,0,3,Store_C,2,Clothing,Kids,48.69,0,0,48.69,430,53.88,40.9,8.84,2.71,7.27,53.07,516.82,1191,526,335,65.3
2021-12-18,2021,12,18,5,352,50,4,1,0,5,Store_E,3,Home_Goods,Bedding,148.99,0,0,148.99,248,164.58,52.0,4.49,2.49,6.62,58.71,400.78,1153,571,481,48.74
2022-07-12,2022,7,12,1,193,28,3,0,0,2,Store_B,4,Food,Beverages,21.64,0,0,21.64,386,19.18,53.46,0.23,2.99,6.93,61.78,599.93,1228,470,357,118.18
2020-06-06,2020,6,6,5,158,23,2,1,0,2,Store_B,4,Food,Snacks,21.55,0,0,21.55,194,21.4,57.17,1.18,2.71,6.57,68.11,443.31,1398,405,554,119.39
2016-02-23,2016,2,23,1,54,8,1,0,0,3,Store_C,3,Home_Goods,Decor,143.21,0,0,143.21,241,144.27,83.56,0.26,2.41,6.33,69.02,578.45,1422,522,164,49.55
2018-05-06,2018,5,6,6,126,18,2,1,0,1,Store_A,1,Electronics,Accessories,548.99,0,0,548.99,211,595.39,77.89,6.04,1.82,6.12,68.23,574.47,1530,422,491,83.14
2016-09-11,2016,9,11,6,255,36,3,1,0,4,Store_D,3,Home_Goods,Bedding,156.23,0,0,156.23,474,135.21,43.95,4.81,2.27,6.68,57.53,444.45,859,536,412,34.46
2011-05-10,2011,5,10,1,130,19,2,0,0,1,Store_A,5,Sports,Equipment,76.25,0,0,76.25,73,65.55,74.77,1.11,2.69,6.29,70.97,512.63,1412,496,253,47.89
2018-07-28,2018,7,28,5,209,30,3,1,0,1,Store_A,5,Sports,Accessories,86.92,0,0,86.92,376,99.61,53.29,4.66,2.42,6.17,57.91,596.57,1243,454,509,61.86
2021-10-31,2021,10,31,6,304,43,4,1,0,4,Store_D,1,Electronics,Laptops,514.95,0,0,514.95,191,459.51,46.88,13.47,2.77,7.16,57.12,400.64,1199,511,484,47.53
2022-01-15,2022,1,15,5,15,2,1,1,0,5,Store_E,4,Food,Beverages,19.66,0,0,19.66,358,17.13,66.88,0.69,2.81,7.38,67.58,542.55,1486,461,463,140.73
2013-03-10,2013,3,10,6,69,10,1,1,0,2,Store_B,3,Home_Goods,Decor,145.9,0,0,145.9,469,157.33,78.12,3.01,2.53,6.72,78.91,406.59,1362,412,478,55.56
2020-03-23,2020,3,23,0,83,13,1,0,0,4,Store_D,5,Sports,Equipment,72.64,10,1,65.38,402,56.29,74.5,4.17,2.4,6.28,73.04,899.58,1770,530,317,89.12
2014-09-27,2014,9,27,5,270,39,3,1,0,1,Store_A,3,Home_Goods,Decor,137.71,0,0,137.71,241,129.36,31.05,12.61,2.34,6.74,48.72,450.47,1129,557,434,13.37
2023-03-06,2023,3,6,0,65,10,1,0,0,3,Store_C,4,Food,Snacks,21.75,0,0,21.75,486,19.09,74.42,12.8,2.94,6.9,73.14,543.15,1453,524,319,114.55
2016-07-30,2016,7,30,5,212,30,3,1,0,3,Store_C,5,Sports,Accessories,85.13,0,0,85.13,124,89.44,43.6,4.83,1.98,6.79,57.02,553.76,1234,562,437,53.37
2019-04-27,2019,4,27,5,117,17,2,1,0,4,Store_D,5,Sports,Apparel,82.49,0,0,82.49,374,74.49,75.31,2.96,2.04,6.28,71.32,467.13,1524,456,412,96.37
2011-09-11,2011,9,11,6,254,36,3,1,0,2,Store_B,5,Sports,Footwear,74.28,0,0,74.28,241,77.11,47.4,0.16,2.44,6.23,53.21,442.47,1207,471,470,25.76
2014-08-25,2014,8,25,0,237,35,3,0,0,3,Store_C,2,Clothing,Men,45.61,25,1,34.21,54,31.38,43.72,1.15,2.65,6.65,55.83,781.11,1231,611,332,70.76
2019-11-03,2019,11,3,6,307,44,4,1,0,1,Store_A,2,Clothing,Kids,53.82,0,0,53.82,95,61.45,49.12,0.23,2.3,6.15,56.26,565.36,1269,572,402,66.69
2015-05-12,2015,5,12,1,132,20,2,0,0,2,Store_B,2,Clothing,Accessories,53.48,0,0,53.48,77,46.72,69.04,9.68,2.41,6.94,77.29,497.8,1384,416,360,76.72
2013-05-06,2013,5,6,0,126,19,2,0,0,1,Store_A,4,Food,Packaged,19.89,0,0,19.89,310,17.84,78.89,17.29,2.89,7.3,73.62,492.49,1398,518,259,103.73
2015-09-05,2015,9,5,5,248,36,3,1,0,1,Store_A,3,Home_Goods,Decor,155.37,0,0,155.37,470,176.71,41.05,5.41,2.28,6.85,58.0,579.18,1116,451,501,33.97
2019-05-04,2019,5,4,5,124,18,2,1,0,4,Store_D,5,Sports,Footwear,79.5,0,0,79.5,325,84.72,76.47,10.49,2.14,6.38,73.53,416.73,1041,486,333,76.15
2012-05-19,2012,5,19,5,140,20,2,1,0,4,Store_D,3,Home_Goods,Furniture,145.46,0,0,145.46,305,157.25,72.59,5.84,3.07,6.54,71.48,420.3,1065,495,507,43.09
2017-06-11,2017,6,11,6,162,23,2,1,0,5,Store_E,2,Clothing,Men,46.16,0,0,46.16,483,47.51,69.39,15.93,2.04,6.58,67.47,561.85,1473,487,447,80.17
2012-11-08,2012,11,8,3,313,45,4,0,0,4,Store_D,4,Food,Snacks,18.89,0,0,18.89,364,17.15,40.81,4.88,2.54,6.09,53.74,512.95,1081,494,286,72.43
2013-09-23,2013,9,23,0,266,39,3,0,0,4,Store_D,5,Sports,Apparel,85.25,0,0,85.25,382,75.03,30.55,1.25,3.16,7.26,53.85,477.0,1103,540,347,20.24
2010-12-23,2010,12,23,3,357,51,4,0,0,1,Store_A,5,Sports,Apparel,76.0,0,0,76.0,383,71.48,62.4,6.91,2.4,5.88,62.58,450.4,1212,538,419,45.8
2013-03-08,2013,3,8,4,67,10,1,0,0,3,Store_C,2,Clothing,Women,53.4,0,0,53.4,365,48.35,78.91,6.15,3.34,7.0,71.31,582.85,1385,461,285,73.22
2017-07-28,2017,7,28,4,209,30,3,0,0,1,Store_A,5,Sports,Apparel,76.3,0,0,76.3,202,73.12,50.29,0.34,1.71,6.13,55.64,503.81,1043,565,224,44.21
2018-11-27,2018,11,27,1,331,48,4,0,1,5,Store_E,2,Clothing,Accessories,49.64,0,0,49.64,370,54.04,50.88,0.54,2.23,5.9,58.04,501.95,1319,508,489,110.14
2013-12-09,2013,12,9,0,343,50,4,0,0,5,Store_E,2,Clothing,Kids,50.42,0,0,50.42,62,45.61,50.28,9.41,3.19,7.23,56.99,557.91,1168,453,348,50.33
2019-11-13,2019,11,13,2,317,46,4,0,0,3,Store_C,2,Clothing,Men,45.3,5,1,43.03,106,48.92,33.52,19.49,2.27,6.19,64.25,672.34,1115,534,336,66.99
2023-07-12,2023,7,12,2,193,28,3,0,0,1,Store_A,4,Food,Beverages,18.41,0,0,18.41,424,16.25,58.17,6.7,2.98,6.82,64.21,476.5,1330,539,248,99.96
2022-07-30,2022,7,30,5,211,30,3,1,0,2,Store_B,2,Clothing,Men,48.21,0,0,48.21,441,55.22,52.76,4.1,3.13,7.19,59.16,469.49,989,528,454,96.4
2019-12-19,2019,12,19,3,353,51,4,0,0,2,Store_B,2,Clothing,Accessories,53.28,0,0,53.28,192,46.18,53.62,4.31,2.05,6.28,59.32,431.52,1108,573,190,61.63
2013-06-07,2013,6,7,4,158,23,2,0,0,5,Store_E,2,Clothing,Accessories,52.97,0,0,52.97,267,53.22,70.34,2.9,2.24,7.18,70.59,554.97,1246,527,265,65.34
2019-03-20,2019,3,20,2,79,12,1,0,0,5,Store_E,4,Food,Snacks,18.68,0,0,18.68,263,16.23,90.37,9.89,1.99,6.14,73.53,541.17,1406,467,351,116.02
2010-11-29,2010,11,29,0,333,48,4,0,0,4,Store_D,3,Home_Goods,Kitchen,141.09,0,0,141.09,64,125.68,48.15,1.79,2.58,5.86,55.71,450.93,863,484,273,17.7
2020-02-12,2020,2,12,2,43,7,1,0,0,4,Store_D,4,Food,Packaged,18.15,0,0,18.15,379,16.56,81.64,2.91,2.13,6.73,78.26,486.59,1407,492,319,104.21
2019-10-09,2019,10,9,2,282,41,4,0,0,4,Store_D,4,Food,Snacks,20.42,0,0,20.42,454,19.12,41.7,6.42,2.22,6.07,52.54,459.74,1063,551,276,93.25
2017-06-21,2017,6,21,2,172,25,2,0,0,5,Store_E,3,Home_Goods,Decor,149.65,0,0,149.65,430,150.27,68.06,3.59,2.49,6.12,71.2,466.63,1296,506,222,54.99
2020-01-16,2020,1,16,3,16,3,1,0,0,2,Store_B,3,Home_Goods,Bedding,149.97,0,0,149.97,272,148.68,62.62,1.76,3.22,6.56,68.83,477.97,1177,532,228,62.87
2014-06-19,2014,6,19,3,170,25,2,0,0,1,Store_A,4,Food,Fresh,20.57,0,0,20.57,51,19.4,73.24,8.43,2.49,7.05,67.35,446.27,1282,571,261,99.28
2013-01-21,2013,1,21,0,21,4,1,0,0,3,Store_C,2,Clothing,Women,50.38,0,0,50.38,289,50.15,72.88,0.52,2.79,6.56,65.9,573.4,1325,509,342,76.49
2015-01-24,2015,1,24,5,24,4,1,1,0,2,Store_B,4,Food,Beverages,18.74,0,0,18.74,474,16.71,66.36,6.8,3.14,6.87,67.79,511.35,1383,545,397,113.02
2019-09-25,2019,9,25,2,268,39,3,0,0,5,Store_E,1,Electronics,Laptops,538.64,0,0,538.64,458,555.31,39.7,3.11,2.17,6.24,55.9,545.82,1047,576,305,22.42
2018-08-20,2018,8,20,0,232,34,3,0,0,5,Store_E,2,Clothing,Accessories,49.04,0,0,49.04,293,52.75,48.67,2.02,1.73,5.92,54.06,420.86,1107,505,291,55.09
2018-12-10,2018,12,10,0,344,50,4,0,0,4,Store_D,4,Food,Beverages,21.02,0,0,21.02,352,18.74,52.97,1.68,2.31,5.59,57.66,403.19,1247,543,237,104.67
2014-07-24,2014,7,24,3,205,30,3,0,0,5,Store_E,3,Home_Goods,Furniture,145.56,0,0,145.56,144,146.73,44.23,3.51,2.49,7.02,60.35,521.2,1102,471,307,22.31
2011-03-22,2011,3,22,1,81,12,1,0,0,1,Store_A,4,Food,Packaged,21.26,0,0,21.26,78,21.83,88.15,3.56,2.84,5.77,70.6,405.29,1362,540,355,98.69
2016-02-24,2016,2,24,2,55,8,1,0,0,3,Store_C,2,Clothing,Accessories,46.45,0,0,46.45,466,51.94,78.53,2.24,2.02,6.39,73.76,457.31,1500,488,271,82.11
2011-03-29,2011,3,29,1,88,13,1,0,0,5,Store_E,5,Sports,Apparel,86.9,0,0,86.9,63,85.72,80.27,2.39,2.31,6.22,74.87,470.05,1325,492,375,54.91
2014-04-01,2014,4,1,1,91,14,2,0,0,1,Store_A,5,Sports,Footwear,84.58,20,1,67.66,377,72.08,77.72,10.65,2.57,6.61,76.33,764.3,1737,637,315,88.15
2022-02-21,2022,2,21,0,52,8,1,0,0,3,Store_C,2,Clothing,Accessories,52.09,0,0,52.09,94,51.26,71.76,3.57,3.2,7.27,69.0,513.41,1316,500,365,80.27
2018-02-02,2018,2,2,4,33,5,1,0,0,3,Store_C,4,Food,Packaged,18.82,0,0,18.82,219,19.6,80.93,19.69,2.3,5.88,73.07,506.7,1371,421,283,108.63
2010-01-15,2010,1,15,4,15,2,1,0,0,1,Store_A,2,Clothing,Kids,53.44,0,0,53.44,223,46.98,65.4,10.49,2.16,6.17,70.75,540.5,1183,453,325,61.65
2019-12-08,2019,12,8,6,342,49,4,1,0,5,Store_E,3,Home_Goods,Kitchen,135.35,0,0,135.35,310,146.5,53.97,6.69,2.71,5.94,59.88,401.82,944,520,470,48.76
2012-08-03,2012,8,3,4,216,31,3,0,0,1,Store_A,1,Electronics,Phones,497.51,0,0,497.51,446,517.3,55.96,3.41,2.74,6.51,58.91,566.09,1099,464,359,37.46
2010-09-05,2010,9,5,6,248,35,3,1,0,5,Store_E,1,Electronics,Tablets,546.56,0,0,546.56,258,494.5,41.56,5.0,2.65,5.84,60.12,429.45,969,449,387,42.52
2022-11-11,2022,11,11,4,315,45,4,0,0,1,Store_A,5,Sports,Apparel,72.42,0,0,72.42,230,72.21,49.99,10.96,2.74,6.88,57.56,454.37,1010,571,322,68.38
2010-12-27,2010,12,27,0,361,52,4,0,0,2,Store_B,5,Sports,Footwear,80.96,0,0,80.96,435,78.24,55.4,0.38,2.79,5.97,66.3,558.54,1353,433,313,52.11
2022-10-01,2022,10,1,5,274,39,4,1,0,3,Store_C,4,Food,Fresh,18.25,15,1,15.52,456,13.69,33.83,0.08,3.22,6.89,55.64,600.68,1051,695,426,122.74
2014-06-03,2014,6,3,1,154,23,2,0,0,1,Store_A,5,Sports,Equipment,76.41,0,0,76.41,484,67.02,69.82,21.31,2.88,7.02,69.59,429.11,1224,496,197,59.55
2016-04-22,2016,4,22,4,113,16,2,0,0,3,Store_C,4,Food,Snacks,19.34,0,0,19.34,66,20.9,83.59,5.92,2.64,6.57,75.45,487.7,1329,522,354,113.16
2021-05-04,2021,5,4,1,124,18,2,0,0,5,Store_E,3,Home_Goods,Bedding,157.3,0,0,157.3,178,136.76,78.7,16.94,3.34,6.8,70.55,450.81,1340,510,224,51.34
2018-09-04,2018,9,4,1,247,36,3,0,0,5,Store_E,4,Food,Fresh,19.15,0,0,19.15,265,21.24,42.93,2.63,1.5,5.98,55.01,475.44,1155,516,242,95.72
2016-10-14,2016,10,14,4,288,41,4,0,0,2,Store_B,2,Clothing,Kids,48.4,0,0,48.4,427,47.18,36.12,4.01,2.3,6.32,52.35,425.14,989,389,219,59.33
2021-07-16,2021,7,16,4,197,28,3,0,0,4,Store_D,1,Electronics,Accessories,523.08,0,0,523.08,184,522.31,58.7,6.22,2.82,6.82,63.4,544.92,1062,538,265,43.72
2021-06-12,2021,6,12,5,163,23,2,1,0,5,Store_E,1,Electronics,Laptops,510.65,0,0,510.65,113,494.99,65.93,2.81,2.99,6.5,69.81,414.71,1260,626,437,83.72
2023-05-17,2023,5,17,2,137,20,2,0,0,5,Store_E,5,Sports,Equipment,73.67,0,0,73.67,269,79.92,82.28,7.68,3.09,6.74,73.11,560.23,1401,460,250,73.25
2018-08-30,2018,8,30,3,242,35,3,0,0,4,Store_D,4,Food,Beverages,21.34,0,0,21.34,370,20.74,40.15,17.06,2.59,6.24,57.74,434.59,1008,470,272,91.75
2011-05-06,2011,5,6,4,126,18,2,0,0,3,Store_C,2,Clothing,Kids,46.35,0,0,46.35,450,50.52,75.08,1.54,1.95,6.33,75.14,447.78,1401,477,198,81.81
2012-05-12,2012,5,12,5,133,19,2,1,0,3,Store_C,4,Food,Packaged,20.48,0,0,20.48,150,18.49,73.5,7.54,2.92,6.52,70.29,449.58,1440,524,501,108.89
2014-10-07,2014,10,7,1,280,41,4,0,0,1,Store_A,2,Clothing,Kids,52.45,0,0,52.45,278,57.3,45.05,1.69,2.93,7.23,60.34,524.48,1010,460,337,34.46
2021-03-23,2021,3,23,1,82,12,1,0,0,3,Store_C,4,Food,Beverages,20.85,0,0,20.85,474,19.75,72.52,8.3,2.7,6.73,75.23,599.34,1591,509,434,126.92
2022-01-03,2022,1,3,0,3,1,1,0,0,2,Store_B,3,Home_Goods,Kitchen,164.33,0,0,164.33,301,183.14,64.33,0.34,3.44,7.18,62.49,480.24,1180,484,323,62.98
2016-09-13,2016,9,13,1,257,37,3,0,0,1,Store_A,1,Electronics,Phones,499.92,0,0,499.92,205,428.31,47.74,3.18,2.08,6.57,58.02,553.22,1145,548,341,38.44
2021-08-01,2021,8,1,6,213,30,3,1,0,4,Store_D,2,Clothing,Accessories,46.32,0,0,46.32,361,41.91,55.77,9.17,2.82,6.9,59.53,598.77,1216,470,364,77.64
2011-05-22,2011,5,22,6,142,20,2,1,0,2,Store_B,4,Food,Beverages,21.65,0,0,21.65,187,20.61,73.51,6.36,2.58,6.2,69.16,457.27,1380,578,453,95.56
2017-05-01,2017,5,1,0,121,18,2,0,0,3,Store_C,1,Electronics,Phones,465.61,0,0,465.61,216,445.97,68.75,30.4,2.19,6.02,73.51,435.22,1636,579,302,61.53
2018-03-15,2018,3,15,3,74,11,1,0,0,4,Store_D,3,Home_Goods,Bedding,148.39,0,0,148.39,191,155.89,81.82,2.21,1.6,6.17,71.36,593.05,1674,478,383,61.73
2015-04-27,2015,4,27,0,117,18,2,0,0,5,Store_E,2,Clothing,Men,47.61,0,0,47.61,400,42.06,78.08,7.3,2.31,6.8,71.15,411.09,1503,431,321,70.54
2013-05-07,2013,5,7,1,127,19,2,0,0,2,Store_B,1,Electronics,Accessories,520.05,0,0,520.05,241,443.12,76.45,2.86,2.89,6.41,69.93,583.55,1551,481,299,60.71
2013-01-18,2013,1,18,4,18,3,1,0,0,3,Store_C,1,Electronics,Laptops,548.26,0,0,548.26,270,467.83,67.8,0.1,3.09,7.03,68.33,436.28,1144,441,280,43.83
2015-03-21,2015,3,21,5,80,12,1,1,0,4,Store_D,4,Food,Beverages,20.38,0,0,20.38,75,23.34,80.58,5.53,2.13,6.82,78.76,586.76,1323,493,536,123.41
2019-05-17,2019,5,17,4,137,20,2,0,0,5,Store_E,3,Home_Goods,Decor,138.81,0,0,138.81,108,138.13,75.62,3.05,2.3,6.04,73.67,474.78,1384,519,273,65.78
2015-02-21,2015,2,21,5,52,8,1,1,0,3,Store_C,2,Clothing,Women,52.44,0,0,52.44,65,49.18,79.68,0.99,2.29,7.26,71.56,592.96,1549,542,477,85.26
2022-10-17,2022,10,17,0,290,42,4,0,0,2,Store_B,5,Sports,Apparel,77.37,0,0,77.37,418,73.77,39.99,1.24,3.19,7.13,52.32,473.63,1122,447,357,48.73
2011-03-10,2011,3,10,3,69,10,1,0,0,1,Store_A,1,Electronics,Accessories,544.22,0,0,544.22,82,479.03,77.83,16.13,2.74,6.34,76.15,479.53,1308,463,438,38.23
2016-06-22,2016,6,22,2,174,25,2,0,0,4,Store_D,2,Clothing,Kids,53.84,0,0,53.84,433,54.72,66.31,1.4,2.2,6.64,64.08,440.77,1236,459,356,75.37
2018-08-21,2018,8,21,1,233,34,3,0,0,4,Store_D,1,Electronics,Laptops,485.01,0,0,485.01,50,460.1,42.53,6.03,2.4,5.94,54.11,510.38,1048,420,268,37.58
2017-10-06,2017,10,6,4,279,40,4,0,0,3,Store_C,4,Food,Snacks,20.77,0,0,20.77,396,23.35,38.01,4.39,2.45,6.61,58.58,572.02,1148,449,294,77.53
2015-09-24,2015,9,24,3,267,39,3,0,0,1,Store_A,1,Electronics,Phones,464.05,10,1,417.65,70,427.63,38.77,6.32,2.49,6.81,53.78,888.51,1198,556,290,44.77
2018-03-30,2018,3,30,4,89,13,1,0,0,4,Store_D,3,Home_Goods,Furniture,147.47,0,0,147.47,340,126.44,80.31,0.1,2.23,5.92,75.59,544.23,1380,479,330,68.85
2018-08-29,2018,8,29,2,241,35,3,0,0,2,Store_B,2,Clothing,Kids,53.79,0,0,53.79,122,52.47,41.75,10.33,1.91,5.67,57.96,588.72,1062,562,325,65.68
2018-01-24,2018,1,24,2,24,4,1,0,0,4,Store_D,2,Clothing,Kids,53.78,0,0,53.78,342,46.96,70.44,1.8,1.86,6.05,67.6,560.48,1440,507,308,87.6
2020-09-21,2020,9,21,0,265,39,3,0,0,2,Store_B,3,Home_Goods,Furniture,146.94,20,1,117.55,404,109.82,42.49,9.13,2.33,6.68,48.31,724.24,1253,570,295,70.07
2017-12-26,2017,12,26,1,360,52,4,0,0,3,Store_C,4,Food,Beverages,21.24,0,0,21.24,270,23.96,56.09,2.77,1.75,5.95,65.96,401.97,1168,404,354,94.94
2013-01-07,2013,1,7,0,7,2,1,0,0,5,Store_E,3,Home_Goods,Furniture,148.76,0,0,148.76,431,159.89,59.63,16.72,3.03,6.87,65.2,555.27,1221,637,303,36.44
2013-12-19,2013,12,19,3,353,51,4,0,0,4,Store_D,1,Electronics,Tablets,538.09,0,0,538.09,358,552.46,60.48,1.23,3.24,7.23,63.58,520.46,1278,492,324,39.56
2014-09-17,2014,9,17,2,260,38,3,0,0,3,Store_C,3,Home_Goods,Kitchen,136.0,15,1,115.6,335,99.58,45.77,0.13,2.87,6.96,51.12,799.77,1339,603,295,38.02
2022-05-16,2022,5,16,0,136,20,2,0,0,4,Store_D,3,Home_Goods,Furniture,155.16,0,0,155.16,351,161.51,72.11,1.73,3.27,6.99,67.1,486.4,1172,559,397,58.92
2020-07-09,2020,7,9,3,191,28,3,0,0,4,Store_D,3,Home_Goods,Bedding,164.34,0,0,164.34,281,159.47,50.73,3.18,2.52,6.23,62.68,566.6,1076,468,295,55.06
2010-06-06,2010,6,6,6,157,22,2,1,0,4,Store_D,3,Home_Goods,Bedding,135.04,0,0,135.04,381,123.87,74.59,9.43,2.75,5.65,67.22,465.06,1403,528,426,39.25
2018-02-26,2018,2,26,0,57,9,1,0,0,5,Store_E,3,Home_Goods,Furniture,158.25,0,0,158.25,149,175.19,83.63,10.99,2.39,5.84,68.1,597.0,1416,535,273,64.19
2014-11-09,2014,11,9,6,313,45,4,1,0,1,Store_A,1,Electronics,Accessories,538.71,0,0,538.71,67,557.28,40.84,2.92,2.37,6.93,59.9,527.03,1038,460,511,40.97
2011-09-08,2011,9,8,3,251,36,3,0,0,1,Store_A,4,Food,Packaged,18.48,0,0,18.48,73,20.27,38.46,5.75,2.87,6.51,60.35,458.17,1132,460,281,54.18
2011-10-06,2011,10,6,3,279,40,4,0,0,4,Store_D,1,Electronics,Phones,525.18,5,1,498.92,496,479.89,38.89,2.57,3.15,6.26,58.23,645.41,1140,554,230,18.07
2015-04-20,2015,4,20,0,110,17,2,0,0,4,Store_D,2,Clothing,Accessories,49.58,0,0,49.58,319,55.7,70.46,0.54,2.53,6.87,70.82,461.57,1414,471,323,81.66
2021-09-17,2021,9,17,4,260,37,3,0,0,1,Store_A,1,Electronics,Accessories,524.86,0,0,524.86,479,546.73,35.64,10.54,2.68,7.05,54.95,420.51,926,549,314,49.78
2012-12-04,2012,12,4,1,339,49,4,0,0,3,Store_C,3,Home_Goods,Furniture,156.29,0,0,156.29,369,145.68,51.44,2.88,2.7,6.42,59.45,525.22,1118,492,291,34.73
2022-03-13,2022,3,13,6,72,10,1,1,0,5,Store_E,1,Electronics,Accessories,508.07,0,0,508.07,260,484.07,74.79,11.5,3.1,6.83,70.17,436.63,1358,498,458,76.83
2021-05-17,2021,5,17,0,137,20,2,0,0,4,Store_D,1,Electronics,Accessories,524.28,0,0,524.28,214,550.79,70.11,7.5,2.82,7.19,74.95,400.58,1365,477,248,69.94
2021-08-10,2021,8,10,1,222,32,3,0,0,4,Store_D,5,Sports,Accessories,77.13,0,0,77.13,386,69.22,52.88,12.46,2.92,7.14,59.57,490.95,1419,468,360,63.38
2023-05-01,2023,5,1,0,121,18,2,0,0,2,Store_B,3,Home_Goods,Furniture,155.43,0,0,155.43,336,168.34,78.31,8.2,3.43,6.5,67.0,475.51,1491,583,239,66.97
2010-11-27,2010,11,27,5,331,47,4,1,1,2,Store_B,3,Home_Goods,Decor,138.41,0,0,138.41,496,152.41,50.37,6.5,2.8,6.04,56.63,533.39,1184,488,619,57.86
2015-08-20,2015,8,20,3,232,34,3,0,0,4,Store_D,1,Electronics,Laptops,478.87,0,0,478.87,331,432.15,44.37,3.25,1.57,6.91,61.46,577.69,984,503,294,27.45
2017-03-31,2017,3,31,4,90,13,1,0,0,1,Store_A,5,Sports,Apparel,73.08,0,0,73.08,396,73.43,87.29,2.01,2.02,6.33,74.69,543.49,1512,497,247,63.43
2016-01-01,2016,1,1,4,1,53,1,0,1,5,Store_E,3,Home_Goods,Kitchen,144.67,20,1,115.73,428,129.51,59.71,1.06,2.51,6.34,68.59,676.0,1336,537,504,94.26
2011-09-15,2011,9,15,3,258,37,3,0,0,4,Store_D,2,Clothing,Kids,50.94,0,0,50.94,75,50.21,31.38,4.74,2.69,6.19,58.59,542.41,1065,560,307,49.93
2014-05-15,2014,5,15,3,135,20,2,0,0,1,Store_A,2,Clothing,Men,54.14,0,0,54.14,135,56.82,69.64,3.47,2.64,7.3,71.51,416.9,1330,508,303,58.11
2017-12-25,2017,12,25,0,359,52,4,0,1,5,Store_E,2,Clothing,Kids,48.57,0,0,48.57,200,50.84,62.89,0.14,1.54,6.49,62.97,407.24,1331,586,514,82.95
2023-03-15,2023,3,15,2,74,11,1,0,0,1,Store_A,3,Home_Goods,Furniture,154.18,0,0,154.18,169,175.24,75.35,8.19,2.66,6.73,75.67,582.1,1557,462,277,85.54
2020-09-03,2020,9,3,3,247,36,3,0,0,3,Store_C,1,Electronics,Laptops,462.94,0,0,462.94,441,514.43,40.14,3.46,2.93,6.22,56.44,499.63,1088,534,361,57.23
2015-04-04,2015,4,4,5,94,14,2,1,0,3,Store_C,1,Electronics,Laptops,543.75,0,0,543.75,79,592.98,78.61,8.34,2.34,6.66,73.3,479.17,1430,447,395,76.58
2021-06-05,2021,6,5,5,156,22,2,1,0,2,Store_B,4,Food,Beverages,21.24,0,0,21.24,442,18.58,69.6,4.72,2.46,6.6,61.69,509.2,1396,526,462,119.62
2022-04-05,2022,4,5,1,95,14,2,0,0,2,Store_B,5,Sports,Accessories,86.16,15,1,73.23,83,81.68,92.53,0.63,2.61,7.31,77.68,688.42,1531,608,315,93.43
2012-01-26,2012,1,26,3,26,4,1,0,0,4,Store_D,1,Electronics,Accessories,464.68,0,0,464.68,139,421.03,76.8,1.65,2.89,6.51,68.18,591.32,1246,407,324,57.11
2011-06-03,2011,6,3,4,154,22,2,0,0,5,Store_E,4,Food,Beverages,18.42,0,0,18.42,386,19.56,65.31,12.72,2.64,5.82,68.0,494.18,1321,536,367,98.47
2020-05-31,2020,5,31,6,152,22,2,1,0,2,Store_B,2,Clothing,Women,53.15,0,0,53.15,345,58.92,65.14,9.03,2.28,6.27,74.96,481.95,1319,511,457,97.36
2010-02-02,2010,2,2,1,33,5,1,0,0,1,Store_A,3,Home_Goods,Bedding,149.22,0,0,149.22,483,153.78,73.84,2.12,2.34,5.95,70.15,509.74,1147,525,239,32.72
2018-01-16,2018,1,16,1,16,3,1,0,0,1,Store_A,3,Home_Goods,Bedding,147.6,10,1,132.84,220,146.32,69.04,3.1,2.02,5.99,67.9,784.93,1444,657,370,62.17
2013-03-03,2013,3,3,6,62,9,1,1,0,2,Store_B,3,Home_Goods,Furniture,164.4,0,0,164.4,341,176.15,81.02,30.75,3.19,7.07,73.36,444.17,1339,526,471,69.01
2012-01-15,2012,1,15,6,15,2,1,1,0,3,Store_C,5,Sports,Equipment,75.22,0,0,75.22,284,79.1,65.0,3.14,3.17,6.35,68.43,450.7,1300,529,504,63.81
2014-02-06,2014,2,6,3,37,6,1,0,0,5,Store_E,2,Clothing,Men,45.69,0,0,45.69,142,41.16,78.77,8.38,2.4,6.78,68.02,555.95,1513,478,242,80.87
2019-06-22,2019,6,22,5,173,25,2,1,0,1,Store_A,2,Clothing,Kids,52.14,0,0,52.14,398,49.85,66.23,6.22,2.28,6.17,65.41,509.08,1586,498,544,84.38
2020-04-13,2020,4,13,0,104,16,2,0,0,4,Store_D,1,Electronics,Phones,516.85,0,0,516.85,127,491.84,82.41,1.51,2.49,6.69,77.22,438.12,1498,565,310,50.27
2017-02-04,2017,2,4,5,35,5,1,1,0,3,Store_C,1,Electronics,Phones,547.48,0,0,547.48,81,550.69,74.99,1.35,1.92,6.19,67.46,461.18,1476,493,554,84.11
2012-02-23,2012,2,23,3,54,8,1,0,0,5,Store_E,5,Sports,Equipment,81.4,0,0,81.4,382,90.89,82.61,2.02,2.1,6.68,69.18,423.97,1401,519,329,48.43
2019-07-26,2019,7,26,4,207,30,3,0,0,2,Store_B,1,Electronics,Phones,525.61,0,0,525.61,58,584.65,42.24,17.69,2.08,6.06,62.11,543.58,1113,498,315,44.9
2018-01-28,2018,1,28,6,28,4,1,1,0,4,Store_D,5,Sports,Equipment,73.4,0,0,73.4,214,65.09,60.87,10.42,1.82,6.54,70.39,447.06,1312,573,429,73.26
2010-08-18,2010,8,18,2,230,33,3,0,0,5,Store_E,3,Home_Goods,Furniture,150.18,0,0,150.18,335,150.15,46.95,0.0,2.49,6.3,62.15,491.49,1002,387,379,14.19
2012-05-07,2012,5,7,0,128,19,2,0,0,3,Store_C,3,Home_Goods,Decor,161.52,20,1,129.21,157,136.99,75.6,9.01,3.32,6.43,72.02,797.24,1598,709,356,59.55
2016-03-16,2016,3,16,2,76,11,1,0,0,3,Store_C,5,Sports,Footwear,83.04,0,0,83.04,309,81.58,81.36,1.83,1.95,6.61,78.01,462.1,1476,491,294,70.17
2021-09-14,2021,9,14,1,257,37,3,0,0,1,Store_A,5,Sports,Footwear,72.68,0,0,72.68,145,68.5,41.51,4.63,2.64,6.63,56.28,588.91,1345,574,373,65.52
2011-02-13,2011,2,13,6,44,6,1,1,0,1,Store_A,1,Electronics,Tablets,503.46,0,0,503.46,57,461.48,75.69,2.94,3.14,6.17,72.29,474.86,1451,456,404,48.61
2010-06-20,2010,6,20,6,171,24,2,1,0,4,Store_D,5,Sports,Footwear,79.86,0,0,79.86,256,74.61,67.62,0.59,2.45,6.3,67.22,588.51,1419,547,439,63.28
2011-06-25,2011,6,25,5,176,25,2,1,0,1,Store_A,3,Home_Goods,Decor,150.1,0,0,150.1,87,146.91,62.7,6.92,2.92,6.17,68.1,402.41,1282,418,417,32.15
2016-01-20,2016,1,20,2,20,3,1,0,0,3,Store_C,3,Home_Goods,Decor,153.87,0,0,153.87,433,130.85,64.66,15.89,2.49,6.63,67.38,484.34,1507,542,241,47.44
2016-04-23,2016,4,23,5,114,16,2,1,0,5,Store_E,2,Clothing,Women,48.55,0,0,48.55,271,55.51,85.62,3.06,2.82,6.29,70.51,443.15,1418,523,441,94.7
2017-01-11,2017,1,11,2,11,2,1,0,0,2,Store_B,5,Sports,Footwear,78.63,0,0,78.63,204,90.38,68.22,2.04,2.18,6.43,67.0,552.13,1189,441,325,56.85
2011-09-06,2011,9,6,1,249,36,3,0,0,4,Store_D,4,Food,Snacks,19.8,0,0,19.8,334,21.04,40.26,1.88,3.08,6.11,55.77,544.94,956,446,234,90.18
2015-10-03,2015,10,3,5,276,40,4,1,0,1,Store_A,3,Home_Goods,Furniture,164.16,0,0,164.16,270,161.45,41.11,6.54,2.68,6.84,55.14,516.31,959,483,480,28.18
2014-12-14,2014,12,14,6,348,50,4,1,0,2,Store_B,2,Clothing,Men,48.6,0,0,48.6,455,53.95,56.9,0.3,2.73,6.98,59.04,544.7,1302,396,448,68.05
2019-06-01,2019,6,1,5,152,22,2,1,0,1,Store_A,4,Food,Fresh,21.99,30,1,15.39,241,16.49,62.7,0.64,2.36,5.68,67.18,802.34,1524,537,394,155.65
2013-03-07,2013,3,7,3,66,10,1,0,0,2,Store_B,5,Sports,Footwear,81.85,0,0,81.85,332,71.6,83.97,1.23,3.38,6.8,74.58,497.89,1364,524,251,56.87
2021-07-27,2021,7,27,1,208,30,3,0,0,5,Store_E,1,Electronics,Laptops,522.33,0,0,522.33,317,492.5,53.78,7.84,3.1,6.98,60.36,578.14,1193,482,237,57.04
2018-07-17,2018,7,17,1,198,29,3,0,0,4,Store_D,4,Food,Fresh,19.13,0,0,19.13,331,17.73,63.78,0.07,1.47,6.3,61.99,530.91,1146,522,316,99.79
2020-01-01,2020,1,1,2,1,1,1,0,1,4,Store_D,2,Clothing,Kids,51.96,5,1,49.37,242,49.95,64.02,7.41,2.52,6.63,66.45,627.55,1225,638,514,113.46
2014-05-30,2014,5,30,4,150,22,2,0,0,3,Store_C,3,Home_Goods,Decor,148.91,0,0,148.91,170,167.26,73.45,0.32,2.42,7.4,73.34,410.09,1388,477,291,40.08
2015-04-17,2015,4,17,4,107,16,2,0,0,4,Store_D,2,Clothing,Men,48.42,0,0,48.42,145,53.12,88.67,1.79,2.42,6.74,76.98,472.96,1300,476,365,77.3
2018-04-16,2018,4,16,0,106,16,2,0,0,3,Store_C,5,Sports,Equipment,78.75,0,0,78.75,146,81.61,77.7,5.5,2.09,5.9,71.8,543.23,1544,494,269,63.97
2011-07-19,2011,7,19,1,200,29,3,0,0,3,Store_C,1,Electronics,Accessories,544.5,0,0,544.5,61,618.42,53.2,1.45,3.2,6.12,61.91,504.8,1530,533,279,19.67
2019-10-12,2019,10,12,5,285,41,4,1,0,4,Store_D,3,Home_Goods,Bedding,155.34,5,1,147.58,308,158.28,39.76,2.63,2.64,6.26,54.56,826.52,1262,610,512,38.85
2021-08-18,2021,8,18,2,230,33,3,0,0,5,Store_E,5,Sports,Accessories,74.35,0,0,74.35,463,84.86,47.13,5.01,2.44,7.16,60.53,496.78,1126,474,280,51.42
2016-07-16,2016,7,16,5,198,28,3,1,0,4,Store_D,4,Food,Snacks,20.36,0,0,20.36,101,22.89,56.21,10.85,2.0,6.35,61.12,491.33,1204,519,518,107.33
2014-01-11,2014,1,11,5,11,2,1,1,0,2,Store_B,4,Food,Snacks,18.7,0,0,18.7,61,17.27,69.18,6.76,2.68,7.02,68.62,549.55,1405,441,489,105.41
2017-03-15,2017,3,15,2,74,11,1,0,0,2,Store_B,3,Home_Goods,Kitchen,142.65,0,0,142.65,217,151.18,85.17,4.24,2.13,6.08,76.34,582.54,1419,580,177,44.74
2015-01-10,2015,1,10,5,10,2,1,1,0,3,Store_C,1,Electronics,Accessories,536.23,0,0,536.23,488,579.05,61.21,7.56,2.38,6.96,66.32,588.59,1329,597,461,60.2
2023-06-30,2023,6,30,4,181,26,2,0,0,2,Store_B,2,Clothing,Men,51.8,20,1,41.44,193,40.31,60.24,10.88,2.88,6.93,62.94,749.18,1507,606,273,93.1
2019-07-08,2019,7,8,0,189,28,3,0,0,2,Store_B,2,Clothing,Accessories,54.23,0,0,54.23,86,57.23,62.68,3.18,2.46,6.2,65.95,504.91,1430,542,403,58.32
2014-03-14,2014,3,14,4,73,11,1,0,0,4,Store_D,4,Food,Snacks,21.79,0,0,21.79,499,22.12,77.44,4.27,2.71,7.18,68.4,499.7,1399,504,327,102.17
2021-11-06,2021,11,6,5,310,44,4,1,0,4,Store_D,4,Food,Packaged,19.54,20,1,15.63,481,14.13,37.85,8.18,2.94,6.82,53.46,739.72,1070,683,509,131.78
2016-10-20,2016,10,20,3,294,42,4,0,0,5,Store_E,5,Sports,Accessories,82.41,0,0,82.41,458,92.73,40.75,3.73,1.82,6.24,52.33,486.27,1000,512,320,40.75
2021-07-09,2021,7,9,4,190,27,3,0,0,5,Store_E,2,Clothing,Accessories,45.85,5,1,43.56,332,46.19,57.33,3.94,3.18,6.74,60.21,740.45,1397,609,304,73.53
2013-03-18,2013,3,18,0,77,12,1,0,0,4,Store_D,5,Sports,Accessories,79.8,0,0,79.8,121,75.09,81.72,0.75,3.06,6.88,80.05,422.42,1521,580,339,56.47
2013-11-28,2013,11,28,3,332,48,4,0,1,2,Store_B,3,Home_Goods,Bedding,161.14,5,1,153.08,406,153.12,50.53,1.43,3.09,6.8,61.42,828.94,1475,584,475,62.09
2010-11-22,2010,11,22,0,326,47,4,0,1,5,Store_E,1,Electronics,Laptops,537.37,0,0,537.37,312,524.13,42.52,3.02,2.46,6.05,62.1,415.79,1072,430,431,43.34
2012-11-17,2012,11,17,5,322,46,4,1,0,3,Store_C,3,Home_Goods,Furniture,152.08,0,0,152.08,359,163.3,48.39,1.7,2.63,6.62,60.01,555.08,961,510,424,38.84
2019-02-02,2019,2,2,5,33,5,1,1,0,1,Store_A,3,Home_Goods,Bedding,158.87,0,0,158.87,425,155.83,76.74,7.0,2.19,6.48,76.32,549.07,1299,560,461,65.96
2022-12-05,2022,12,5,0,339,49,4,0,0,2,Store_B,3,Home_Goods,Furniture,150.67,0,0,150.67,352,157.76,49.75,10.51,3.01,6.69,57.68,531.22,1229,530,396,66.0
2020-07-31,2020,7,31,4,213,31,3,0,0,4,Store_D,1,Electronics,Accessories,522.43,0,0,522.43,392,587.22,43.94,9.26,2.55,6.51,59.05,468.36,1272,485,309,58.72
2017-02-16,2017,2,16,3,47,7,1,0,0,5,Store_E,4,Food,Fresh,21.45,0,0,21.45,224,19.05,72.35,7.17,1.99,6.21,68.79,539.88,1554,429,266,113.03
2014-10-05,2014,10,5,6,278,40,4,1,0,3,Store_C,1,Electronics,Phones,518.9,0,0,518.9,291,493.17,37.67,8.63,3.37,7.12,56.8,418.95,958,528,534,35.08
2013-04-11,2013,4,11,3,101,15,2,0,0,1,Store_A,1,Electronics,Laptops,475.3,0,0,475.3,317,462.24,69.48,10.96,3.41,7.12,74.65,568.04,1536,540,283,65.92
2011-09-13,2011,9,13,1,256,37,3,0,0,2,Store_B,1,Electronics,Accessories,546.51,0,0,546.51,451,508.92,42.63,2.08,3.02,6.39,55.93,576.67,1051,451,284,25.05
2013-10-06,2013,10,6,6,279,40,4,1,0,3,Store_C,3,Home_Goods,Kitchen,136.7,0,0,136.7,454,127.66,47.71,1.51,3.44,7.03,57.28,584.1,1233,521,408,41.69
2017-11-19,2017,11,19,6,323,46,4,1,0,1,Store_A,5,Sports,Accessories,84.39,0,0,84.39,315,76.56,50.92,5.14,2.06,5.98,66.48,447.14,1079,458,472,75.81
2013-04-04,2013,4,4,3,94,14,2,0,0,4,Store_D,5,Sports,Footwear,86.57,0,0,86.57,197,99.49,87.52,4.25,2.76,7.24,74.6,479.15,1436,446,228,58.82
2010-11-25,2010,11,25,3,329,47,4,0,1,3,Store_C,4,Food,Fresh,18.82,15,1,16.0,366,14.74,39.19,6.41,2.47,5.79,66.33,845.49,1209,628,485,132.5
2011-10-11,2011,10,11,1,284,41,4,0,0,3,Store_C,3,Home_Goods,Furniture,147.85,0,0,147.85,259,150.58,41.54,0.35,2.82,5.84,53.69,495.34,1071,519,264,31.36
2012-06-16,2012,6,16,5,168,24,2,1,0,4,Store_D,2,Clothing,Kids,51.21,0,0,51.21,272,46.34,64.4,8.04,3.4,6.03,67.79,539.35,1289,532,373,71.86
2020-08-18,2020,8,18,1,231,34,3,0,0,1,Store_A,3,Home_Goods,Kitchen,142.12,0,0,142.12,428,153.05,50.24,2.34,2.45,6.83,61.2,590.45,1230,496,250,32.66
2013-01-28,2013,1,28,0,28,5,1,0,0,5,Store_E,3,Home_Goods,Furniture,157.58,0,0,157.58,308,158.4,76.43,3.63,2.46,6.85,70.3,567.18,1401,467,340,33.55
2015-03-07,2015,3,7,5,66,10,1,1,0,1,Store_A,1,Electronics,Laptops,478.4,0,0,478.4,151,423.88,77.2,7.1,3.15,6.65,73.45,574.41,1474,366,482,76.96
2022-09-18,2022,9,18,6,261,37,3,1,0,1,Store_A,3,Home_Goods,Kitchen,143.85,0,0,143.85,87,138.47,41.69,0.02,2.88,6.92,54.66,542.41,978,556,398,51.16
2023-02-13,2023,2,13,0,44,7,1,0,0,5,Store_E,2,Clothing,Men,45.72,0,0,45.72,129,44.09,70.32,8.53,3.04,6.83,71.74,474.92,1408,479,261,85.53
2022-05-27,2022,5,27,4,147,21,2,0,0,3,Store_C,3,Home_Goods,Kitchen,153.8,0,0,153.8,419,150.45,63.24,0.79,2.42,6.97,64.28,461.49,1277,490,268,46.57
2021-08-05,2021,8,5,3,217,31,3,0,0,1,Store_A,2,Clothing,Men,45.39,5,1,43.12,318,40.1,41.64,6.93,2.77,6.99,60.26,706.52,1352,592,369,71.2
2014-05-13,2014,5,13,1,133,20,2,0,0,4,Store_D,1,Electronics,Laptops,538.37,0,0,538.37,462,485.94,74.53,0.78,3.22,7.08,73.02,514.49,1459,561,304,64.53
2019-01-26,2019,1,26,5,26,4,1,1,0,2,Store_B,5,Sports,Equipment,85.11,0,0,85.11,334,78.34,72.75,1.86,2.57,6.43,72.82,512.94,1313,564,401,80.0
2016-12-22,2016,12,22,3,357,51,4,0,0,4,Store_D,4,Food,Snacks,19.95,0,0,19.95,406,19.4,49.56,5.22,2.09,6.53,65.05,590.84,1332,487,284,90.18
2014-03-26,2014,3,26,2,85,13,1,0,0,4,Store_D,3,Home_Goods,Kitchen,151.71,20,1,121.37,433,105.77,90.45,4.78,2.52,7.18,77.78,837.94,1554,534,323,75.91
2021-11-15,2021,11,15,0,319,46,4,0,0,5,Store_E,5,Sports,Footwear,85.61,0,0,85.61,344,96.6,44.19,24.14,2.43,6.78,61.1,546.15,1282,546,310,40.35
2012-10-20,2012,10,20,5,294,42,4,1,0,4,Store_D,4,Food,Packaged,18.27,0,0,18.27,439,19.13,48.24,5.74,2.69,6.01,54.7,591.09,1277,476,399,91.9
2015-05-26,2015,5,26,1,146,22,2,0,0,1,Store_A,1,Electronics,Tablets,491.69,0,0,491.69,179,429.02,70.26,2.95,2.37,6.72,73.2,508.7,1364,455,274,46.95
2023-08-29,2023,8,29,1,241,35,3,0,0,1,Store_A,3,Home_Goods,Kitchen,164.77,0,0,164.77,353,154.81,45.83,5.68,3.17,6.81,53.86,540.9,1238,456,318,30.1
2014-09-11,2014,9,11,3,254,37,3,0,0,1,Store_A,2,Clothing,Men,52.32,0,0,52.32,177,58.23,47.4,15.7,2.4,6.98,54.04,412.16,925,473,364,48.72
2014-09-14,2014,9,14,6,257,37,3,1,0,3,Store_C,1,Electronics,Laptops,518.22,0,0,518.22,249,509.38,41.1,1.69,2.99,7.24,50.68,470.55,869,514,515,28.4
2014-01-17,2014,1,17,4,17,3,1,0,0,1,Store_A,1,Electronics,Accessories,494.69,0,0,494.69,73,470.77,57.47,11.21,2.68,6.96,65.33,481.36,1275,515,254,45.06
2012-03-20,2012,3,20,1,80,12,1,0,0,1,Store_A,5,Sports,Equipment,82.72,0,0,82.72,417,93.33,80.98,0.67,2.55,6.92,70.04,521.14,1391,489,291,78.04
2017-10-21,2017,10,21,5,294,42,4,1,0,2,Store_B,5,Sports,Accessories,78.32,0,0,78.32,450,78.76,31.69,4.76,2.14,6.43,54.09,505.91,988,477,403,62.56
2012-09-05,2012,9,5,2,249,36,3,0,0,4,Store_D,4,Food,Beverages,20.76,0,0,20.76,110,19.51,40.53,1.89,2.9,6.15,59.31,404.13,991,472,264,72.2
2022-11-01,2022,11,1,1,305,44,4,0,0,5,Store_E,4,Food,Fresh,18.34,0,0,18.34,99,18.68,47.99,2.78,2.69,7.08,60.05,448.69,925,452,246,86.98
2023-05-28,2023,5,28,6,148,21,2,1,0,2,Store_B,1,Electronics,Laptops,533.07,0,0,533.07,390,498.62,68.78,0.35,2.94,6.84,74.67,473.0,1360,456,410,86.38
2014-08-12,2014,8,12,1,224,33,3,0,0,1,Store_A,1,Electronics,Laptops,539.02,0,0,539.02,496,506.7,43.32,16.52,3.11,6.93,56.84,503.08,1088,517,351,36.58
2022-10-05,2022,10,5,2,278,40,4,0,0,2,Store_B,5,Sports,Apparel,86.55,0,0,86.55,346,84.42,41.75,3.86,2.56,7.05,57.24,553.9,1202,485,307,59.72
2014-02-23,2014,2,23,6,54,8,1,1,0,3,Store_C,4,Food,Beverages,21.54,0,0,21.54,106,20.03,75.82,3.58,2.79,7.02,68.55,428.15,1568,430,442,105.33
2016-08-01,2016,8,1,0,214,31,3,0,0,5,Store_E,2,Clothing,Women,50.39,0,0,50.39,217,54.53,53.2,1.2,2.48,6.14,60.96,555.02,1092,537,273,59.06
2015-07-15,2015,7,15,2,196,29,3,0,0,4,Store_D,4,Food,Packaged,21.49,0,0,21.49,185,21.17,49.61,4.06,2.37,7.02,60.06,576.37,1190,478,283,95.93
2022-06-20,2022,6,20,0,171,25,2,0,0,3,Store_C,3,Home_Goods,Bedding,158.49,0,0,158.49,360,169.79,64.5,8.7,2.99,6.71,68.22,501.96,1287,452,245,56.2
2014-11-03,2014,11,3,0,307,45,4,0,0,2,Store_B,5,Sports,Apparel,73.86,0,0,73.86,380,64.18,38.76,0.49,3.22,7.11,59.46,490.44,1014,477,350,35.13
2010-06-24,2010,6,24,3,175,25,2,0,0,3,Store_C,3,Home_Goods,Decor,141.59,0,0,141.59,121,162.24,70.07,10.26,2.35,5.83,71.45,550.72,1239,446,411,40.36
2014-04-04,2014,4,4,4,94,14,2,0,0,1,Store_A,1,Electronics,Laptops,452.49,0,0,452.49,277,406.58,78.35,6.18,2.61,6.89,82.64,514.3,1274,527,380,63.93
2021-07-17,2021,7,17,5,198,28,3,1,0,2,Store_B,4,Food,Beverages,21.09,0,0,21.09,60,21.93,49.71,1.44,2.73,6.75,57.46,521.97,1126,609,443,107.29
2014-01-22,2014,1,22,2,22,4,1,0,0,2,Store_B,4,Food,Fresh,21.17,0,0,21.17,357,19.18,65.73,1.66,2.76,7.26,72.68,414.71,1337,414,260,84.76
2022-03-20,2022,3,20,6,79,11,1,1,0,3,Store_C,5,Sports,Accessories,86.32,0,0,86.32,434,82.5,77.02,2.48,2.77,7.41,68.57,407.73,1394,462,459,92.69
2010-08-06,2010,8,6,4,218,31,3,0,0,4,Store_D,4,Food,Beverages,19.19,0,0,19.19,452,20.04,49.93,0.76,2.61,5.81,59.59,409.06,1136,604,312,54.6
2020-09-19,2020,9,19,5,263,38,3,1,0,1,Store_A,3,Home_Goods,Furniture,146.48,0,0,146.48,378,139.15,39.57,3.74,3.04,6.36,56.4,453.27,1073,525,429,38.54
2020-03-09,2020,3,9,0,69,11,1,0,0,1,Store_A,4,Food,Fresh,21.21,0,0,21.21,299,23.95,75.83,3.72,3.11,6.57,74.72,577.96,1335,518,237,109.02
2011-11-22,2011,11,22,1,326,47,4,0,1,5,Store_E,2,Clothing,Accessories,50.17,0,0,50.17,56,55.84,37.26,1.17,2.9,6.25,62.42,493.61,1056,443,501,76.46
2017-01-21,2017,1,21,5,21,3,1,1,0,3,Store_C,1,Electronics,Tablets,538.94,0,0,538.94,336,518.59,63.12,2.13,2.0,6.18,67.94,409.37,1273,575,395,57.62
2016-02-12,2016,2,12,4,43,6,1,0,0,5,Store_E,4,Food,Beverages,18.73,0,0,18.73,272,19.82,70.99,2.09,1.86,6.48,75.7,452.81,1339,519,218,106.78
2016-02-17,2016,2,17,2,48,7,1,0,0,3,Store_C,1,Electronics,Laptops,457.84,0,0,457.84,272,427.02,72.85,18.26,2.29,6.52,66.44,443.23,1289,566,307,61.29
2013-01-11,2013,1,11,4,11,2,1,0,0,5,Store_E,3,Home_Goods,Decor,159.89,0,0,159.89,342,153.03,62.43,4.26,3.14,6.62,64.36,521.42,1211,466,289,34.68
2014-11-25,2014,11,25,1,329,48,4,0,1,2,Store_B,3,Home_Goods,Furniture,153.97,20,1,123.18,65,128.21,53.3,0.28,2.65,6.96,57.84,629.94,1212,552,418,81.45
2018-09-24,2018,9,24,0,267,39,3,0,0,5,Store_E,4,Food,Beverages,19.66,0,0,19.66,82,19.72,35.77,5.43,1.99,5.9,58.41,551.84,918,530,322,79.34
2016-09-02,2016,9,2,4,246,35,3,0,0,4,Store_D,2,Clothing,Women,46.13,0,0,46.13,130,48.3,39.61,12.55,2.34,6.7,55.51,483.55,867,516,235,57.56
2011-09-04,2011,9,4,6,247,35,3,1,0,4,Store_D,2,Clothing,Women,48.13,0,0,48.13,400,51.64,51.15,8.07,2.82,5.94,55.99,487.59,1096,556,408,60.06
2020-01-09,2020,1,9,3,9,2,1,0,0,1,Store_A,1,Electronics,Accessories,477.01,0,0,477.01,296,511.46,55.9,1.64,2.48,6.39,68.17,588.46,1142,500,227,52.47
2020-02-29,2020,2,29,5,60,9,1,1,0,3,Store_C,5,Sports,Apparel,81.5,15,1,69.28,253,67.46,80.8,0.35,2.25,6.37,71.8,682.11,1542,547,461,99.82
2011-07-31,2011,7,31,6,212,30,3,1,0,1,Store_A,5,Sports,Apparel,79.11,0,0,79.11,120,67.32,54.36,0.52,2.49,6.13,60.42,440.92,1167,516,389,43.67
2015-08-26,2015,8,26,2,238,35,3,0,0,5,Store_E,2,Clothing,Women,49.11,0,0,49.11,151,43.06,30.43,9.43,3.04,6.86,49.3,408.75,1093,477,221,46.48
2022-02-22,2022,2,22,1,53,8,1,0,0,3,Store_C,1,Electronics,Phones,526.31,5,1,499.99,90,469.64,83.49,10.27,3.46,7.0,69.12,779.65,1550,638,236,68.55
2013-03-26,2013,3,26,1,85,13,1,0,0,3,Store_C,4,Food,Snacks,18.94,0,0,18.94,491,19.54,73.35,3.03,2.23,6.96,76.34,588.58,1493,346,297,114.61
2012-06-07,2012,6,7,3,159,23,2,0,0,2,Store_B,5,Sports,Footwear,87.15,0,0,87.15,441,84.61,67.89,1.07,2.93,6.6,66.86,583.99,1359,475,273,50.62
2018-07-26,2018,7,26,3,207,30,3,0,0,5,Store_E,5,Sports,Footwear,85.58,0,0,85.58,240,82.33,53.05,5.99,1.92,6.33,58.23,582.09,1124,526,341,51.27
2014-09-29,2014,9,29,0,272,40,3,0,0,1,Store_A,3,Home_Goods,Kitchen,152.07,0,0,152.07,414,139.43,43.12,0.59,3.4,6.78,53.61,466.3,1045,514,310,24.51
2017-04-17,2017,4,17,0,107,16,2,0,0,1,Store_A,3,Home_Goods,Bedding,155.53,0,0,155.53,400,175.87,83.2,1.09,2.15,6.1,72.88,465.14,1520,523,268,45.82
2012-03-28,2012,3,28,2,88,13,1,0,0,2,Store_B,3,Home_Goods,Decor,164.37,0,0,164.37,65,140.57,80.05,3.21,3.03,6.6,73.43,452.17,1361,542,300,39.85
2018-12-22,2018,12,22,5,356,51,4,1,0,3,Store_C,5,Sports,Accessories,86.07,0,0,86.07,444,87.71,59.29,11.22,2.1,6.05,62.67,517.39,1322,581,466,73.59
2015-02-03,2015,2,3,1,34,6,1,0,0,5,Store_E,5,Sports,Footwear,78.92,0,0,78.92,410,76.99,82.28,5.26,2.91,6.81,65.33,568.31,1388,488,324,64.36
2010-07-28,2010,7,28,2,209,30,3,0,0,5,Store_E,4,Food,Beverages,20.05,0,0,20.05,288,21.02,50.11,4.0,2.31,6.23,59.59,562.93,1037,568,276,75.67
2010-10-21,2010,10,21,3,294,42,4,0,0,4,Store_D,1,Electronics,Tablets,534.99,0,0,534.99,168,455.99,42.85,1.63,2.5,6.32,52.91,562.96,921,462,308,21.41
2013-01-24,2013,1,24,3,24,4,1,0,0,2,Store_B,4,Food,Snacks,21.8,0,0,21.8,83,19.68,78.68,4.14,3.02,6.88,66.94,402.72,1330,490,317,90.59
2016-01-23,2016,1,23,5,23,3,1,1,0,1,Store_A,5,Sports,Apparel,74.76,0,0,74.76,349,72.2,72.78,9.26,2.41,6.58,69.97,533.53,1513,451,427,77.16
2014-05-29,2014,5,29,3,149,22,2,0,0,5,Store_E,5,Sports,Equipment,82.47,0,0,82.47,264,80.01,68.92,9.02,2.42,7.23,71.22,565.31,1387,536,290,52.24
2013-06-18,2013,6,18,1,169,25,2,0,0,4,Store_D,3,Home_Goods,Furniture,137.05,0,0,137.05,267,131.78,62.34,5.35,2.82,6.54,67.49,480.58,1253,552,287,43.98
2012-09-17,2012,9,17,0,261,38,3,0,0,1,Store_A,4,Food,Beverages,21.6,0,0,21.6,94,19.61,34.49,4.09,2.92,6.4,55.79,574.23,1036,468,279,86.5
2021-06-29,2021,6,29,1,180,26,2,0,0,3,Store_C,2,Clothing,Accessories,50.07,0,0,50.07,407,43.48,62.42,10.58,2.72,6.66,61.78,532.8,1345,486,272,89.35
2014-06-05,2014,6,5,3,156,23,2,0,0,5,Store_E,3,Home_Goods,Bedding,136.29,0,0,136.29,417,155.77,74.13,3.15,2.67,7.13,63.8,452.1,1146,450,281,58.72
2010-12-20,2010,12,20,0,354,51,4,0,0,5,Store_E,5,Sports,Apparel,75.72,5,1,71.94,75,62.77,60.23,10.96,2.15,6.46,60.56,656.55,1286,512,305,31.35
2022-06-24,2022,6,24,4,175,25,2,0,0,2,Store_B,3,Home_Goods,Bedding,155.8,0,0,155.8,403,156.15,59.15,0.44,2.95,7.21,68.43,573.4,1105,501,370,70.5
2015-07-16,2015,7,16,3,197,29,3,0,0,1,Store_A,2,Clothing,Men,47.74,0,0,47.74,248,47.73,51.72,3.52,2.81,6.88,62.29,504.39,1148,460,195,62.4
2020-02-08,2020,2,8,5,39,6,1,1,0,4,Store_D,1,Electronics,Accessories,521.96,0,0,521.96,78,550.84,71.77,6.63,2.53,6.32,71.55,533.98,1413,421,422,68.05
2016-12-30,2016,12,30,4,365,52,4,0,0,3,Store_C,1,Electronics,Laptops,525.58,0,0,525.58,341,600.64,63.99,1.62,2.42,6.15,66.3,438.59,1130,511,338,53.6
2018-05-07,2018,5,7,0,127,19,2,0,0,5,Store_E,4,Food,Packaged,20.45,0,0,20.45,176,22.62,79.8,4.29,1.44,6.09,77.69,569.08,1373,471,345,109.69
2013-05-13,2013,5,13,0,133,20,2,0,0,5,Store_E,1,Electronics,Laptops,510.94,0,0,510.94,349,468.28,66.1,0.06,2.68,6.82,66.6,519.97,1408,535,298,45.38
2010-09-17,2010,9,17,4,260,37,3,0,0,2,Store_B,4,Food,Fresh,21.35,0,0,21.35,322,23.39,39.74,1.67,2.56,5.83,50.89,478.66,923,507,255,73.89
2014-02-28,2014,2,28,4,59,9,1,0,0,5,Store_E,2,Clothing,Accessories,47.41,0,0,47.41,464,42.36,83.32,8.88,2.46,6.77,71.33,566.53,1432,545,379,92.71
2014-11-13,2014,11,13,3,317,46,4,0,0,3,Store_C,4,Food,Fresh,21.52,0,0,21.52,123,21.72,38.62,8.0,3.3,6.96,58.88,510.49,996,460,277,70.75
2022-12-23,2022,12,23,4,357,51,4,0,0,1,Store_A,5,Sports,Equipment,80.85,0,0,80.85,266,91.57,50.73,1.48,3.07,6.7,66.54,445.7,1265,512,244,61.05
2014-11-06,2014,11,6,3,310,45,4,0,0,3,Store_C,3,Home_Goods,Decor,160.7,0,0,160.7,150,164.49,45.09,3.74,3.19,6.77,54.47,502.47,937,523,305,28.73
2021-12-02,2021,12,2,3,336,48,4,0,0,1,Store_A,5,Sports,Equipment,86.45,0,0,86.45,174,82.59,56.25,7.95,2.7,6.92,57.82,475.69,1175,515,295,40.63
2010-02-22,2010,2,22,0,53,8,1,0,0,2,Store_B,5,Sports,Accessories,75.44,0,0,75.44,276,83.17,77.69,3.21,2.19,5.75,68.92,482.56,1476,580,260,50.53
2019-07-06,2019,7,6,5,187,27,3,1,0,5,Store_E,1,Electronics,Accessories,477.28,0,0,477.28,369,423.28,62.23,2.8,2.3,5.91,67.31,453.78,1153,465,490,47.45
2022-10-28,2022,10,28,4,301,43,4,0,0,4,Store_D,4,Food,Snacks,21.48,15,1,18.26,87,17.82,40.13,13.15,3.2,7.24,55.68,718.84,1124,619,314,98.53
2022-01-29,2022,1,29,5,29,4,1,1,0,4,Store_D,3,Home_Goods,Furniture,147.57,5,1,140.19,87,142.11,66.98,4.56,2.87,7.07,69.25,742.9,1393,545,422,64.63
2016-08-06,2016,8,6,5,219,31,3,1,0,4,Store_D,4,Food,Beverages,21.82,0,0,21.82,121,22.02,41.48,4.01,1.95,6.7,64.35,590.88,1085,427,499,106.99
2017-08-19,2017,8,19,5,231,33,3,1,0,3,Store_C,1,Electronics,Laptops,535.2,0,0,535.2,182,608.3,55.05,1.19,2.17,5.86,56.4,416.32,1228,506,391,47.42
2016-06-02,2016,6,2,3,154,22,2,0,0,1,Store_A,1,Electronics,Accessories,472.07,5,1,448.46,430,395.05,68.58,2.73,2.27,6.93,74.25,828.92,1480,661,318,67.81
2012-10-30,2012,10,30,1,304,44,4,0,0,1,Store_A,4,Food,Fresh,18.13,0,0,18.13,493,16.68,37.85,9.01,2.75,6.16,51.07,488.72,894,457,331,75.94
2013-01-02,2013,1,2,2,2,1,1,0,0,2,Store_B,3,Home_Goods,Bedding,150.17,0,0,150.17,377,140.36,55.17,5.65,3.18,7.02,65.4,571.91,1300,511,353,50.66
2011-06-28,2011,6,28,1,179,26,2,0,0,4,Store_D,5,Sports,Accessories,80.06,0,0,80.06,196,91.83,57.01,3.7,2.68,6.37,71.21,451.85,1368,454,277,51.82
2012-11-12,2012,11,12,0,317,46,4,0,0,3,Store_C,4,Food,Beverages,20.95,0,0,20.95,326,21.07,49.12,16.09,3.2,6.39,58.49,413.96,1034,441,293,69.82
2015-03-10,2015,3,10,1,69,11,1,0,0,2,Store_B,3,Home_Goods,Decor,142.31,0,0,142.31,278,153.2,84.98,3.51,3.03,6.69,72.05,509.91,1520,505,309,46.17
2021-12-25,2021,12,25,5,359,51,4,1,1,5,Store_E,5,Sports,Apparel,79.47,0,0,79.47,122,83.87,63.85,11.25,2.93,6.42,60.9,448.44,1184,430,681,106.92
2010-01-31,2010,1,31,6,31,4,1,1,0,1,Store_A,4,Food,Fresh,18.35,0,0,18.35,450,16.34,77.62,1.2,2.76,6.21,64.81,478.45,1429,493,460,88.32
2011-12-27,2011,12,27,1,361,52,4,0,0,2,Store_B,5,Sports,Apparel,80.83,0,0,80.83,167,76.47,60.67,1.08,2.69,6.06,62.81,501.77,1358,551,291,35.28
2023-08-02,2023,8,2,2,214,31,3,0,0,2,Store_B,5,Sports,Footwear,77.98,0,0,77.98,128,78.36,52.93,0.94,2.72,6.98,56.63,573.86,1152,603,278,69.84
2022-12-02,2022,12,2,4,336,48,4,0,0,3,Store_C,1,Electronics,Laptops,509.35,0,0,509.35,151,577.16,40.72,3.47,3.27,6.97,56.53,599.74,1164,508,274,51.47
2020-09-08,2020,9,8,1,252,37,3,0,0,3,Store_C,1,Electronics,Phones,479.05,0,0,479.05,86,419.36,47.19,0.23,2.3,6.71,51.31,589.71,1040,473,267,30.69
2013-11-27,2013,11,27,2,331,48,4,0,1,1,Store_A,2,Clothing,Men,53.31,0,0,53.31,320,45.97,48.2,5.09,2.57,6.92,60.9,581.79,1281,514,476,70.03
2016-11-02,2016,11,2,2,307,44,4,0,0,1,Store_A,2,Clothing,Kids,46.79,0,0,46.79,166,46.1,41.35,1.22,2.54,6.46,58.84,554.04,1111,509,395,49.6
2011-03-13,2011,3,13,6,72,10,1,1,0,4,Store_D,3,Home_Goods,Decor,164.65,0,0,164.65,121,187.09,72.21,4.93,2.7,5.99,75.58,557.3,1466,480,509,47.06
2016-10-06,2016,10,6,3,280,40,4,0,0,1,Store_A,2,Clothing,Accessories,49.77,0,0,49.77,90,42.34,39.99,9.37,2.19,6.36,61.06,487.72,852,482,309,54.38
2012-07-01,2012,7,1,6,183,26,3,1,0,4,Store_D,3,Home_Goods,Furniture,142.33,0,0,142.33,356,134.59,58.28,0.87,3.09,6.61,61.15,562.19,1180,474,475,35.72
2021-07-24,2021,7,24,5,205,29,3,1,0,2,Store_B,5,Sports,Equipment,75.5,0,0,75.5,370,75.7,55.56,0.77,2.82,7.3,54.47,563.29,1256,567,434,58.85
2021-12-01,2021,12,1,2,335,48,4,0,0,3,Store_C,5,Sports,Footwear,85.41,0,0,85.41,152,84.89,48.19,1.34,3.31,7.06,57.4,414.2,1136,557,256,60.63
2022-05-10,2022,5,10,1,130,19,2,0,0,4,Store_D,3,Home_Goods,Kitchen,150.28,0,0,150.28,188,131.41,78.89,3.07,2.84,7.14,71.2,550.98,1284,540,334,60.49
2022-03-02,2022,3,2,2,61,9,1,0,0,2,Store_B,1,Electronics,Phones,520.25,0,0,520.25,442,582.74,69.34,16.97,2.47,6.81,68.43,458.17,1645,515,252,78.1
2016-04-06,2016,4,6,2,97,14,2,0,0,2,Store_B,4,Food,Packaged,21.91,0,0,21.91,242,20.61,79.22,1.17,2.22,6.45,79.28,425.19,1276,478,249,107.05
2022-08-03,2022,8,3,2,215,31,3,0,0,3,Store_C,1,Electronics,Phones,544.06,0,0,544.06,108,528.83,46.08,2.93,3.13,6.69,59.66,416.99,1222,512,396,54.42
2013-05-23,2013,5,23,3,143,21,2,0,0,3,Store_C,4,Food,Snacks,19.83,0,0,19.83,212,20.11,78.33,0.36,2.54,6.88,67.85,412.36,1231,580,370,93.21
2012-06-22,2012,6,22,4,174,25,2,0,0,4,Store_D,4,Food,Snacks,18.48,0,0,18.48,454,16.14,64.45,0.35,2.85,6.45,67.93,579.78,1364,516,322,84.62
2019-11-30,2019,11,30,5,334,48,4,1,0,3,Store_C,1,Electronics,Tablets,524.11,0,0,524.11,473,567.84,49.62,0.62,2.09,5.95,59.8,477.84,923,536,463,58.04
2018-11-06,2018,11,6,1,310,45,4,0,0,3,Store_C,2,Clothing,Women,54.33,0,0,54.33,375,53.23,45.93,4.27,2.86,5.77,61.47,412.73,1155,537,304,60.36
2017-10-30,2017,10,30,0,303,44,4,0,0,1,Store_A,3,Home_Goods,Kitchen,157.82,0,0,157.82,208,135.3,39.87,1.68,2.02,6.39,54.42,486.88,1124,560,271,20.68
2011-05-23,2011,5,23,0,143,21,2,0,0,2,Store_B,3,Home_Goods,Kitchen,160.25,5,1,152.23,482,147.99,73.59,1.11,2.33,5.9,71.38,801.29,1481,614,261,52.62
2018-10-27,2018,10,27,5,300,43,4,1,0,5,Store_E,3,Home_Goods,Furniture,154.19,0,0,154.19,458,150.59,39.18,11.05,2.0,5.99,54.78,500.12,1121,533,468,46.5
2010-07-03,2010,7,3,5,184,26,3,1,0,1,Store_A,3,Home_Goods,Bedding,144.76,0,0,144.76,153,152.0,60.65,8.38,2.39,6.49,61.21,460.81,1242,496,440,35.66
2014-04-14,2014,4,14,0,104,16,2,0,0,3,Store_C,3,Home_Goods,Furniture,140.31,0,0,140.31,370,131.6,76.69,6.01,2.68,7.12,74.28,454.84,1355,467,307,54.61
2017-05-28,2017,5,28,6,148,21,2,1,0,1,Store_A,2,Clothing,Accessories,45.45,0,0,45.45,224,44.69,73.35,3.45,2.19,6.36,74.27,503.61,1496,518,374,103.1
2010-11-18,2010,11,18,3,322,46,4,0,0,1,Store_A,5,Sports,Equipment,73.85,0,0,73.85,428,71.78,46.05,11.39,2.97,5.88,60.03,561.02,1099,538,306,23.46
2019-10-04,2019,10,4,4,277,40,4,0,0,5,Store_E,5,Sports,Footwear,81.15,0,0,81.15,263,90.41,44.01,7.37,2.33,5.95,52.19,559.93,913,494,265,43.24
2014-03-19,2014,3,19,2,78,12,1,0,0,1,Store_A,5,Sports,Equipment,74.15,0,0,74.15,394,68.52,81.68,8.75,3.12,6.74,77.78,437.9,1429,462,342,52.71
2015-01-12,2015,1,12,0,12,3,1,0,0,4,Store_D,3,Home_Goods,Decor,151.05,15,1,128.4,434,140.03,73.43,7.56,2.68,6.64,66.23,838.51,1587,590,227,61.06
2016-07-08,2016,7,8,4,190,27,3,0,0,2,Store_B,3,Home_Goods,Kitchen,144.29,0,0,144.29,73,151.29,61.28,0.97,2.24,6.32,62.76,528.41,1359,562,382,37.71
2015-03-28,2015,3,28,5,87,13,1,1,0,3,Store_C,1,Electronics,Accessories,478.22,0,0,478.22,93,458.22,65.88,1.65,2.48,7.04,70.72,543.68,1508,503,480,62.87
2015-01-15,2015,1,15,3,15,3,1,0,0,3,Store_C,3,Home_Goods,Decor,161.33,0,0,161.33,486,182.05,61.83,1.95,2.37,6.78,68.71,555.87,1420,565,201,39.8
2015-10-17,2015,10,17,5,290,42,4,1,0,4,Store_D,4,Food,Fresh,19.49,0,0,19.49,349,20.49,40.47,1.76,2.57,6.83,54.88,456.99,1159,428,492,78.9
2022-02-24,2022,2,24,3,55,8,1,0,0,1,Store_A,3,Home_Goods,Decor,158.24,0,0,158.24,447,170.43,80.27,0.33,3.19,6.98,76.54,443.84,1442,485,293,70.48
2013-02-20,2013,2,20,2,51,8,1,0,0,4,Store_D,1,Electronics,Laptops,504.79,0,0,504.79,234,442.38,73.26,2.7,2.78,6.77,74.81,583.05,1657,473,264,48.43
2016-10-22,2016,10,22,5,296,42,4,1,0,5,Store_E,5,Sports,Apparel,72.79,0,0,72.79,276,76.31,41.78,2.62,2.17,6.6,55.57,462.16,994,511,454,53.42
2010-02-14,2010,2,14,6,45,6,1,1,0,5,Store_E,1,Electronics,Phones,483.52,0,0,483.52,166,498.57,72.94,9.96,2.22,5.99,74.42,496.17,1404,538,473,40.61
2015-11-25,2015,11,25,2,329,48,4,0,1,3,Store_C,5,Sports,Equipment,76.5,0,0,76.5,483,65.98,48.18,4.57,2.85,7.02,63.0,546.17,1206,572,434,69.18
2014-03-07,2014,3,7,4,66,10,1,0,0,1,Store_A,5,Sports,Accessories,78.23,0,0,78.23,238,82.7,80.96,2.18,3.41,7.09,76.39,454.31,1286,500,336,52.16
2023-04-18,2023,4,18,1,108,16,2,0,0,3,Store_C,2,Clothing,Women,45.07,0,0,45.07,83,46.32,73.0,3.19,3.17,7.05,78.21,449.27,1281,559,399,87.03
2013-10-10,2013,10,10,3,283,41,4,0,0,4,Store_D,2,Clothing,Accessories,53.33,0,0,53.33,376,53.13,43.13,1.31,3.13,6.87,54.59,595.55,935,481,275,41.73
2014-11-01,2014,11,1,5,305,44,4,1,0,1,Store_A,2,Clothing,Accessories,49.62,0,0,49.62,422,46.7,37.5,5.5,2.99,7.08,59.13,423.87,848,566,385,51.66
2018-04-01,2018,4,1,6,91,13,2,1,0,1,Store_A,4,Food,Snacks,21.43,0,0,21.43,219,22.51,74.88,0.95,1.62,5.8,74.73,530.61,1484,491,481,126.78
2011-02-18,2011,2,18,4,49,7,1,0,0,5,Store_E,5,Sports,Footwear,86.13,0,0,86.13,425,86.45,75.13,1.72,3.02,6.2,72.04,434.49,1513,605,299,69.43
2021-09-24,2021,9,24,4,267,38,3,0,0,5,Store_E,1,Electronics,Accessories,547.56,0,0,547.56,183,474.69,42.94,1.99,2.16,6.81,55.79,472.93,894,497,309,37.16
2013-11-08,2013,11,8,4,312,45,4,0,0,3,Store_C,2,Clothing,Women,49.47,0,0,49.47,331,47.23,40.29,0.56,3.01,6.89,58.21,455.02,965,422,307,46.18
2014-07-17,2014,7,17,3,198,29,3,0,0,5,Store_E,5,Sports,Accessories,82.82,0,0,82.82,230,77.69,51.52,0.8,2.45,6.71,63.93,566.35,1138,465,249,42.65
2012-03-12,2012,3,12,0,72,11,1,0,0,2,Store_B,5,Sports,Footwear,87.1,0,0,87.1,326,92.0,72.59,1.26,2.76,6.62,75.49,583.8,1712,510,214,46.18
2013-07-12,2013,7,12,4,193,28,3,0,0,4,Store_D,3,Home_Goods,Furniture,162.4,0,0,162.4,378,180.71,58.0,5.32,2.84,7.03,63.65,571.82,1293,398,386,30.78
2015-12-23,2015,12,23,2,357,52,4,0,0,1,Store_A,2,Clothing,Kids,52.99,5,1,50.34,267,46.59,61.17,0.51,2.16,6.58,60.79,854.19,1619,610,359,61.4
2017-02-01,2017,2,1,2,32,5,1,0,0,5,Store_E,1,Electronics,Laptops,451.94,0,0,451.94,383,499.91,71.17,17.86,2.25,5.94,70.41,536.83,1415,514,268,75.57
2017-02-28,2017,2,28,1,59,9,1,0,0,1,Store_A,3,Home_Goods,Bedding,138.18,0,0,138.18,404,139.9,77.3,0.84,2.09,6.08,74.63,407.75,1388,489,286,61.38
2016-05-07,2016,5,7,5,128,18,2,1,0,2,Store_B,3,Home_Goods,Kitchen,154.9,0,0,154.9,317,172.64,69.88,1.76,2.37,6.58,73.54,430.49,1304,649,362,64.57
2010-09-14,2010,9,14,1,257,37,3,0,0,5,Store_E,2,Clothing,Men,53.61,0,0,53.61,335,58.09,42.21,3.3,2.49,6.05,50.54,598.43,1009,565,333,36.96
2022-06-08,2022,6,8,2,159,23,2,0,0,1,Store_A,4,Food,Packaged,18.46,0,0,18.46,344,20.24,67.23,3.35,3.34,6.99,62.65,449.85,1261,530,323,113.71
2014-09-26,2014,9,26,4,269,39,3,0,0,5,Store_E,5,Sports,Accessories,83.23,30,1,58.26,285,53.25,42.57,0.07,3.05,7.11,50.89,750.72,1019,608,241,67.92
2013-02-25,2013,2,25,0,56,9,1,0,0,4,Store_D,5,Sports,Apparel,74.14,0,0,74.14,394,79.63,81.01,7.27,3.35,6.54,74.71,582.48,1454,498,274,74.62
2021-05-07,2021,5,7,4,127,18,2,0,0,5,Store_E,4,Food,Beverages,20.84,0,0,20.84,111,20.33,67.57,7.65,2.22,7.16,77.02,553.73,1422,427,322,121.67
2011-10-10,2011,10,10,0,283,41,4,0,0,3,Store_C,1,Electronics,Laptops,465.99,0,0,465.99,323,469.24,41.7,3.56,2.95,5.82,50.26,445.26,1029,484,268,16.7
2017-12-18,2017,12,18,0,352,51,4,0,0,3,Store_C,3,Home_Goods,Kitchen,153.81,0,0,153.81,199,156.24,52.27,2.34,1.8,6.12,66.24,585.26,1289,516,336,28.93
2014-08-30,2014,8,30,5,242,35,3,1,0,5,Store_E,5,Sports,Apparel,81.44,0,0,81.44,137,71.73,44.43,0.17,2.8,6.55,54.14,467.92,1134,484,416,29.6
2015-02-25,2015,2,25,2,56,9,1,0,0,4,Store_D,4,Food,Beverages,20.8,0,0,20.8,179,23.82,66.17,8.21,2.88,6.61,73.1,538.54,1489,544,350,104.38
2020-04-26,2020,4,26,6,117,17,2,1,0,4,Store_D,2,Clothing,Accessories,48.0,0,0,48.0,288,43.31,79.27,7.3,1.9,6.35,73.64,597.77,1582,548,567,84.59
2013-08-08,2013,8,8,3,220,32,3,0,0,2,Store_B,5,Sports,Apparel,72.55,0,0,72.55,354,79.26,45.0,5.89,2.91,6.61,56.66,537.84,1400,489,314,35.09
2016-03-19,2016,3,19,5,79,11,1,1,0,4,Store_D,2,Clothing,Men,52.63,0,0,52.63,176,59.91,75.17,4.71,2.57,6.96,78.52,563.55,1654,503,454,89.27
2015-05-21,2015,5,21,3,141,21,2,0,0,5,Store_E,1,Electronics,Accessories,514.51,0,0,514.51,498,581.22,68.23,5.37,2.84,6.92,71.64,577.81,1304,543,327,57.13
2016-10-01,2016,10,1,5,275,39,4,1,0,3,Store_C,3,Home_Goods,Decor,144.85,0,0,144.85,281,150.03,40.97,12.19,2.83,6.54,58.8,502.27,1066,528,426,37.72
2020-07-22,2020,7,22,2,204,30,3,0,0,4,Store_D,4,Food,Beverages,20.53,0,0,20.53,411,20.81,56.66,0.61,1.96,6.52,65.16,596.49,1394,445,253,98.44
2013-09-12,2013,9,12,3,255,37,3,0,0,3,Store_C,5,Sports,Equipment,80.55,0,0,80.55,143,68.88,50.52,1.23,2.77,6.78,56.15,490.21,938,544,314,31.49
2019-01-10,2019,1,10,3,10,2,1,0,0,4,Store_D,2,Clothing,Kids,52.19,15,1,44.36,376,39.87,66.63,0.06,1.94,6.28,71.35,754.17,1409,599,295,92.37
2010-04-23,2010,4,23,4,113,16,2,0,0,4,Store_D,1,Electronics,Tablets,488.04,0,0,488.04,356,443.48,84.97,1.62,2.29,6.21,70.17,439.17,1410,547,400,34.26
2018-07-31,2018,7,31,1,212,31,3,0,0,1,Store_A,4,Food,Snacks,18.19,0,0,18.19,257,17.97,56.41,6.92,2.17,5.87,59.08,486.15,1274,457,345,91.06
2010-09-21,2010,9,21,1,264,38,3,0,0,4,Store_D,1,Electronics,Accessories,496.9,0,0,496.9,179,478.75,27.38,1.11,2.65,5.86,54.7,515.16,1105,535,264,14.64
2013-10-25,2013,10,25,4,298,43,4,0,0,4,Store_D,4,Food,Beverages,21.4,0,0,21.4,97,18.58,41.41,0.72,3.21,7.23,51.75,514.59,917,524,337,74.48
2015-02-22,2015,2,22,6,53,8,1,1,0,1,Store_A,1,Electronics,Accessories,523.81,0,0,523.81,93,567.09,75.18,2.26,2.82,7.0,70.1,435.93,1217,461,464,52.51
2013-04-01,2013,4,1,0,91,14,2,0,0,1,Store_A,5,Sports,Footwear,83.5,0,0,83.5,133,84.97,76.06,0.84,2.3,7.02,73.72,579.51,1485,622,339,70.18
2018-05-30,2018,5,30,2,150,22,2,0,0,3,Store_C,4,Food,Fresh,21.87,15,1,18.59,438,17.12,72.58,7.8,1.57,5.84,68.27,742.19,1516,570,321,147.49
2010-02-26,2010,2,26,4,57,8,1,0,0,3,Store_C,2,Clothing,Women,45.21,0,0,45.21,190,43.64,89.61,1.59,2.3,5.84,72.71,467.27,1573,508,299,63.27
2013-08-02,2013,8,2,4,214,31,3,0,0,2,Store_B,4,Food,Fresh,18.92,10,1,17.03,67,16.67,48.42,1.52,3.41,6.7,61.21,702.26,1265,649,401,77.37
2011-11-27,2011,11,27,6,331,47,4,1,1,2,Store_B,3,Home_Goods,Bedding,143.58,5,1,136.4,438,118.26,46.29,1.66,2.55,5.98,62.15,693.01,1086,607,708,71.01
2018-01-31,2018,1,31,2,31,5,1,0,0,3,Store_C,4,Food,Fresh,21.86,0,0,21.86,171,23.67,66.34,3.84,2.43,6.0,69.53,518.08,1332,518,327,113.05
2014-09-23,2014,9,23,1,266,39,3,0,0,1,Store_A,3,Home_Goods,Furniture,141.29,0,0,141.29,397,130.83,36.45,8.47,3.15,6.97,53.79,418.87,1035,467,347,20.88
2015-09-23,2015,9,23,2,266,39,3,0,0,1,Store_A,1,Electronics,Phones,457.92,0,0,457.92,278,437.03,41.98,0.5,3.02,6.69,57.9,477.01,1067,419,345,33.75
2020-08-05,2020,8,5,2,218,32,3,0,0,4,Store_D,3,Home_Goods,Bedding,158.33,0,0,158.33,417,178.0,44.39,8.9,2.62,6.54,63.57,526.74,1136,446,304,38.94
2010-11-16,2010,11,16,1,320,46,4,0,0,2,Store_B,3,Home_Goods,Decor,145.76,0,0,145.76,452,128.69,39.72,6.32,2.72,6.14,61.32,522.9,1004,460,344,30.96
2021-10-30,2021,10,30,5,303,43,4,1,0,2,Store_B,5,Sports,Equipment,79.08,0,0,79.08,161,85.45,51.44,3.28,3.55,7.24,52.84,404.88,933,556,519,42.8
2011-11-14,2011,11,14,0,318,46,4,0,0,4,Store_D,2,Clothing,Kids,50.5,0,0,50.5,100,43.78,41.28,9.08,2.81,5.92,58.95,404.15,1058,474,271,43.45
2020-07-08,2020,7,8,2,190,28,3,0,0,3,Store_C,5,Sports,Accessories,84.53,0,0,84.53,344,92.11,57.6,1.99,2.85,6.36,66.99,429.62,1157,558,339,59.38
2018-10-19,2018,10,19,4,292,42,4,0,0,2,Store_B,4,Food,Packaged,18.42,0,0,18.42,398,20.56,44.68,1.11,1.84,6.17,55.85,459.2,1049,459,327,80.55
2015-06-26,2015,6,26,4,177,26,2,0,0,1,Store_A,5,Sports,Apparel,86.88,0,0,86.88,417,92.22,55.94,0.4,2.27,6.77,68.22,409.92,1226,555,309,61.75
2023-02-04,2023,2,4,5,35,5,1,1,0,2,Store_B,5,Sports,Apparel,80.79,0,0,80.79,297,88.82,69.67,14.55,3.54,7.07,68.77,445.47,1438,523,497,93.11
2021-05-13,2021,5,13,3,133,19,2,0,0,1,Store_A,2,Clothing,Men,46.26,0,0,46.26,158,49.38,70.34,2.61,2.35,6.77,69.05,595.8,1511,499,379,90.43
2010-10-14,2010,10,14,3,287,41,4,0,0,3,Store_C,4,Food,Packaged,18.04,0,0,18.04,146,18.41,40.84,11.98,2.0,5.99,59.75,589.07,1106,468,284,70.85
2015-03-04,2015,3,4,2,63,10,1,0,0,4,Store_D,1,Electronics,Laptops,535.28,0,0,535.28,151,603.57,79.25,7.63,2.23,7.0,70.78,413.12,1173,499,340,56.09
2016-05-26,2016,5,26,3,147,21,2,0,0,2,Store_B,1,Electronics,Phones,461.59,0,0,461.59,236,434.5,74.46,11.58,2.38,6.57,70.73,503.24,1309,559,308,57.32
2016-11-25,2016,11,25,4,330,47,4,0,1,4,Store_D,4,Food,Fresh,20.37,15,1,17.32,442,16.06,41.08,2.28,2.55,6.54,56.65,796.58,1319,611,462,141.53
2016-03-27,2016,3,27,6,87,12,1,1,0,4,Store_D,4,Food,Beverages,21.24,5,1,20.18,274,19.39,85.87,0.31,2.8,6.47,73.85,831.42,1620,588,420,127.9
2015-10-29,2015,10,29,3,302,44,4,0,0,1,Store_A,5,Sports,Apparel,85.92,0,0,85.92,171,96.52,37.69,1.31,2.93,6.5,56.36,478.4,999,517,330,39.76
2019-08-01,2019,8,1,3,213,31,3,0,0,1,Store_A,3,Home_Goods,Kitchen,152.88,0,0,152.88,340,140.12,55.42,3.72,1.9,5.84,56.55,570.35,1055,514,340,44.99
2021-07-13,2021,7,13,1,194,28,3,0,0,2,Store_B,1,Electronics,Laptops,468.48,0,0,468.48,485,472.13,63.61,4.81,2.83,6.76,61.38,508.76,1194,510,302,50.14
2015-09-15,2015,9,15,1,258,38,3,0,0,4,Store_D,3,Home_Goods,Furniture,149.81,0,0,149.81,210,135.67,37.33,2.31,2.22,6.77,55.98,497.31,1297,498,244,14.98
2012-01-07,2012,1,7,5,7,1,1,1,0,3,Store_C,3,Home_Goods,Bedding,144.43,5,1,137.21,337,152.11,56.6,3.57,2.87,6.22,64.95,816.23,1353,612,455,60.7
2023-02-23,2023,2,23,3,54,8,1,0,0,4,Store_D,1,Electronics,Phones,541.4,0,0,541.4,176,579.12,76.81,4.36,3.03,6.93,73.41,412.55,1437,456,258,64.53
2010-12-03,2010,12,3,4,337,48,4,0,0,4,Store_D,5,Sports,Footwear,80.02,0,0,80.02,299,88.26,57.48,10.08,2.89,6.02,57.67,548.1,1240,570,322,29.75
2017-02-09,2017,2,9,3,40,6,1,0,0,5,Store_E,1,Electronics,Laptops,513.24,0,0,513.24,347,446.59,69.64,3.89,1.95,6.05,70.49,580.98,1594,569,325,65.06
2017-08-03,2017,8,3,3,215,31,3,0,0,4,Store_D,1,Electronics,Phones,549.98,0,0,549.98,288,494.55,49.47,15.85,2.31,6.67,61.76,444.03,1125,505,354,26.5
2020-02-22,2020,2,22,5,53,8,1,1,0,5,Store_E,2,Clothing,Men,51.89,0,0,51.89,221,52.21,75.77,7.46,2.55,6.88,79.1,561.25,1511,522,526,97.39
2022-01-22,2022,1,22,5,22,3,1,1,0,5,Store_E,4,Food,Fresh,18.79,0,0,18.79,308,17.41,67.68,5.35,3.19,7.06,73.57,566.73,1353,507,381,134.56
2012-12-07,2012,12,7,4,342,49,4,0,0,4,Store_D,5,Sports,Apparel,73.38,0,0,73.38,86,65.29,51.2,1.83,3.18,6.56,64.26,433.73,1212,493,264,29.4
2016-04-09,2016,4,9,5,100,14,2,1,0,1,Store_A,1,Electronics,Phones,463.56,0,0,463.56,473,502.28,79.69,2.61,2.07,6.37,77.6,477.23,1409,465,468,76.24
2014-07-31,2014,7,31,3,212,31,3,0,0,4,Store_D,3,Home_Goods,Kitchen,139.18,0,0,139.18,417,127.21,47.74,11.88,3.2,7.39,61.59,418.96,1200,515,328,25.55
2021-03-07,2021,3,7,6,66,9,1,1,0,3,Store_C,3,Home_Goods,Bedding,153.84,10,1,138.46,397,117.75,80.22,1.09,3.07,6.71,78.01,729.84,1723,615,427,85.65
2021-08-21,2021,8,21,5,233,33,3,1,0,2,Store_B,5,Sports,Equipment,80.25,0,0,80.25,361,73.88,43.64,0.27,2.52,6.83,60.04,402.62,823,497,411,45.7
2021-04-06,2021,4,6,1,96,14,2,0,0,1,Store_A,1,Electronics,Phones,507.17,10,1,456.45,60,413.89,78.67,5.5,2.58,6.84,71.83,721.83,1624,594,360,83.25
2022-01-26,2022,1,26,2,26,4,1,0,0,2,Store_B,2,Clothing,Women,52.22,0,0,52.22,303,52.35,62.06,0.58,2.89,6.83,68.24,445.94,1211,589,295,92.5
2019-03-21,2019,3,21,3,80,12,1,0,0,5,Store_E,5,Sports,Footwear,76.97,0,0,76.97,435,72.48,75.35,4.13,1.99,5.7,78.93,427.69,1397,536,276,68.12
2014-01-28,2014,1,28,1,28,5,1,0,0,3,Store_C,5,Sports,Footwear,80.45,0,0,80.45,191,78.21,66.25,4.46,3.21,6.92,70.45,471.36,1128,526,244,45.28
2011-05-14,2011,5,14,5,134,19,2,1,0,4,Store_D,5,Sports,Apparel,76.3,0,0,76.3,396,65.82,68.2,1.81,3.01,6.0,75.78,448.44,1422,470,443,56.85
2021-12-31,2021,12,31,4,365,52,4,0,0,5,Store_E,2,Clothing,Women,50.6,20,1,40.48,115,39.64,46.46,5.87,2.55,6.72,63.42,795.21,1526,636,287,94.92
2019-07-12,2019,7,12,4,193,28,3,0,0,5,Store_E,3,Home_Goods,Bedding,161.71,0,0,161.71,351,184.94,52.65,9.97,2.54,6.17,61.34,495.18,1111,551,228,40.09
2017-01-25,2017,1,25,2,25,4,1,0,0,5,Store_E,3,Home_Goods,Decor,148.2,0,0,148.2,443,154.82,72.58,3.3,2.23,6.16,69.91,526.7,1447,580,347,50.74
2018-07-21,2018,7,21,5,202,29,3,1,0,2,Store_B,4,Food,Beverages,18.24,0,0,18.24,331,16.6,58.96,1.17,1.89,5.87,68.09,524.81,1167,493,454,109.92
2017-12-31,2017,12,31,6,365,52,4,1,0,4,Store_D,4,Food,Beverages,19.49,0,0,19.49,491,18.08,72.23,8.67,1.74,6.21,61.81,401.31,1146,532,485,123.68
2021-12-26,2021,12,26,6,360,51,4,1,0,5,Store_E,2,Clothing,Women,54.11,5,1,51.41,281,43.77,56.31,1.35,2.98,6.6,64.71,686.6,1364,600,491,103.48
2017-03-29,2017,3,29,2,88,13,1,0,0,1,Store_A,2,Clothing,Women,54.12,0,0,54.12,457,56.53,72.89,0.01,1.88,6.01,80.79,434.16,1410,509,305,70.78
2021-09-26,2021,9,26,6,269,38,3,1,0,5,Store_E,1,Electronics,Tablets,543.55,0,0,543.55,197,498.38,44.74,11.04,3.08,6.82,53.69,406.97,958,433,455,47.36
2021-01-23,2021,1,23,5,23,3,1,1,0,2,Store_B,5,Sports,Accessories,76.6,0,0,76.6,354,65.88,67.07,0.22,2.47,7.03,66.33,409.6,1169,459,437,78.21
2015-07-28,2015,7,28,1,209,31,3,0,0,4,Store_D,4,Food,Fresh,20.49,0,0,20.49,485,19.67,52.34,4.02,2.3,6.44,66.52,575.23,1366,445,223,103.1
2012-10-19,2012,10,19,4,293,42,4,0,0,5,Store_E,5,Sports,Footwear,74.88,0,0,74.88,104,77.3,45.76,19.72,2.66,6.52,53.96,546.99,1002,463,303,42.78
2016-04-01,2016,4,1,4,92,13,2,0,0,5,Store_E,5,Sports,Accessories,73.48,0,0,73.48,92,80.73,82.21,2.18,1.97,6.39,71.77,506.66,1474,534,255,64.0
2023-05-19,2023,5,19,4,139,20,2,0,0,1,Store_A,4,Food,Snacks,19.93,0,0,19.93,435,18.8,75.86,5.42,3.8,7.11,71.93,540.33,1436,526,286,126.62
2021-07-21,2021,7,21,2,202,29,3,0,0,2,Store_B,5,Sports,Equipment,87.95,0,0,87.95,72,92.37,49.21,2.47,2.91,6.93,66.25,492.07,1202,440,274,31.73
2018-05-22,2018,5,22,1,142,21,2,0,0,3,Store_C,5,Sports,Apparel,87.26,0,0,87.26,349,91.29,71.88,1.29,1.91,6.29,65.2,462.38,1508,476,314,64.58
2021-12-14,2021,12,14,1,348,50,4,0,0,1,Store_A,1,Electronics,Accessories,482.65,0,0,482.65,334,461.58,51.41,0.14,2.7,6.72,65.3,596.87,1130,519,307,36.9
2011-10-28,2011,10,28,4,301,43,4,0,0,3,Store_C,2,Clothing,Women,54.99,0,0,54.99,118,58.05,33.9,2.49,2.93,5.91,54.97,400.26,1067,537,322,53.2
2020-10-07,2020,10,7,2,281,41,4,0,0,2,Store_B,5,Sports,Footwear,81.76,0,0,81.76,157,88.71,41.0,2.03,2.92,6.25,56.98,427.38,863,636,305,31.39
2017-03-23,2017,3,23,3,82,12,1,0,0,5,Store_E,3,Home_Goods,Furniture,157.65,0,0,157.65,194,158.7,77.32,21.1,1.58,6.21,73.07,452.03,1250,415,349,52.32
2018-09-12,2018,9,12,2,255,37,3,0,0,1,Store_A,2,Clothing,Kids,51.21,0,0,51.21,199,55.88,39.53,9.32,2.1,5.93,54.76,414.79,890,434,386,54.06
2021-09-05,2021,9,5,6,248,35,3,1,0,2,Store_B,3,Home_Goods,Bedding,135.61,0,0,135.61,310,116.46,44.03,6.06,2.44,7.13,52.88,492.78,1133,498,487,54.37
2018-07-19,2018,7,19,3,200,29,3,0,0,1,Store_A,3,Home_Goods,Kitchen,144.48,0,0,144.48,100,145.65,52.57,1.63,2.49,5.68,66.28,446.68,1171,543,330,28.32
2012-10-14,2012,10,14,6,288,41,4,1,0,2,Store_B,3,Home_Goods,Bedding,162.26,0,0,162.26,295,142.56,43.74,2.86,2.94,6.62,60.22,500.11,1087,532,471,26.56
2011-07-12,2011,7,12,1,193,28,3,0,0,1,Store_A,1,Electronics,Laptops,469.97,0,0,469.97,395,514.03,58.73,1.71,2.25,5.83,66.87,466.72,1125,547,375,30.74
2016-07-27,2016,7,27,2,209,30,3,0,0,4,Store_D,3,Home_Goods,Decor,148.77,0,0,148.77,152,160.31,44.85,1.19,1.97,6.41,59.71,496.95,1084,510,398,34.73
2013-04-22,2013,4,22,0,112,17,2,0,0,3,Store_C,3,Home_Goods,Kitchen,140.62,0,0,140.62,120,125.03,83.63,24.74,3.32,7.09,75.91,453.66,1476,487,337,55.9
2015-06-29,2015,6,29,0,180,27,2,0,0,2,Store_B,3,Home_Goods,Furniture,161.0,0,0,161.0,392,182.06,63.26,5.95,2.38,6.88,62.36,585.98,1357,615,361,38.43
2017-04-10,2017,4,10,0,100,15,2,0,0,4,Store_D,2,Clothing,Men,45.51,0,0,45.51,454,44.7,74.83,0.07,2.02,5.9,72.49,450.01,1178,436,345,76.44
2015-11-06,2015,11,6,4,310,45,4,0,0,4,Store_D,3,Home_Goods,Bedding,138.51,0,0,138.51,332,141.44,45.08,3.04,2.75,6.81,56.14,496.87,1248,366,193,28.38
2014-02-19,2014,2,19,2,50,8,1,0,0,4,Store_D,2,Clothing,Accessories,52.14,0,0,52.14,218,52.23,78.0,0.29,2.5,6.78,71.16,545.99,1450,509,303,76.05
2014-10-03,2014,10,3,4,276,40,4,0,0,4,Store_D,4,Food,Packaged,21.63,0,0,21.63,192,21.68,43.84,0.91,3.04,7.04,52.43,548.33,1037,449,259,74.83
2010-09-03,2010,9,3,4,246,35,3,0,0,4,Store_D,1,Electronics,Phones,529.87,0,0,529.87,321,503.28,51.1,5.43,2.65,6.04,56.54,563.22,1064,484,229,31.07
2013-03-09,2013,3,9,5,68,10,1,1,0,5,Store_E,4,Food,Packaged,18.05,0,0,18.05,329,16.25,74.2,6.56,3.07,6.75,77.32,485.24,1512,461,518,110.6
2019-03-17,2019,3,17,6,76,11,1,1,0,4,Store_D,1,Electronics,Phones,546.36,0,0,546.36,130,517.89,78.58,2.5,2.16,6.07,70.3,543.78,1430,511,468,73.13
2010-09-24,2010,9,24,4,267,38,3,0,0,2,Store_B,5,Sports,Footwear,77.63,0,0,77.63,322,72.95,31.16,6.46,2.3,6.1,56.42,597.15,1145,565,328,8.67
2016-06-24,2016,6,24,4,176,25,2,0,0,1,Store_A,5,Sports,Accessories,80.62,0,0,80.62,240,84.35,56.79,1.47,2.5,6.83,62.49,458.61,1343,506,252,50.98
2013-01-19,2013,1,19,5,19,3,1,1,0,1,Store_A,4,Food,Packaged,19.88,0,0,19.88,52,17.62,58.74,5.24,3.77,6.78,67.8,480.86,1279,500,461,93.63
2010-03-05,2010,3,5,4,64,9,1,0,0,4,Store_D,2,Clothing,Accessories,48.01,0,0,48.01,455,51.01,74.36,0.39,2.49,5.88,79.65,529.51,1272,569,356,68.45
2017-02-05,2017,2,5,6,36,5,1,1,0,4,Store_D,4,Food,Snacks,18.94,0,0,18.94,455,17.8,78.31,0.54,2.22,5.62,68.81,422.72,1373,396,383,127.55
2017-08-20,2017,8,20,6,232,33,3,1,0,4,Store_D,2,Clothing,Men,48.2,0,0,48.2,321,55.31,46.62,3.03,1.55,6.0,52.29,546.54,1143,367,584,58.09
2017-07-20,2017,7,20,3,201,29,3,0,0,1,Store_A,3,Home_Goods,Kitchen,160.3,0,0,160.3,272,183.47,55.41,0.06,2.32,6.09,57.32,525.62,1294,534,398,44.19
2018-03-31,2018,3,31,5,90,13,1,1,0,1,Store_A,2,Clothing,Men,51.19,0,0,51.19,219,44.31,76.63,1.0,2.33,6.12,75.93,552.83,1369,432,473,91.21
2018-06-04,2018,6,4,0,155,23,2,0,0,2,Store_B,3,Home_Goods,Bedding,149.13,0,0,149.13,464,153.89,77.88,3.86,2.21,5.86,70.21,533.06,1313,437,398,57.39
2018-03-18,2018,3,18,6,77,11,1,1,0,2,Store_B,3,Home_Goods,Bedding,137.04,0,0,137.04,432,125.45,74.37,0.43,2.14,5.84,75.56,564.3,1343,508,424,74.52
2017-09-16,2017,9,16,5,259,37,3,1,0,1,Store_A,1,Electronics,Tablets,460.82,0,0,460.82,350,423.81,48.8,1.73,2.02,6.19,55.46,561.65,1075,490,443,48.41
2016-03-09,2016,3,9,2,69,10,1,0,0,3,Store_C,5,Sports,Apparel,75.9,0,0,75.9,169,66.27,81.82,3.31,2.46,6.69,78.63,500.25,1501,554,280,56.82
2023-07-30,2023,7,30,6,211,30,3,1,0,3,Store_C,4,Food,Snacks,18.44,0,0,18.44,445,16.4,54.19,3.16,2.64,7.01,60.27,443.01,1278,624,512,113.94
2018-10-10,2018,10,10,2,283,41,4,0,0,1,Store_A,1,Electronics,Accessories,451.82,0,0,451.82,426,442.28,38.59,10.8,2.38,6.13,59.11,488.02,1078,516,346,33.49
2013-05-22,2013,5,22,2,142,21,2,0,0,3,Store_C,5,Sports,Footwear,76.74,0,0,76.74,144,77.66,71.62,3.59,2.37,6.99,70.94,548.78,1451,426,259,56.18
2010-04-14,2010,4,14,2,104,15,2,0,0,5,Store_E,5,Sports,Apparel,83.13,10,1,74.82,309,67.66,72.3,10.37,2.0,6.36,75.0,631.24,1584,550,299,59.34
2017-03-28,2017,3,28,1,87,13,1,0,0,3,Store_C,3,Home_Goods,Decor,139.35,0,0,139.35,326,156.56,73.78,0.64,1.92,6.07,74.09,491.79,1315,432,322,51.44
2010-09-30,2010,9,30,3,273,39,3,0,0,2,Store_B,4,Food,Fresh,20.88,0,0,20.88,174,21.93,46.81,3.36,2.99,5.59,56.07,503.86,1107,472,396,61.36
2011-05-24,2011,5,24,1,144,21,2,0,0,2,Store_B,5,Sports,Footwear,86.79,0,0,86.79,432,83.54,68.9,1.6,2.82,6.1,73.01,532.33,1562,533,287,53.03
2016-02-05,2016,2,5,4,36,5,1,0,0,4,Store_D,3,Home_Goods,Furniture,156.26,0,0,156.26,71,172.88,65.11,0.54,2.37,6.86,71.1,482.15,1434,521,225,51.04
2023-07-05,2023,7,5,2,186,27,3,0,0,4,Store_D,1,Electronics,Tablets,534.86,0,0,534.86,73,463.02,63.12,7.97,3.11,7.1,66.06,491.31,1224,544,275,60.44
2016-09-07,2016,9,7,2,251,36,3,0,0,4,Store_D,2,Clothing,Kids,47.13,0,0,47.13,394,42.01,44.36,0.3,2.25,6.52,53.69,592.02,1043,444,286,48.52
2012-05-15,2012,5,15,1,136,20,2,0,0,4,Store_D,4,Food,Fresh,19.52,0,0,19.52,275,17.53,67.78,18.24,3.26,6.3,71.81,537.16,1330,477,324,99.99
2019-02-09,2019,2,9,5,40,6,1,1,0,3,Store_C,4,Food,Packaged,19.76,0,0,19.76,101,21.06,63.64,19.09,1.53,5.95,71.9,486.75,1318,503,465,116.93
2012-06-27,2012,6,27,2,179,26,2,0,0,2,Store_B,2,Clothing,Men,47.63,0,0,47.63,276,41.38,61.86,14.21,3.08,5.91,63.49,466.3,1147,523,345,67.32
2015-10-16,2015,10,16,4,289,42,4,0,0,1,Store_A,5,Sports,Footwear,79.76,0,0,79.76,135,76.36,46.96,2.04,2.7,6.78,52.4,541.45,1106,512,200,51.82
2020-09-01,2020,9,1,1,245,36,3,0,0,4,Store_D,5,Sports,Apparel,87.4,10,1,78.66,412,78.75,33.88,0.61,2.18,6.77,56.2,631.42,1050,645,359,64.82
2014-06-16,2014,6,16,0,167,25,2,0,0,3,Store_C,3,Home_Goods,Decor,144.44,0,0,144.44,465,140.46,62.75,0.4,3.0,7.02,66.46,462.31,1413,488,259,36.39
2017-11-13,2017,11,13,0,317,46,4,0,0,1,Store_A,4,Food,Snacks,18.06,0,0,18.06,270,16.87,45.16,2.6,1.82,5.75,64.0,547.16,1049,592,294,84.17
2014-03-03,2014,3,3,0,62,10,1,0,0,4,Store_D,3,Home_Goods,Furniture,141.13,0,0,141.13,68,141.57,72.6,0.09,2.5,7.21,75.92,406.49,1517,521,246,29.5
2012-04-15,2012,4,15,6,106,15,2,1,0,1,Store_A,4,Food,Packaged,18.48,0,0,18.48,396,19.81,77.97,11.28,3.02,6.89,72.6,591.94,1485,452,449,111.36
2010-12-25,2010,12,25,5,359,51,4,1,1,3,Store_C,5,Sports,Apparel,79.76,10,1,71.79,365,81.96,56.1,2.12,2.44,5.92,68.8,845.34,1477,604,761,84.7
2010-05-19,2010,5,19,2,139,20,2,0,0,1,Store_A,2,Clothing,Women,53.21,0,0,53.21,197,56.13,77.65,8.64,2.21,6.05,75.92,504.03,1427,474,298,48.84
2010-10-27,2010,10,27,2,300,43,4,0,0,2,Store_B,5,Sports,Equipment,76.27,0,0,76.27,141,84.69,44.14,0.39,2.83,5.88,54.79,452.01,1103,492,356,25.4
2014-04-06,2014,4,6,6,96,14,2,1,0,3,Store_C,5,Sports,Apparel,82.13,0,0,82.13,80,82.63,71.03,4.05,3.03,6.94,70.37,573.47,1336,437,404,68.81
2012-09-30,2012,9,30,6,274,39,3,1,0,3,Store_C,5,Sports,Equipment,74.82,0,0,74.82,168,65.65,36.53,3.15,3.11,6.65,48.82,541.3,1087,599,333,29.36
2011-01-18,2011,1,18,1,18,3,1,0,0,5,Store_E,4,Food,Packaged,20.59,10,1,18.53,236,17.33,74.24,3.01,2.76,6.13,67.49,696.03,1454,649,292,85.15
2012-07-30,2012,7,30,0,212,31,3,0,0,4,Store_D,2,Clothing,Kids,52.22,0,0,52.22,400,52.36,44.24,3.16,3.47,6.56,53.43,555.82,1195,500,389,51.21
2022-03-05,2022,3,5,5,64,9,1,1,0,1,Store_A,4,Food,Packaged,22.0,10,1,19.8,463,17.86,81.68,4.95,3.54,6.98,75.16,664.64,1467,619,433,162.52
2023-04-17,2023,4,17,0,107,16,2,0,0,5,Store_E,5,Sports,Apparel,84.24,0,0,84.24,352,79.79,79.54,11.32,3.02,6.85,70.22,513.08,1447,456,204,83.86
2012-02-01,2012,2,1,2,32,5,1,0,0,5,Store_E,1,Electronics,Accessories,526.67,0,0,526.67,395,503.81,66.13,2.59,2.7,6.27,70.46,513.03,1459,517,190,59.22
2014-09-02,2014,9,2,1,245,36,3,0,0,1,Store_A,4,Food,Packaged,21.37,0,0,21.37,226,23.76,44.54,6.68,2.72,7.07,52.96,405.27,1128,545,272,80.18
2015-02-17,2015,2,17,1,48,8,1,0,0,2,Store_B,5,Sports,Equipment,78.04,0,0,78.04,241,72.79,76.79,21.47,2.41,6.97,74.76,517.72,1295,516,314,50.21
2016-12-25,2016,12,25,6,360,51,4,1,1,4,Store_D,2,Clothing,Men,50.0,0,0,50.0,141,45.07,42.22,6.46,1.97,6.51,65.52,546.34,1368,415,654,100.38
2015-09-18,2015,9,18,4,261,38,3,0,0,5,Store_E,1,Electronics,Tablets,495.06,0,0,495.06,83,492.6,39.79,5.84,1.89,6.65,49.88,512.57,966,466,280,16.77
2016-01-07,2016,1,7,3,7,1,1,0,0,3,Store_C,4,Food,Fresh,21.71,0,0,21.71,180,22.59,56.89,1.43,1.81,6.27,65.35,463.94,1187,533,299,100.41
2012-06-17,2012,6,17,6,169,24,2,1,0,5,Store_E,5,Sports,Equipment,75.21,0,0,75.21,355,75.59,64.96,11.99,3.01,6.53,62.79,568.49,1349,487,474,55.7
2020-12-13,2020,12,13,6,348,50,4,1,0,4,Store_D,5,Sports,Apparel,84.92,0,0,84.92,372,78.69,55.71,1.31,2.8,6.65,61.26,415.05,1131,532,490,75.94
2019-11-25,2019,11,25,0,329,48,4,0,1,5,Store_E,3,Home_Goods,Furniture,150.25,10,1,135.22,260,154.66,44.21,1.35,1.87,6.13,62.51,847.06,1352,631,521,73.64
2013-11-03,2013,11,3,6,307,44,4,1,0,4,Store_D,3,Home_Goods,Kitchen,136.03,0,0,136.03,184,133.93,39.77,5.22,2.7,7.02,50.54,482.48,1197,524,394,16.92
2020-08-09,2020,8,9,6,222,32,3,1,0,3,Store_C,1,Electronics,Phones,518.58,0,0,518.58,467,520.02,50.14,1.28,2.9,6.52,58.09,560.47,1191,538,433,36.55
2020-05-13,2020,5,13,2,134,20,2,0,0,1,Store_A,2,Clothing,Accessories,49.76,0,0,49.76,284,55.82,78.4,5.21,2.2,6.71,73.81,534.82,1536,503,343,76.35
2022-01-04,2022,1,4,1,4,1,1,0,0,3,Store_C,1,Electronics,Phones,464.54,0,0,464.54,80,477.26,65.79,16.55,2.87,6.87,62.57,465.62,1248,527,201,63.56
2018-02-03,2018,2,3,5,34,5,1,1,0,5,Store_E,3,Home_Goods,Decor,147.48,0,0,147.48,188,150.61,66.97,0.96,2.08,5.98,73.06,483.72,1398,546,401,57.59
2014-02-21,2014,2,21,4,52,8,1,0,0,1,Store_A,3,Home_Goods,Kitchen,135.31,0,0,135.31,70,122.08,74.04,1.33,2.98,6.78,70.46,577.61,1401,544,325,47.99
2013-04-03,2013,4,3,2,93,14,2,0,0,3,Store_C,3,Home_Goods,Decor,144.23,0,0,144.23,204,150.31,80.08,1.77,3.23,6.92,74.01,594.3,1365,452,368,54.32
2018-03-09,2018,3,9,4,68,10,1,0,0,1,Store_A,5,Sports,Footwear,72.16,0,0,72.16,203,68.59,79.32,2.44,1.61,6.13,74.92,588.16,1419,476,339,62.85
2015-09-12,2015,9,12,5,255,37,3,1,0,5,Store_E,4,Food,Beverages,19.69,0,0,19.69,393,19.97,41.87,18.34,2.14,6.69,61.82,565.51,1052,431,477,118.47
2023-08-24,2023,8,24,3,236,34,3,0,0,4,Store_D,1,Electronics,Laptops,483.15,0,0,483.15,143,431.94,46.2,11.37,2.88,6.86,54.52,421.38,1172,505,270,45.75
2019-05-31,2019,5,31,4,151,22,2,0,0,2,Store_B,5,Sports,Footwear,76.59,10,1,68.93,432,59.45,70.75,2.92,1.98,6.03,70.79,750.96,1564,692,318,57.57
2010-04-19,2010,4,19,0,109,16,2,0,0,5,Store_E,4,Food,Fresh,19.95,0,0,19.95,299,20.32,72.5,7.39,2.17,5.97,73.83,546.49,1357,506,287,107.23
2022-11-12,2022,11,12,5,316,45,4,1,0,4,Store_D,5,Sports,Apparel,79.14,15,1,67.27,78,57.65,48.32,1.96,3.13,7.1,60.59,845.79,1495,578,464,96.03
2017-09-28,2017,9,28,3,271,39,3,0,0,2,Store_B,3,Home_Goods,Kitchen,144.48,0,0,144.48,250,159.92,30.84,5.98,1.72,5.72,55.51,411.62,1055,470,275,25.61
2022-12-31,2022,12,31,5,365,52,4,1,0,1,Store_A,5,Sports,Equipment,77.35,5,1,73.48,373,74.04,59.71,4.07,3.54,6.89,66.21,824.96,1537,572,482,78.65
2010-02-28,2010,2,28,6,59,8,1,1,0,5,Store_E,3,Home_Goods,Furniture,138.61,5,1,131.68,474,119.29,73.81,0.3,2.86,5.93,69.98,827.47,1500,623,422,69.96
2010-03-18,2010,3,18,3,77,11,1,0,0,3,Store_C,2,Clothing,Kids,51.67,0,0,51.67,350,46.14,79.72,0.89,2.54,6.12,72.27,431.23,1490,439,297,71.43
2012-03-07,2012,3,7,2,67,10,1,0,0,2,Store_B,1,Electronics,Laptops,539.18,0,0,539.18,244,554.36,84.0,6.54,2.87,6.35,76.01,493.66,1430,556,340,65.21
2011-01-04,2011,1,4,1,4,1,1,0,0,5,Store_E,1,Electronics,Tablets,529.55,0,0,529.55,342,458.81,65.03,4.55,2.81,6.25,67.35,586.43,1382,541,246,40.57
2023-06-07,2023,6,7,2,158,23,2,0,0,2,Store_B,5,Sports,Apparel,86.13,0,0,86.13,338,88.47,64.84,0.81,2.64,6.64,73.57,590.86,1286,449,338,72.53
2012-02-25,2012,2,25,5,56,8,1,1,0,1,Store_A,4,Food,Snacks,20.89,0,0,20.89,368,19.12,73.23,3.84,3.3,6.52,69.87,429.18,1581,536,448,93.16
2015-09-20,2015,9,20,6,263,38,3,1,0,1,Store_A,3,Home_Goods,Bedding,138.56,0,0,138.56,433,121.85,39.38,2.06,2.66,6.93,54.76,596.02,1075,455,500,29.32
2016-05-03,2016,5,3,1,124,18,2,0,0,4,Store_D,5,Sports,Footwear,87.61,0,0,87.61,364,85.97,78.13,3.45,2.04,6.46,74.01,528.98,1200,441,391,70.81
2019-04-08,2019,4,8,0,98,15,2,0,0,4,Store_D,1,Electronics,Phones,493.09,0,0,493.09,496,488.43,80.03,1.77,1.84,6.06,78.53,558.54,1546,511,343,72.14
2019-11-15,2019,11,15,4,319,46,4,0,0,5,Store_E,3,Home_Goods,Kitchen,143.4,0,0,143.4,322,150.58,47.8,2.1,2.39,6.11,56.54,475.35,980,536,326,52.16
2021-04-04,2021,4,4,6,94,13,2,1,0,1,Store_A,4,Food,Packaged,19.71,0,0,19.71,301,17.04,77.57,14.87,2.62,6.98,78.14,535.97,1408,434,435,129.83
2015-03-18,2015,3,18,2,77,12,1,0,0,5,Store_E,2,Clothing,Men,54.9,10,1,49.41,174,56.71,83.75,0.94,2.44,6.96,74.45,627.34,1583,608,319,93.57
2014-08-31,2014,8,31,6,243,35,3,1,0,1,Store_A,3,Home_Goods,Furniture,138.43,0,0,138.43,318,123.26,38.38,10.75,3.09,6.75,55.56,597.17,1152,436,352,44.04
2010-05-02,2010,5,2,6,122,17,2,1,0,4,Store_D,1,Electronics,Tablets,539.25,0,0,539.25,281,611.75,84.42,5.1,2.42,5.84,74.8,446.84,1306,453,467,56.66
2015-01-19,2015,1,19,0,19,4,1,0,0,3,Store_C,2,Clothing,Women,51.25,0,0,51.25,353,57.55,61.53,0.53,2.22,7.29,59.77,514.6,1272,509,336,71.92
2016-06-27,2016,6,27,0,179,26,2,0,0,4,Store_D,5,Sports,Accessories,75.54,0,0,75.54,199,64.9,56.5,9.7,2.17,6.38,62.44,435.54,1235,504,430,55.82
2020-03-17,2020,3,17,1,77,12,1,0,0,4,Store_D,3,Home_Goods,Kitchen,157.66,0,0,157.66,380,148.11,76.98,9.0,2.67,6.91,68.17,588.56,1527,481,303,71.43
2012-06-29,2012,6,29,4,181,26,2,0,0,4,Store_D,2,Clothing,Kids,49.79,0,0,49.79,420,51.55,62.41,16.46,3.34,6.75,66.94,575.52,1313,591,334,59.55
2010-05-05,2010,5,5,2,125,18,2,0,0,5,Store_E,5,Sports,Equipment,81.73,0,0,81.73,350,87.08,80.77,0.21,2.66,5.92,75.09,533.06,1492,554,309,47.48
2017-01-16,2017,1,16,0,16,3,1,0,0,2,Store_B,4,Food,Packaged,20.1,0,0,20.1,341,23.07,64.46,1.93,2.2,6.02,66.33,492.01,1423,460,339,96.72
2014-05-06,2014,5,6,1,126,19,2,0,0,5,Store_E,1,Electronics,Tablets,523.19,0,0,523.19,421,524.33,74.9,0.84,3.44,6.89,77.84,506.32,1416,525,326,63.73
2013-06-11,2013,6,11,1,162,24,2,0,0,2,Store_B,3,Home_Goods,Kitchen,145.04,0,0,145.04,180,166.53,75.42,0.25,2.91,6.58,67.97,568.11,1305,530,358,31.48
2019-06-04,2019,6,4,1,155,23,2,0,0,3,Store_C,2,Clothing,Women,48.89,0,0,48.89,450,41.72,66.27,10.41,1.9,5.89,70.18,448.44,1348,436,329,86.11
2019-07-13,2019,7,13,5,194,28,3,1,0,5,Store_E,1,Electronics,Accessories,485.59,0,0,485.59,400,532.1,49.92,1.99,2.26,5.96,64.34,539.74,1128,546,482,60.51
2021-04-01,2021,4,1,3,91,13,2,0,0,2,Store_B,3,Home_Goods,Decor,155.75,0,0,155.75,260,156.35,83.19,4.43,2.88,6.89,75.81,572.98,1511,605,413,69.32
2013-03-24,2013,3,24,6,83,12,1,1,0,2,Store_B,5,Sports,Equipment,80.75,0,0,80.75,485,74.43,85.66,16.95,3.12,7.15,74.21,583.41,1379,539,468,75.83
2019-06-26,2019,6,26,2,177,26,2,0,0,4,Store_D,1,Electronics,Laptops,457.13,0,0,457.13,181,477.48,61.56,9.35,2.25,6.31,67.66,542.15,1486,489,293,57.76
2019-07-02,2019,7,2,1,183,27,3,0,0,3,Store_C,5,Sports,Apparel,80.66,0,0,80.66,158,72.46,59.89,3.44,2.15,6.07,63.66,509.42,1162,466,270,54.88
2019-06-30,2019,6,30,6,181,26,2,1,0,1,Store_A,5,Sports,Footwear,72.06,0,0,72.06,253,71.87,61.2,8.37,2.26,6.1,68.9,558.37,1385,480,373,78.02
2015-10-05,2015,10,5,0,278,41,4,0,0,1,Store_A,1,Electronics,Laptops,481.36,0,0,481.36,471,486.25,32.85,10.24,2.72,6.86,53.79,476.77,874,561,358,28.99
2011-03-19,2011,3,19,5,78,11,1,1,0,4,Store_D,2,Clothing,Accessories,51.89,0,0,51.89,454,55.52,78.26,0.51,2.88,6.09,77.0,510.26,1361,483,485,105.21
2016-02-06,2016,2,6,5,37,5,1,1,0,2,Store_B,1,Electronics,Laptops,514.53,0,0,514.53,170,569.05,70.33,0.32,2.31,6.7,73.83,435.43,1214,546,407,53.29
2022-02-03,2022,2,3,3,34,5,1,0,0,4,Store_D,3,Home_Goods,Furniture,136.49,0,0,136.49,491,153.2,70.58,0.18,2.98,7.08,69.04,440.33,1332,421,336,63.55
2012-07-14,2012,7,14,5,196,28,3,1,0,4,Store_D,3,Home_Goods,Kitchen,146.46,20,1,117.16,203,107.99,51.01,1.08,2.74,6.44,63.68,768.56,1421,610,511,56.53
2021-01-03,2021,1,3,6,3,53,1,1,0,5,Store_E,4,Food,Beverages,18.83,0,0,18.83,410,20.06,65.14,7.46,2.58,6.74,63.91,473.43,1257,490,493,122.96
2015-11-16,2015,11,16,0,320,47,4,0,0,2,Store_B,5,Sports,Accessories,75.98,0,0,75.98,151,79.23,41.75,1.63,2.26,6.94,58.01,421.84,1271,500,327,32.56
2023-01-23,2023,1,23,0,23,4,1,0,0,2,Store_B,2,Clothing,Men,53.44,0,0,53.44,117,47.97,78.48,18.15,2.36,7.28,68.05,446.88,1512,515,306,69.47
2013-11-12,2013,11,12,1,316,46,4,0,0,5,Store_E,4,Food,Beverages,20.89,0,0,20.89,342,18.75,43.72,2.47,3.35,7.09,59.79,412.57,1133,543,212,86.97
2019-06-29,2019,6,29,5,180,26,2,1,0,3,Store_C,1,Electronics,Tablets,499.71,0,0,499.71,394,432.83,61.53,7.36,3.04,6.27,62.55,547.72,1276,479,460,74.09
2015-09-04,2015,9,4,4,247,36,3,0,0,5,Store_E,2,Clothing,Kids,49.62,0,0,49.62,308,53.77,39.59,15.83,2.1,6.73,53.33,438.31,1029,498,338,54.53
2014-02-18,2014,2,18,1,49,8,1,0,0,1,Store_A,3,Home_Goods,Furniture,152.24,30,1,106.57,215,105.79,84.71,1.76,3.11,6.85,76.77,815.33,1566,634,341,83.12
2013-05-12,2013,5,12,6,132,19,2,1,0,2,Store_B,5,Sports,Equipment,84.4,0,0,84.4,488,75.44,71.21,0.93,3.61,6.61,69.45,421.63,1519,513,511,73.96
2021-02-24,2021,2,24,2,55,8,1,0,0,1,Store_A,2,Clothing,Women,51.82,0,0,51.82,478,54.27,74.02,0.26,2.86,6.84,67.96,591.6,1229,562,304,89.98
2017-01-29,2017,1,29,6,29,4,1,1,0,3,Store_C,2,Clothing,Accessories,47.79,0,0,47.79,332,54.77,66.91,5.23,1.76,6.36,72.9,519.08,1245,513,380,83.22
2022-03-09,2022,3,9,2,68,10,1,0,0,3,Store_C,2,Clothing,Kids,54.37,0,0,54.37,179,51.67,74.91,2.81,3.42,6.94,75.26,459.32,1433,520,367,93.55
2018-01-30,2018,1,30,1,30,5,1,0,0,2,Store_B,2,Clothing,Men,49.94,0,0,49.94,123,54.21,69.48,0.76,2.47,5.88,68.68,433.77,1225,527,248,85.47
2020-08-21,2020,8,21,4,234,34,3,0,0,5,Store_E,1,Electronics,Laptops,495.12,0,0,495.12,284,554.46,48.03,2.43,2.48,6.69,60.3,564.18,1250,506,316,45.28
2010-11-21,2010,11,21,6,325,46,4,1,0,2,Store_B,4,Food,Snacks,21.26,0,0,21.26,254,23.51,46.11,10.39,2.38,6.08,56.66,420.23,933,564,416,88.67
2020-11-21,2020,11,21,5,326,47,4,1,0,1,Store_A,2,Clothing,Men,48.45,0,0,48.45,388,49.97,47.98,0.14,2.55,6.48,54.86,595.19,1283,516,442,70.17
2019-10-17,2019,10,17,3,290,42,4,0,0,3,Store_C,2,Clothing,Kids,45.26,0,0,45.26,105,49.1,51.3,8.36,2.05,6.05,59.38,486.12,949,509,252,47.1
2016-01-21,2016,1,21,3,21,3,1,0,0,2,Store_B,5,Sports,Footwear,73.95,0,0,73.95,408,84.56,65.32,0.75,1.88,6.64,65.18,479.71,1312,564,353,72.2
2019-01-12,2019,1,12,5,12,2,1,1,0,5,Store_E,1,Electronics,Tablets,475.36,0,0,475.36,356,423.42,59.06,2.15,1.86,6.18,57.24,496.7,1333,449,440,78.0
2018-04-24,2018,4,24,1,114,17,2,0,0,2,Store_B,3,Home_Goods,Bedding,150.47,0,0,150.47,269,146.73,73.7,4.23,2.21,6.1,74.44,568.04,1572,444,293,59.47
2014-02-07,2014,2,7,4,38,6,1,0,0,2,Store_B,3,Home_Goods,Decor,164.34,0,0,164.34,287,154.96,73.52,7.88,2.8,7.24,65.39,524.66,1439,538,392,53.2
2014-02-11,2014,2,11,1,42,7,1,0,0,2,Store_B,5,Sports,Footwear,82.38,0,0,82.38,385,79.43,69.93,0.97,3.09,7.45,76.12,565.15,1548,490,335,46.54
2012-10-03,2012,10,3,2,277,40,4,0,0,1,Store_A,2,Clothing,Women,52.55,0,0,52.55,130,60.35,42.6,0.26,2.78,6.14,56.42,426.73,942,534,263,32.0
2021-06-11,2021,6,11,4,162,23,2,0,0,5,Store_E,3,Home_Goods,Kitchen,152.6,0,0,152.6,464,158.96,72.07,2.45,2.85,6.82,65.39,574.16,1375,543,306,59.62
2018-04-02,2018,4,2,0,92,14,2,0,0,5,Store_E,2,Clothing,Men,53.81,30,1,37.67,223,32.59,74.77,6.3,1.52,5.8,72.54,634.65,1516,608,284,107.69
2019-08-18,2019,8,18,6,230,33,3,1,0,5,Store_E,5,Sports,Accessories,80.99,5,1,76.94,444,71.09,43.47,8.14,2.09,6.09,61.21,890.8,1317,515,400,66.71
2014-01-07,2014,1,7,1,7,2,1,0,0,4,Store_D,5,Sports,Accessories,78.65,0,0,78.65,478,81.85,70.32,0.23,3.16,6.88,62.41,462.04,1341,420,292,51.28
2013-05-10,2013,5,10,4,130,19,2,0,0,3,Store_C,3,Home_Goods,Bedding,153.32,0,0,153.32,262,157.81,75.55,4.15,2.82,6.77,67.41,507.13,1549,625,309,42.37
2018-09-03,2018,9,3,0,246,36,3,0,0,5,Store_E,1,Electronics,Accessories,473.62,0,0,473.62,387,410.79,30.42,0.13,2.28,6.0,54.87,509.82,1085,488,299,29.21
2016-03-17,2016,3,17,3,77,11,1,0,0,5,Store_E,4,Food,Beverages,18.58,0,0,18.58,85,19.85,81.75,3.16,2.07,6.14,74.65,460.03,1314,480,286,97.74
2020-06-05,2020,6,5,4,157,23,2,0,0,2,Store_B,5,Sports,Footwear,84.64,0,0,84.64,474,92.21,59.11,1.8,2.34,6.4,66.05,425.56,1262,543,263,69.34
2013-05-01,2013,5,1,2,121,18,2,0,0,3,Store_C,1,Electronics,Phones,547.34,0,0,547.34,347,626.62,75.74,2.15,3.13,6.78,70.67,439.81,1321,460,268,56.56
2020-11-20,2020,11,20,4,325,47,4,0,0,5,Store_E,5,Sports,Apparel,78.54,20,1,62.83,250,67.14,40.36,2.56,2.59,6.74,56.4,657.87,1270,614,276,75.13
2022-07-21,2022,7,21,3,202,29,3,0,0,4,Store_D,4,Food,Snacks,20.79,0,0,20.79,308,21.3,49.7,4.71,3.08,6.99,61.09,434.4,1017,513,282,105.26
2011-02-25,2011,2,25,4,56,8,1,0,0,1,Store_A,4,Food,Beverages,19.05,0,0,19.05,474,20.03,71.43,23.4,2.34,6.15,68.26,568.88,1400,426,280,122.73
2019-05-16,2019,5,16,3,136,20,2,0,0,4,Store_D,1,Electronics,Tablets,531.85,0,0,531.85,316,491.17,64.09,8.96,2.18,6.47,74.15,532.06,1549,496,233,68.55
2010-01-07,2010,1,7,3,7,1,1,0,0,5,Store_E,3,Home_Goods,Furniture,141.86,0,0,141.86,135,158.06,55.07,0.56,2.77,5.7,65.52,483.3,1231,537,283,21.61
2012-07-21,2012,7,21,5,203,29,3,1,0,2,Store_B,4,Food,Packaged,20.62,0,0,20.62,130,20.43,53.58,4.97,3.01,6.48,66.61,463.55,1092,433,471,98.34
2014-08-19,2014,8,19,1,231,34,3,0,0,4,Store_D,5,Sports,Equipment,84.98,0,0,84.98,267,82.1,49.14,12.08,3.01,6.93,64.0,475.53,1201,487,332,56.3
2011-03-16,2011,3,16,2,75,11,1,0,0,2,Store_B,4,Food,Packaged,19.61,0,0,19.61,230,19.49,88.22,13.88,2.77,6.12,74.9,597.34,1644,560,268,94.99
2013-08-06,2013,8,6,1,218,32,3,0,0,1,Store_A,4,Food,Snacks,20.35,0,0,20.35,480,21.41,52.86,2.09,3.4,6.39,61.1,540.12,1077,507,368,95.18
2011-11-10,2011,11,10,3,314,45,4,0,0,5,Store_E,5,Sports,Equipment,81.09,0,0,81.09,245,87.51,38.75,1.14,2.7,6.25,58.04,478.92,1028,457,209,25.07
2015-04-28,2015,4,28,1,118,18,2,0,0,3,Store_C,3,Home_Goods,Kitchen,150.72,0,0,150.72,85,173.05,79.04,0.51,2.88,6.78,77.26,489.43,1326,532,221,42.25
2022-08-16,2022,8,16,1,228,33,3,0,0,2,Store_B,1,Electronics,Phones,461.27,0,0,461.27,133,466.31,42.04,4.53,2.33,7.33,53.8,493.03,980,541,312,43.71
2019-01-17,2019,1,17,3,17,3,1,0,0,4,Store_D,4,Food,Packaged,18.48,0,0,18.48,331,21.07,64.44,1.15,2.06,6.39,65.84,590.04,1484,481,263,114.78
2016-03-18,2016,3,18,4,78,11,1,0,0,3,Store_C,1,Electronics,Tablets,513.57,0,0,513.57,280,521.96,81.77,5.3,2.56,6.68,77.11,508.44,1623,568,315,55.17
2022-09-08,2022,9,8,3,251,36,3,0,0,3,Store_C,5,Sports,Footwear,72.98,0,0,72.98,71,66.48,45.05,6.81,2.92,6.7,52.53,584.24,1131,544,358,41.12
2021-03-04,2021,3,4,3,63,9,1,0,0,3,Store_C,4,Food,Beverages,18.14,10,1,16.33,234,17.33,70.22,1.73,2.54,6.66,72.12,717.94,1502,568,365,128.25
2016-11-23,2016,11,23,2,328,47,4,0,1,5,Store_E,3,Home_Goods,Bedding,137.93,20,1,110.35,493,107.05,50.92,0.28,2.32,6.5,59.09,858.5,1279,530,534,94.31
2016-09-05,2016,9,5,0,249,36,3,0,0,3,Store_C,2,Clothing,Women,52.17,0,0,52.17,113,48.0,45.38,7.78,1.82,6.69,56.51,442.29,1112,433,307,57.45
2021-01-20,2021,1,20,2,20,3,1,0,0,4,Store_D,1,Electronics,Phones,477.91,0,0,477.91,181,417.21,69.1,2.88,3.01,6.61,67.61,476.89,1391,476,389,56.21
2015-03-09,2015,3,9,0,68,11,1,0,0,4,Store_D,5,Sports,Equipment,82.53,0,0,82.53,63,92.55,81.19,4.15,2.43,6.59,69.13,567.56,1463,469,392,68.96
2021-08-15,2021,8,15,6,227,32,3,1,0,2,Store_B,5,Sports,Accessories,73.68,0,0,73.68,429,76.3,47.73,7.65,2.97,6.63,55.33,441.36,1153,550,404,59.96
2023-03-23,2023,3,23,3,82,12,1,0,0,3,Store_C,1,Electronics,Laptops,504.25,5,1,479.03,91,421.8,77.39,8.89,2.77,6.94,75.57,610.22,1623,666,345,72.42
2017-03-25,2017,3,25,5,84,12,1,1,0,3,Store_C,3,Home_Goods,Decor,148.46,0,0,148.46,431,148.45,77.41,2.47,2.23,6.07,76.01,578.96,1470,563,468,85.16
2010-07-14,2010,7,14,2,195,28,3,0,0,5,Store_E,3,Home_Goods,Decor,138.95,0,0,138.95,102,129.72,52.69,8.74,2.34,6.08,62.29,593.99,1143,511,360,19.11
2014-01-14,2014,1,14,1,14,3,1,0,0,2,Store_B,1,Electronics,Laptops,534.03,0,0,534.03,376,592.45,61.65,1.8,2.71,7.19,71.22,437.6,1298,461,245,58.68
2022-08-22,2022,8,22,0,234,34,3,0,0,4,Store_D,2,Clothing,Men,46.6,0,0,46.6,283,52.61,44.3,2.34,2.79,6.74,60.76,456.12,1009,464,383,60.47
2013-04-26,2013,4,26,4,116,17,2,0,0,5,Store_E,3,Home_Goods,Kitchen,147.95,0,0,147.95,471,161.62,91.4,1.65,3.41,6.99,73.94,545.39,1693,485,346,48.04
2016-09-04,2016,9,4,6,248,35,3,1,0,1,Store_A,3,Home_Goods,Bedding,153.51,0,0,153.51,466,149.04,48.96,1.13,2.34,6.28,53.86,444.78,957,495,420,44.78
2014-07-16,2014,7,16,2,197,29,3,0,0,4,Store_D,3,Home_Goods,Bedding,139.53,0,0,139.53,217,155.8,65.18,1.17,2.05,7.16,69.43,432.85,1236,446,244,20.83
2017-05-24,2017,5,24,2,144,21,2,0,0,2,Store_B,4,Food,Fresh,21.41,0,0,21.41,486,22.04,73.34,0.17,2.23,6.31,71.76,464.51,1245,459,219,111.77
2018-06-10,2018,6,10,6,161,23,2,1,0,5,Store_E,3,Home_Goods,Bedding,163.91,15,1,139.32,375,153.82,71.2,4.12,2.38,5.78,65.99,852.98,1593,661,425,70.92
2017-05-29,2017,5,29,0,149,22,2,0,0,2,Store_B,5,Sports,Apparel,84.12,0,0,84.12,494,87.74,66.16,0.12,2.36,6.07,71.51,442.81,1443,468,229,71.57
2021-07-28,2021,7,28,2,209,30,3,0,0,4,Store_D,3,Home_Goods,Furniture,156.86,0,0,156.86,62,155.69,47.56,8.8,3.09,6.65,65.98,500.93,1137,542,359,46.01
2017-10-13,2017,10,13,4,286,41,4,0,0,3,Store_C,4,Food,Fresh,19.95,0,0,19.95,436,17.47,40.46,4.42,1.95,6.57,58.17,500.67,999,485,333,78.71
2016-04-21,2016,4,21,3,112,16,2,0,0,4,Store_D,1,Electronics,Accessories,510.81,0,0,510.81,493,585.49,73.42,1.31,2.83,6.39,78.39,460.23,1354,472,339,53.69
2013-02-04,2013,2,4,0,35,6,1,0,0,5,Store_E,4,Food,Packaged,18.08,0,0,18.08,350,20.66,74.53,7.98,2.58,6.88,72.53,451.81,1307,515,263,100.94
2014-01-01,2014,1,1,2,1,1,1,0,1,3,Store_C,5,Sports,Accessories,86.72,0,0,86.72,299,77.82,56.91,2.66,2.99,7.38,69.83,413.81,1202,562,499,78.65
2010-10-04,2010,10,4,0,277,40,4,0,0,4,Store_D,1,Electronics,Tablets,536.86,0,0,536.86,210,553.09,34.71,4.98,2.8,5.77,46.5,551.56,979,442,343,17.64
2016-02-01,2016,2,1,0,32,5,1,0,0,5,Store_E,1,Electronics,Tablets,466.38,0,0,466.38,460,504.47,65.23,4.0,2.2,6.62,67.07,541.72,1414,512,294,75.4
2016-05-20,2016,5,20,4,141,20,2,0,0,3,Store_C,5,Sports,Footwear,79.79,0,0,79.79,362,68.7,69.13,4.57,2.63,6.42,76.16,424.81,1440,622,303,72.5
2021-11-01,2021,11,1,0,305,44,4,0,0,5,Store_E,5,Sports,Accessories,72.3,0,0,72.3,319,73.64,41.53,2.92,2.81,6.98,59.77,514.49,1166,522,292,57.93
2013-07-26,2013,7,26,4,207,30,3,0,0,3,Store_C,2,Clothing,Accessories,48.85,0,0,48.85,381,44.43,62.22,11.42,2.99,6.81,67.39,406.7,1089,495,342,61.14
2016-11-22,2016,11,22,1,327,47,4,0,1,4,Store_D,3,Home_Goods,Kitchen,145.45,5,1,138.18,462,158.0,48.79,2.87,2.34,6.58,59.17,679.65,1411,589,544,72.84
2010-08-11,2010,8,11,2,223,32,3,0,0,2,Store_B,2,Clothing,Accessories,46.51,0,0,46.51,222,43.62,56.67,11.53,2.57,6.13,61.75,535.93,1127,512,332,34.91
2015-07-30,2015,7,30,3,211,31,3,0,0,4,Store_D,4,Food,Snacks,20.22,0,0,20.22,136,20.46,51.19,2.9,2.72,6.74,59.12,480.53,1092,494,274,104.68
2015-04-09,2015,4,9,3,99,15,2,0,0,5,Store_E,1,Electronics,Accessories,481.98,0,0,481.98,92,517.25,70.57,0.41,2.81,6.79,75.14,500.26,1598,533,242,45.83
2011-07-28,2011,7,28,3,209,30,3,0,0,5,Store_E,3,Home_Goods,Kitchen,162.91,0,0,162.91,141,163.47,50.27,2.21,2.73,6.31,56.07,580.56,1212,515,304,32.55
2013-05-21,2013,5,21,1,141,21,2,0,0,2,Store_B,2,Clothing,Accessories,48.37,0,0,48.37,192,41.21,71.17,1.59,2.83,6.8,68.29,415.04,1417,534,258,69.4
2019-09-15,2019,9,15,6,258,37,3,1,0,2,Store_B,4,Food,Packaged,19.62,0,0,19.62,187,17.16,43.05,5.55,2.47,6.26,52.17,446.41,920,562,462,91.68
2015-11-04,2015,11,4,2,308,45,4,0,0,4,Store_D,1,Electronics,Accessories,507.81,0,0,507.81,394,530.43,37.72,3.47,2.22,6.92,55.91,557.71,1086,494,294,31.27
2013-08-27,2013,8,27,1,239,35,3,0,0,1,Store_A,1,Electronics,Phones,500.37,0,0,500.37,401,554.09,45.74,11.59,2.9,7.41,59.68,466.4,1138,471,298,21.46
2016-09-23,2016,9,23,4,267,38,3,0,0,4,Store_D,4,Food,Fresh,21.4,0,0,21.4,219,18.22,40.65,1.49,2.41,6.78,58.44,546.07,924,572,236,81.71
2011-02-23,2011,2,23,2,54,8,1,0,0,5,Store_E,3,Home_Goods,Bedding,161.0,0,0,161.0,483,150.5,71.91,6.35,2.72,6.52,73.12,449.79,1268,437,301,47.71
2023-06-16,2023,6,16,4,167,24,2,0,0,1,Store_A,4,Food,Fresh,19.61,15,1,16.67,381,15.29,68.96,0.1,3.07,6.76,67.17,616.66,1408,516,187,140.56
2013-01-09,2013,1,9,2,9,2,1,0,0,3,Store_C,4,Food,Fresh,21.77,0,0,21.77,469,21.51,54.87,19.53,2.29,6.94,64.15,480.4,1431,503,323,90.73
2010-09-15,2010,9,15,2,258,37,3,0,0,3,Store_C,1,Electronics,Laptops,474.12,0,0,474.12,480,429.3,37.34,1.27,2.47,5.82,49.36,595.5,1166,539,361,25.09
2010-10-23,2010,10,23,5,296,42,4,1,0,3,Store_C,3,Home_Goods,Bedding,142.25,5,1,135.14,105,135.38,43.92,9.32,2.62,6.28,52.59,693.85,1176,583,449,27.15
2016-06-19,2016,6,19,6,171,24,2,1,0,1,Store_A,1,Electronics,Accessories,486.44,5,1,462.12,276,500.33,65.3,0.92,1.94,6.4,69.24,613.47,1375,664,440,65.31
2011-01-22,2011,1,22,5,22,3,1,1,0,1,Store_A,3,Home_Goods,Furniture,160.79,0,0,160.79,397,149.98,72.87,2.2,2.63,6.03,74.87,479.55,1273,460,306,34.65
2019-01-22,2019,1,22,1,22,4,1,0,0,2,Store_B,5,Sports,Equipment,84.53,0,0,84.53,209,74.92,65.14,6.5,2.28,5.9,68.0,431.44,1360,526,356,68.75
2020-12-27,2020,12,27,6,362,52,4,1,0,3,Store_C,3,Home_Goods,Kitchen,163.1,0,0,163.1,497,143.29,60.56,1.12,1.86,6.53,66.56,577.01,1300,557,496,67.92
2016-02-10,2016,2,10,2,41,6,1,0,0,1,Store_A,3,Home_Goods,Bedding,140.37,0,0,140.37,51,161.14,77.91,12.01,2.49,6.5,72.46,557.14,1367,561,402,64.08
2016-12-29,2016,12,29,3,364,52,4,0,0,5,Store_E,2,Clothing,Kids,54.57,5,1,51.84,320,53.4,51.45,1.34,2.42,6.76,63.35,657.51,1231,460,291,74.97
2021-11-14,2021,11,14,6,318,45,4,1,0,5,Store_E,2,Clothing,Accessories,50.0,0,0,50.0,420,56.14,49.11,2.37,2.69,6.66,56.77,583.72,1071,536,424,81.08
2019-08-17,2019,8,17,5,229,33,3,1,0,5,Store_E,2,Clothing,Kids,53.01,0,0,53.01,396,50.41,44.17,3.47,2.5,6.01,58.35,519.43,1218,510,387,67.84
2015-01-14,2015,1,14,2,14,3,1,0,0,3,Store_C,2,Clothing,Kids,49.01,0,0,49.01,271,48.98,61.96,9.87,2.71,6.89,68.03,468.28,1272,437,287,53.29
2022-01-02,2022,1,2,6,2,52,1,1,0,1,Store_A,2,Clothing,Men,54.26,0,0,54.26,139,53.21,60.3,6.96,3.15,6.64,67.43,588.28,1456,505,434,84.09
2014-04-13,2014,4,13,6,103,15,2,1,0,1,Store_A,1,Electronics,Tablets,474.99,0,0,474.99,181,430.23,87.12,8.77,2.77,7.04,78.02,573.39,1729,511,428,77.54
2015-07-09,2015,7,9,3,190,28,3,0,0,5,Store_E,5,Sports,Footwear,82.64,15,1,70.24,55,70.45,51.84,1.96,2.73,7.04,61.77,651.37,1244,606,264,57.87
2013-11-01,2013,11,1,4,305,44,4,0,0,3,Store_C,2,Clothing,Women,48.83,0,0,48.83,467,47.59,39.28,15.7,2.89,6.73,57.59,502.25,955,510,394,42.9
2011-12-14,2011,12,14,2,348,50,4,0,0,4,Store_D,4,Food,Beverages,19.39,0,0,19.39,313,18.89,51.64,1.7,2.64,6.31,58.8,437.36,1191,501,397,74.47
2016-08-17,2016,8,17,2,230,33,3,0,0,5,Store_E,5,Sports,Accessories,87.87,0,0,87.87,57,100.85,47.3,7.09,2.04,6.45,60.67,573.93,1081,509,298,31.56
2017-03-04,2017,3,4,5,63,9,1,1,0,5,Store_E,5,Sports,Footwear,80.54,0,0,80.54,249,80.54,75.64,7.34,1.78,6.08,74.41,586.77,1390,452,528,66.01
2010-07-29,2010,7,29,3,210,30,3,0,0,4,Store_D,5,Sports,Apparel,82.81,0,0,82.81,417,75.78,53.21,0.15,1.97,6.02,55.89,542.02,1151,468,344,31.07
2023-07-16,2023,7,16,6,197,28,3,1,0,5,Store_E,5,Sports,Apparel,78.37,0,0,78.37,145,70.55,48.41,0.21,3.1,6.88,62.95,517.77,1219,507,471,67.12
2013-07-13,2013,7,13,5,194,28,3,1,0,4,Store_D,2,Clothing,Kids,51.88,0,0,51.88,373,46.95,52.33,1.07,3.22,6.57,58.26,574.82,1112,585,480,70.68
2011-03-26,2011,3,26,5,85,12,1,1,0,5,Store_E,1,Electronics,Tablets,454.51,0,0,454.51,121,450.13,85.1,0.25,2.93,6.18,78.41,439.46,1303,451,417,58.18
2021-03-15,2021,3,15,0,74,11,1,0,0,3,Store_C,5,Sports,Accessories,85.25,0,0,85.25,398,88.33,87.66,2.32,2.91,6.8,74.31,497.94,1590,530,291,71.45
2017-01-13,2017,1,13,4,13,2,1,0,0,4,Store_D,5,Sports,Apparel,83.16,0,0,83.16,252,82.22,75.91,0.29,1.91,6.15,63.97,593.34,1251,559,319,61.56
2014-12-26,2014,12,26,4,360,52,4,0,0,4,Store_D,1,Electronics,Phones,469.47,0,0,469.47,90,491.77,62.46,2.4,2.53,7.04,63.88,517.74,1400,439,271,50.38
2012-08-16,2012,8,16,3,229,33,3,0,0,1,Store_A,1,Electronics,Tablets,470.6,0,0,470.6,334,401.36,45.25,23.23,3.04,6.46,52.85,470.79,1192,478,263,46.42
2014-11-29,2014,11,29,5,333,48,4,1,0,2,Store_B,5,Sports,Apparel,75.15,0,0,75.15,159,66.6,41.65,2.83,2.44,6.7,57.94,598.17,1134,540,546,33.16
2023-02-08,2023,2,8,2,39,6,1,0,0,2,Store_B,5,Sports,Accessories,83.27,0,0,83.27,281,93.1,77.31,0.05,2.82,6.74,68.61,541.82,1236,526,346,77.02
2011-10-17,2011,10,17,0,290,42,4,0,0,1,Store_A,2,Clothing,Kids,51.81,10,1,46.63,104,50.96,46.66,3.65,2.85,5.9,61.5,846.93,1252,632,340,50.07
2016-08-04,2016,8,4,3,217,31,3,0,0,3,Store_C,1,Electronics,Phones,486.47,0,0,486.47,439,438.77,48.11,14.76,1.52,6.21,63.65,422.62,1077,582,309,34.56
2020-07-19,2020,7,19,6,201,29,3,1,0,3,Store_C,4,Food,Beverages,19.07,0,0,19.07,381,16.52,55.24,2.14,2.15,6.44,60.58,494.91,1259,501,437,105.35
2015-06-19,2015,6,19,4,170,25,2,0,0,5,Store_E,5,Sports,Equipment,79.51,0,0,79.51,236,84.42,62.32,6.14,2.71,6.5,65.36,524.22,1287,525,261,60.97
2014-10-27,2014,10,27,0,300,44,4,0,0,5,Store_E,2,Clothing,Women,51.25,0,0,51.25,480,49.79,39.93,1.65,3.12,6.86,57.95,446.37,906,417,266,30.91
2016-06-12,2016,6,12,6,164,23,2,1,0,3,Store_C,1,Electronics,Laptops,549.83,0,0,549.83,188,512.17,74.18,17.56,2.14,6.42,67.88,461.9,1366,505,448,60.15
2017-07-04,2017,7,4,1,185,27,3,0,1,1,Store_A,3,Home_Goods,Furniture,163.43,10,1,147.08,365,133.12,55.35,7.07,2.1,6.04,65.91,632.79,1569,600,484,79.94
2017-03-02,2017,3,2,3,61,9,1,0,0,5,Store_E,1,Electronics,Laptops,525.97,0,0,525.97,418,527.1,77.33,1.08,1.98,6.16,70.91,548.83,1606,460,262,77.82
2011-02-16,2011,2,16,2,47,7,1,0,0,3,Store_C,2,Clothing,Men,46.29,0,0,46.29,187,45.59,70.96,1.52,2.22,6.25,69.56,502.91,1334,448,264,66.9
2014-11-10,2014,11,10,0,314,46,4,0,0,2,Store_B,1,Electronics,Accessories,519.02,0,0,519.02,255,561.88,46.71,0.7,3.27,6.86,55.03,407.73,1192,422,287,27.03
2020-11-22,2020,11,22,6,327,47,4,1,1,4,Store_D,3,Home_Goods,Furniture,158.95,15,1,135.11,82,148.97,47.89,0.23,3.02,6.55,60.89,844.04,1236,623,738,94.95
2015-12-27,2015,12,27,6,361,52,4,1,0,2,Store_B,4,Food,Fresh,19.85,0,0,19.85,131,20.11,54.87,1.03,2.32,6.88,63.05,432.9,1279,459,381,100.42
2016-07-07,2016,7,7,3,189,27,3,0,0,3,Store_C,4,Food,Packaged,18.96,0,0,18.96,330,19.84,61.07,2.68,1.81,6.49,69.74,461.71,1167,454,367,100.7
2020-11-07,2020,11,7,5,312,45,4,1,0,3,Store_C,5,Sports,Accessories,77.08,0,0,77.08,161,69.62,47.24,4.35,2.49,6.36,57.21,455.47,985,515,506,50.09
2021-10-21,2021,10,21,3,294,42,4,0,0,5,Store_E,4,Food,Snacks,18.05,0,0,18.05,304,19.45,47.48,1.26,3.6,6.62,58.65,461.72,1022,494,300,92.91
2023-01-27,2023,1,27,4,27,4,1,0,0,4,Store_D,3,Home_Goods,Kitchen,143.12,0,0,143.12,191,129.26,67.71,6.97,2.92,6.64,75.16,435.22,1509,537,259,51.42
2020-02-20,2020,2,20,3,51,8,1,0,0,1,Store_A,4,Food,Fresh,21.84,0,0,21.84,470,23.17,78.0,3.32,2.94,6.85,69.78,476.56,1266,570,284,114.03
2020-11-16,2020,11,16,0,321,47,4,0,0,2,Store_B,1,Electronics,Phones,458.9,0,0,458.9,145,436.36,43.2,7.15,2.84,6.52,54.14,553.7,1062,495,297,55.19
2023-01-18,2023,1,18,2,18,3,1,0,0,4,Store_D,2,Clothing,Accessories,50.6,0,0,50.6,480,49.7,59.19,9.57,3.23,7.02,68.61,448.72,1123,539,315,81.58
2019-09-29,2019,9,29,6,272,39,3,1,0,4,Store_D,2,Clothing,Kids,52.58,0,0,52.58,376,45.95,42.38,1.79,1.84,6.03,51.44,421.24,836,521,483,50.85
2021-04-03,2021,4,3,5,93,13,2,1,0,4,Store_D,3,Home_Goods,Kitchen,164.47,0,0,164.47,95,151.01,75.16,2.32,2.62,6.87,75.12,442.11,1378,428,364,70.0
2019-07-30,2019,7,30,1,211,31,3,0,0,3,Store_C,2,Clothing,Men,46.26,0,0,46.26,330,50.31,53.02,8.58,2.19,6.45,56.31,438.85,1033,467,357,62.5
2020-04-23,2020,4,23,3,114,17,2,0,0,4,Store_D,3,Home_Goods,Furniture,148.61,0,0,148.61,210,154.54,90.82,3.56,2.55,6.5,76.36,588.37,1420,513,331,56.61
2011-03-07,2011,3,7,0,66,10,1,0,0,4,Store_D,2,Clothing,Men,52.84,0,0,52.84,487,55.37,80.2,12.23,2.55,6.37,80.28,592.22,1339,536,351,66.78
2022-04-12,2022,4,12,1,102,15,2,0,0,2,Store_B,5,Sports,Accessories,87.16,0,0,87.16,272,90.72,74.6,4.89,3.34,7.03,78.06,448.67,1418,482,257,69.73
2016-05-10,2016,5,10,1,131,19,2,0,0,4,Store_D,3,Home_Goods,Decor,161.11,0,0,161.11,339,160.01,71.92,9.23,1.79,6.57,75.69,516.57,1604,448,330,60.35
2013-09-28,2013,9,28,5,271,39,3,1,0,3,Store_C,4,Food,Snacks,21.03,0,0,21.03,93,20.18,37.88,0.1,2.84,7.0,55.3,542.62,753,403,407,83.27
2015-06-16,2015,6,16,1,167,25,2,0,0,3,Store_C,5,Sports,Apparel,83.95,0,0,83.95,64,73.33,69.17,0.41,1.61,6.55,63.48,593.16,1463,532,288,41.31
2017-10-22,2017,10,22,6,295,42,4,1,0,3,Store_C,1,Electronics,Accessories,496.06,0,0,496.06,93,425.98,42.9,1.95,1.53,6.32,58.97,405.1,1129,517,409,34.57
2013-03-22,2013,3,22,4,81,12,1,0,0,1,Store_A,1,Electronics,Tablets,527.77,0,0,527.77,216,493.09,82.74,0.0,3.08,7.07,77.1,441.99,1329,498,332,57.12
2019-08-30,2019,8,30,4,242,35,3,0,0,1,Store_A,4,Food,Fresh,19.73,0,0,19.73,275,20.14,37.75,0.66,1.72,6.48,56.33,481.88,1063,555,314,92.05
2014-01-16,2014,1,16,3,16,3,1,0,0,5,Store_E,5,Sports,Footwear,74.05,0,0,74.05,205,71.41,60.38,0.79,2.63,6.94,67.38,487.33,1359,507,371,61.35
2020-03-29,2020,3,29,6,89,13,1,1,0,3,Store_C,4,Food,Beverages,20.37,0,0,20.37,192,21.59,78.42,3.94,1.79,6.38,74.33,502.18,1178,477,456,137.36
2015-08-08,2015,8,8,5,220,32,3,1,0,4,Store_D,1,Electronics,Laptops,521.5,0,0,521.5,345,537.73,47.89,1.03,2.99,6.82,57.86,561.19,1006,475,449,43.67
2010-04-13,2010,4,13,1,103,15,2,0,0,2,Store_B,2,Clothing,Women,45.35,0,0,45.35,63,48.75,83.46,7.06,2.84,5.98,78.46,500.41,1417,452,360,70.08
2021-11-10,2021,11,10,2,314,45,4,0,0,3,Store_C,5,Sports,Equipment,87.93,0,0,87.93,433,86.56,49.55,8.6,2.68,6.45,54.84,557.09,1085,402,327,57.72
2018-03-12,2018,3,12,0,71,11,1,0,0,4,Store_D,1,Electronics,Phones,454.03,0,0,454.03,89,472.54,81.67,12.25,1.84,6.3,75.63,558.96,1444,572,316,73.83
2013-06-17,2013,6,17,0,168,25,2,0,0,4,Store_D,1,Electronics,Laptops,541.71,0,0,541.71,264,546.08,72.06,1.08,3.04,6.84,68.47,589.97,1486,418,396,41.03
2017-11-21,2017,11,21,1,325,47,4,0,0,2,Store_B,4,Food,Fresh,19.79,0,0,19.79,333,17.19,45.3,2.25,2.21,6.29,55.66,477.22,1307,475,365,93.4
2018-08-05,2018,8,5,6,217,31,3,1,0,1,Store_A,2,Clothing,Accessories,49.18,0,0,49.18,284,54.1,45.89,1.29,2.38,6.28,56.5,472.94,1208,491,436,66.51
2019-12-02,2019,12,2,0,336,49,4,0,0,4,Store_D,3,Home_Goods,Furniture,164.22,0,0,164.22,214,158.4,47.74,2.57,2.33,6.12,57.77,539.46,1079,533,348,26.59
2018-10-09,2018,10,9,1,282,41,4,0,0,2,Store_B,5,Sports,Footwear,78.2,0,0,78.2,427,83.64,34.85,0.62,2.74,6.05,53.66,424.92,1177,477,281,49.31
2021-09-18,2021,9,18,5,261,37,3,1,0,1,Store_A,2,Clothing,Men,53.11,0,0,53.11,378,55.03,43.62,6.46,2.4,6.39,55.89,461.2,1155,540,400,62.83
2019-01-13,2019,1,13,6,13,2,1,1,0,1,Store_A,4,Food,Snacks,20.27,0,0,20.27,406,20.72,64.57,4.07,1.71,6.21,67.09,437.36,1203,525,447,126.69
2023-09-03,2023,9,3,6,246,35,3,1,0,2,Store_B,3,Home_Goods,Furniture,147.8,0,0,147.8,97,134.69,32.43,10.32,2.49,7.03,54.03,449.01,1134,441,544,47.01
2019-12-13,2019,12,13,4,347,50,4,0,0,4,Store_D,5,Sports,Apparel,87.88,0,0,87.88,79,91.51,55.07,0.79,1.75,6.37,60.05,402.79,1290,547,312,49.9
2014-07-02,2014,7,2,2,183,27,3,0,0,3,Store_C,3,Home_Goods,Decor,137.66,0,0,137.66,451,139.07,58.99,0.06,2.83,7.12,67.53,482.44,1402,493,351,44.92
2022-05-03,2022,5,3,1,123,18,2,0,0,5,Store_E,2,Clothing,Women,51.1,0,0,51.1,147,58.24,71.63,4.04,3.12,7.03,76.54,426.52,1288,463,281,82.15
2010-01-01,2010,1,1,4,1,53,1,0,1,4,Store_D,5,Sports,Footwear,83.71,10,1,75.34,152,74.12,59.87,2.03,2.22,6.08,62.38,616.92,1335,605,573,89.29
2014-04-30,2014,4,30,2,120,18,2,0,0,1,Store_A,2,Clothing,Accessories,50.72,0,0,50.72,247,53.93,74.36,9.16,2.35,6.79,75.08,465.11,1354,524,330,89.01
2022-02-09,2022,2,9,2,40,6,1,0,0,5,Store_E,1,Electronics,Phones,451.35,10,1,406.22,401,372.22,72.7,1.1,2.49,7.38,73.96,737.35,1463,595,233,65.62
2021-04-09,2021,4,9,4,99,14,2,0,0,5,Store_E,4,Food,Fresh,20.4,0,0,20.4,379,20.6,72.19,7.78,2.95,6.92,76.3,510.65,1457,466,223,122.55
2013-09-18,2013,9,18,2,261,38,3,0,0,1,Store_A,3,Home_Goods,Bedding,155.19,0,0,155.19,409,157.32,37.12,0.85,2.56,6.66,54.02,559.06,1145,514,265,15.34
2021-07-03,2021,7,3,5,184,26,3,1,0,3,Store_C,1,Electronics,Accessories,518.25,0,0,518.25,293,555.5,58.29,1.78,2.73,6.93,66.39,555.36,1206,485,454,63.21
2022-07-11,2022,7,11,0,192,28,3,0,0,4,Store_D,4,Food,Snacks,18.59,0,0,18.59,169,18.5,53.3,9.4,2.97,6.96,67.26,467.35,1048,499,278,98.26
2020-03-22,2020,3,22,6,82,12,1,1,0,1,Store_A,1,Electronics,Phones,503.95,0,0,503.95,182,429.52,78.65,9.32,1.97,6.41,76.01,492.55,1361,418,447,102.05
2015-07-19,2015,7,19,6,200,29,3,1,0,3,Store_C,5,Sports,Equipment,84.78,0,0,84.78,331,89.28,41.44,1.3,2.46,6.75,64.11,410.95,962,532,427,55.74
2016-01-28,2016,1,28,3,28,4,1,0,0,1,Store_A,1,Electronics,Tablets,508.62,0,0,508.62,380,547.96,72.41,1.94,2.02,6.3,67.26,531.7,1254,447,207,46.44
2011-02-01,2011,2,1,1,32,5,1,0,0,5,Store_E,1,Electronics,Phones,501.47,10,1,451.32,155,469.36,71.56,0.64,2.54,6.16,67.77,720.84,1383,608,237,55.44
2023-07-13,2023,7,13,3,194,28,3,0,0,1,Store_A,2,Clothing,Kids,46.49,0,0,46.49,259,51.78,57.1,5.56,2.71,6.84,67.47,407.22,1075,451,269,73.75
2012-11-30,2012,11,30,4,335,48,4,0,0,3,Store_C,3,Home_Goods,Kitchen,152.06,0,0,152.06,141,139.53,52.3,2.86,2.56,6.47,61.46,551.91,1115,505,279,16.39
2018-06-08,2018,6,8,4,159,23,2,0,0,2,Store_B,2,Clothing,Accessories,54.52,0,0,54.52,232,49.2,61.96,5.02,1.99,6.17,67.69,468.72,1305,407,275,70.49
2015-11-24,2015,11,24,1,328,48,4,0,1,1,Store_A,2,Clothing,Men,54.65,5,1,51.92,316,55.42,47.32,2.68,1.84,6.68,61.19,716.51,1325,651,471,82.1
2012-03-29,2012,3,29,3,89,13,1,0,0,5,Store_E,1,Electronics,Phones,514.12,0,0,514.12,268,492.94,80.51,0.69,3.19,6.93,74.95,567.65,1465,521,340,59.5
2014-12-18,2014,12,18,3,352,51,4,0,0,1,Store_A,3,Home_Goods,Furniture,151.1,0,0,151.1,131,130.24,53.98,0.75,2.97,6.92,60.4,502.77,1182,465,330,33.01
2016-12-27,2016,12,27,1,362,52,4,0,0,3,Store_C,5,Sports,Apparel,74.3,0,0,74.3,89,70.93,63.48,4.2,1.76,6.17,65.26,591.95,1250,493,361,47.81
2014-04-02,2014,4,2,2,92,14,2,0,0,1,Store_A,5,Sports,Equipment,82.78,0,0,82.78,259,91.05,79.12,2.49,3.34,6.98,74.11,569.68,1410,387,253,55.7
2021-01-30,2021,1,30,5,30,4,1,1,0,2,Store_B,4,Food,Snacks,21.97,0,0,21.97,321,20.74,72.99,4.15,3.06,7.25,68.14,516.84,1245,437,493,129.06
2012-03-27,2012,3,27,1,87,13,1,0,0,4,Store_D,5,Sports,Footwear,80.57,0,0,80.57,203,81.21,85.58,0.51,3.01,6.4,70.62,573.17,1588,476,336,59.44
2014-04-22,2014,4,22,1,112,17,2,0,0,5,Store_E,5,Sports,Accessories,79.92,0,0,79.92,85,79.46,85.81,4.56,2.04,7.04,79.89,536.95,1505,490,303,51.06
2022-06-19,2022,6,19,6,170,24,2,1,0,4,Store_D,2,Clothing,Accessories,53.54,15,1,45.51,379,43.76,69.15,3.5,3.12,6.78,66.36,868.87,1417,581,411,113.8
2014-12-06,2014,12,6,5,340,49,4,1,0,1,Store_A,1,Electronics,Laptops,521.53,0,0,521.53,339,459.79,60.19,4.27,2.52,7.22,66.78,559.61,1313,449,416,53.67
2021-09-27,2021,9,27,0,270,39,3,0,0,2,Store_B,1,Electronics,Laptops,461.67,0,0,461.67,411,412.54,38.92,2.04,2.93,6.55,54.52,493.08,1047,437,325,54.12
2011-01-17,2011,1,17,0,17,3,1,0,0,3,Store_C,2,Clothing,Women,46.55,0,0,46.55,377,45.6,62.43,3.5,2.85,6.21,64.06,527.48,1485,519,358,57.72
2017-11-14,2017,11,14,1,318,46,4,0,0,3,Store_C,5,Sports,Footwear,87.8,0,0,87.8,266,85.25,42.21,5.84,2.3,6.01,58.45,431.01,970,601,319,41.08
2021-11-26,2021,11,26,4,330,47,4,0,1,3,Store_C,2,Clothing,Accessories,51.44,15,1,43.72,73,42.0,48.11,1.35,3.63,6.94,55.08,632.07,1162,571,517,113.35
2022-09-01,2022,9,1,3,244,35,3,0,0,2,Store_B,4,Food,Beverages,18.22,0,0,18.22,213,16.77,42.18,1.86,3.43,6.93,57.48,451.9,1063,424,289,96.34
2019-08-05,2019,8,5,0,217,32,3,0,0,2,Store_B,5,Sports,Apparel,84.3,0,0,84.3,361,89.03,52.46,0.54,2.29,6.08,56.35,598.86,1117,444,296,51.75
2016-04-30,2016,4,30,5,121,17,2,1,0,2,Store_B,5,Sports,Apparel,84.01,0,0,84.01,257,78.36,80.88,0.27,2.25,6.32,70.74,526.36,1323,529,432,83.41
2014-11-16,2014,11,16,6,320,46,4,1,0,4,Store_D,1,Electronics,Tablets,500.92,0,0,500.92,317,425.9,46.98,1.71,2.76,6.74,57.23,427.72,1100,428,438,45.98
2017-06-19,2017,6,19,0,170,25,2,0,0,5,Store_E,1,Electronics,Accessories,524.79,0,0,524.79,177,576.04,58.83,3.77,2.41,6.0,64.2,453.04,1309,549,307,46.23
2016-09-03,2016,9,3,5,247,35,3,1,0,4,Store_D,5,Sports,Apparel,76.9,0,0,76.9,139,68.5,33.91,12.75,2.23,6.58,56.04,546.83,1050,560,470,37.7
2016-05-22,2016,5,22,6,143,20,2,1,0,5,Store_E,2,Clothing,Kids,46.8,0,0,46.8,152,50.34,72.98,2.69,2.19,6.25,71.02,598.98,1531,507,362,69.07
2012-05-14,2012,5,14,0,135,20,2,0,0,2,Store_B,3,Home_Goods,Kitchen,139.76,0,0,139.76,104,121.36,72.36,3.17,3.6,6.63,71.74,449.89,1382,497,291,43.62
2019-12-18,2019,12,18,2,352,51,4,0,0,5,Store_E,1,Electronics,Accessories,505.28,10,1,454.75,60,400.86,57.84,9.84,1.31,6.15,64.57,753.11,1248,630,246,45.79
2018-08-31,2018,8,31,4,243,35,3,0,0,5,Store_E,2,Clothing,Accessories,52.07,0,0,52.07,185,48.42,47.92,0.41,2.11,6.04,63.2,466.39,1090,466,246,44.21
2011-07-09,2011,7,9,5,190,27,3,1,0,3,Store_C,4,Food,Beverages,21.82,0,0,21.82,299,20.9,59.57,7.55,3.15,6.14,69.16,408.24,1121,505,513,98.21
2013-03-05,2013,3,5,1,64,10,1,0,0,5,Store_E,1,Electronics,Phones,529.3,0,0,529.3,181,457.28,77.76,0.5,2.87,6.94,72.81,514.21,1321,524,308,53.39
2013-04-28,2013,4,28,6,118,17,2,1,0,5,Store_E,2,Clothing,Accessories,54.96,0,0,54.96,160,53.82,81.84,0.58,3.3,6.81,69.47,465.45,1319,423,431,81.56
2020-04-18,2020,4,18,5,109,16,2,1,0,3,Store_C,5,Sports,Apparel,76.65,0,0,76.65,448,75.58,81.04,3.24,2.35,6.21,78.84,440.14,1355,554,444,87.16
2021-07-15,2021,7,15,3,196,28,3,0,0,1,Store_A,3,Home_Goods,Furniture,157.64,0,0,157.64,198,143.04,64.25,1.16,3.22,6.81,60.52,434.42,1511,520,375,59.13
2010-02-18,2010,2,18,3,49,7,1,0,0,2,Store_B,3,Home_Goods,Bedding,164.66,0,0,164.66,351,180.97,83.17,1.15,2.2,6.12,71.54,402.6,1183,588,237,34.2
2016-06-25,2016,6,25,5,177,25,2,1,0,5,Store_E,4,Food,Snacks,19.04,0,0,19.04,368,16.23,62.07,2.66,2.22,6.64,66.32,516.51,1316,426,393,111.68
2011-12-02,2011,12,2,4,336,48,4,0,0,1,Store_A,2,Clothing,Men,48.6,0,0,48.6,186,41.93,52.56,2.94,3.39,6.36,61.55,485.54,1190,506,287,57.16
2011-10-15,2011,10,15,5,288,41,4,1,0,2,Store_B,1,Electronics,Tablets,533.57,0,0,533.57,205,550.86,42.95,5.55,2.82,6.13,51.39,529.7,1033,471,425,8.29
2020-10-08,2020,10,8,3,282,41,4,0,0,1,Store_A,5,Sports,Apparel,84.15,0,0,84.15,103,87.55,43.26,7.24,2.35,6.54,51.26,544.34,1048,487,335,38.72
2022-01-27,2022,1,27,3,27,4,1,0,0,4,Store_D,3,Home_Goods,Decor,156.24,0,0,156.24,420,156.27,74.48,11.43,2.37,7.0,70.3,435.01,1364,574,348,67.92
2019-01-25,2019,1,25,4,25,4,1,0,0,2,Store_B,5,Sports,Equipment,73.0,0,0,73.0,261,65.96,60.6,8.55,2.51,6.02,66.46,488.06,1415,548,306,46.49
2012-01-19,2012,1,19,3,19,3,1,0,0,4,Store_D,1,Electronics,Accessories,549.77,0,0,549.77,109,486.61,64.47,12.46,3.03,6.33,71.85,472.59,1074,505,231,57.41
2013-12-26,2013,12,26,3,360,52,4,0,0,2,Store_B,4,Food,Snacks,21.41,0,0,21.41,282,24.14,58.51,10.96,3.07,6.78,63.33,499.96,1286,554,320,88.1
2021-06-27,2021,6,27,6,178,25,2,1,0,5,Store_E,4,Food,Packaged,20.1,0,0,20.1,299,22.68,63.33,15.53,2.79,6.84,64.89,589.99,1256,529,440,121.12
2016-07-17,2016,7,17,6,199,28,3,1,0,4,Store_D,2,Clothing,Men,48.16,0,0,48.16,221,49.71,60.17,3.21,2.52,6.7,60.63,591.65,1280,540,515,59.83
2019-07-27,2019,7,27,5,208,30,3,1,0,2,Store_B,2,Clothing,Kids,52.29,0,0,52.29,211,58.55,52.77,10.95,2.35,6.51,58.17,447.08,1187,575,546,72.02
2012-05-16,2012,5,16,2,137,20,2,0,0,1,Store_A,5,Sports,Accessories,79.11,0,0,79.11,203,85.88,69.1,10.92,3.38,6.51,73.28,513.15,1467,416,210,49.47
2012-01-23,2012,1,23,0,23,4,1,0,0,1,Store_A,3,Home_Goods,Bedding,137.99,0,0,137.99,426,120.5,64.81,2.72,2.67,6.71,69.66,431.83,1289,484,380,24.79
2014-07-03,2014,7,3,3,184,27,3,0,0,4,Store_D,5,Sports,Accessories,72.52,0,0,72.52,174,79.28,72.95,8.77,2.75,6.94,64.37,496.52,1184,491,352,48.64
2010-04-03,2010,4,3,5,93,13,2,1,0,3,Store_C,1,Electronics,Tablets,457.46,0,0,457.46,420,413.24,84.68,5.01,2.96,5.85,72.77,444.16,1471,448,473,67.97
2023-03-18,2023,3,18,5,77,11,1,1,0,1,Store_A,1,Electronics,Accessories,537.92,0,0,537.92,152,573.34,73.49,14.04,2.99,6.98,72.09,599.7,1572,527,393,77.57
2018-06-29,2018,6,29,4,180,26,2,0,0,5,Store_E,2,Clothing,Accessories,45.82,10,1,41.23,399,36.1,54.78,4.96,1.93,5.9,64.6,864.19,1260,546,315,91.37
2016-08-29,2016,8,29,0,242,35,3,0,0,5,Store_E,1,Electronics,Laptops,527.8,0,0,527.8,264,520.78,47.19,5.24,2.59,6.45,56.32,537.85,976,489,365,37.12
2017-03-14,2017,3,14,1,73,11,1,0,0,2,Store_B,5,Sports,Footwear,81.12,0,0,81.12,173,89.33,80.14,1.82,1.98,5.88,80.5,488.64,1363,561,225,65.46
2014-01-30,2014,1,30,3,30,5,1,0,0,1,Store_A,4,Food,Packaged,18.04,0,0,18.04,273,19.58,69.4,2.71,2.56,7.24,71.15,499.23,1354,390,312,99.82
2017-12-05,2017,12,5,1,339,49,4,0,0,3,Store_C,2,Clothing,Men,48.37,0,0,48.37,255,54.58,48.54,3.97,2.33,5.97,53.51,552.24,1058,508,324,48.28
2015-12-18,2015,12,18,4,352,51,4,0,0,1,Store_A,3,Home_Goods,Furniture,139.06,0,0,139.06,300,145.05,51.99,0.84,3.22,6.75,61.82,421.37,1055,482,392,45.27
2011-12-31,2011,12,31,5,365,52,4,1,0,2,Store_B,2,Clothing,Women,45.21,0,0,45.21,218,40.6,61.57,4.66,2.59,6.04,64.51,527.93,1167,508,475,68.4
2023-01-12,2023,1,12,3,12,2,1,0,0,5,Store_E,1,Electronics,Laptops,546.4,0,0,546.4,191,560.96,65.69,2.54,2.72,6.89,66.99,486.13,1194,497,241,63.78
2016-10-07,2016,10,7,4,281,40,4,0,0,5,Store_E,1,Electronics,Phones,543.58,0,0,543.58,318,546.09,44.53,0.39,2.15,6.85,61.11,527.81,1068,475,325,20.8
2016-02-21,2016,2,21,6,52,7,1,1,0,3,Store_C,4,Food,Beverages,20.51,10,1,18.46,355,20.85,77.19,10.98,2.09,6.58,75.53,750.23,1536,653,521,118.33
2015-04-21,2015,4,21,1,111,17,2,0,0,1,Store_A,3,Home_Goods,Kitchen,145.92,0,0,145.92,399,166.43,86.23,5.07,2.18,7.12,70.15,562.68,1425,460,330,50.43
2014-10-12,2014,10,12,6,285,41,4,1,0,5,Store_E,4,Food,Packaged,21.64,0,0,21.64,148,18.97,40.33,1.9,2.58,6.86,52.34,575.51,1268,460,410,76.13
2022-12-30,2022,12,30,4,364,52,4,0,0,4,Store_D,4,Food,Beverages,19.66,5,1,18.68,462,18.09,71.54,2.63,2.82,7.02,63.53,668.66,1349,607,207,99.91
2021-12-22,2021,12,22,2,356,51,4,0,0,4,Store_D,4,Food,Fresh,20.23,0,0,20.23,227,20.35,60.56,4.56,2.91,7.22,59.97,499.39,1334,580,302,104.74
2019-07-24,2019,7,24,2,205,30,3,0,0,3,Store_C,2,Clothing,Men,50.3,0,0,50.3,52,49.48,52.28,0.73,2.61,5.98,59.49,513.92,1052,561,305,59.8
2013-01-15,2013,1,15,1,15,3,1,0,0,1,Store_A,2,Clothing,Accessories,48.15,0,0,48.15,229,53.13,57.84,5.44,2.73,6.86,67.99,576.32,1246,414,310,66.55
2019-02-20,2019,2,20,2,51,8,1,0,0,3,Store_C,3,Home_Goods,Bedding,146.94,5,1,139.6,396,139.29,74.65,6.33,1.73,6.35,68.4,645.97,1536,582,263,68.76
2021-01-15,2021,1,15,4,15,2,1,0,0,2,Store_B,2,Clothing,Women,51.43,0,0,51.43,371,52.05,61.8,0.74,2.85,6.59,68.19,499.74,1397,529,321,77.3
2022-03-30,2022,3,30,2,89,13,1,0,0,4,Store_D,5,Sports,Apparel,86.02,0,0,86.02,433,79.53,76.04,2.48,3.31,6.99,76.94,545.06,1627,514,337,79.68
2021-05-20,2021,5,20,3,140,20,2,0,0,4,Store_D,4,Food,Beverages,18.83,0,0,18.83,64,18.21,72.24,1.32,2.86,6.73,70.9,488.77,1276,498,233,110.0
2010-12-13,2010,12,13,0,347,50,4,0,0,5,Store_E,5,Sports,Equipment,83.97,0,0,83.97,493,92.95,47.55,2.77,2.37,6.15,61.34,552.39,1245,500,265,38.55
2013-03-31,2013,3,31,6,90,13,1,1,0,5,Store_E,3,Home_Goods,Decor,145.14,0,0,145.14,341,141.79,78.55,0.88,2.75,7.05,73.39,432.14,1497,497,446,62.08
2020-12-20,2020,12,20,6,355,51,4,1,0,4,Store_D,4,Food,Fresh,19.05,0,0,19.05,179,19.37,64.4,3.26,2.41,6.73,63.96,539.73,985,588,487,98.22
2014-02-24,2014,2,24,0,55,9,1,0,0,1,Store_A,1,Electronics,Laptops,451.04,0,0,451.04,115,404.88,71.64,3.89,2.59,6.6,71.74,557.2,1469,480,347,49.52
2022-10-14,2022,10,14,4,287,41,4,0,0,2,Store_B,3,Home_Goods,Decor,139.04,0,0,139.04,114,135.78,37.71,0.17,2.97,6.97,51.65,594.8,1125,461,264,35.44
2011-08-02,2011,8,2,1,214,31,3,0,0,1,Store_A,4,Food,Packaged,18.09,0,0,18.09,367,15.9,58.53,3.86,3.17,5.99,60.84,511.0,1179,493,338,72.33
2015-05-19,2015,5,19,1,139,21,2,0,0,4,Store_D,2,Clothing,Accessories,51.1,0,0,51.1,292,54.84,63.89,2.21,2.39,6.96,71.46,451.73,1425,499,356,73.58
2010-03-17,2010,3,17,2,76,11,1,0,0,4,Store_D,2,Clothing,Women,45.57,0,0,45.57,69,39.44,73.13,0.99,2.69,6.34,76.97,479.48,1630,489,303,68.22
2013-11-30,2013,11,30,5,334,48,4,1,0,5,Store_E,2,Clothing,Women,49.56,15,1,42.13,143,44.99,50.02,4.17,2.81,6.85,57.43,814.15,1425,613,478,71.69
2020-03-01,2020,3,1,6,61,9,1,1,0,2,Store_B,5,Sports,Footwear,87.1,0,0,87.1,77,89.54,87.24,9.61,2.43,6.55,68.98,572.69,1230,540,382,66.29
2022-02-17,2022,2,17,3,48,7,1,0,0,1,Store_A,2,Clothing,Kids,50.14,5,1,47.64,105,52.27,65.46,1.48,2.84,6.9,70.35,828.64,1535,635,250,85.54
2017-07-14,2017,7,14,4,195,28,3,0,0,1,Store_A,3,Home_Goods,Furniture,160.34,0,0,160.34,386,163.1,59.58,3.13,1.77,6.45,67.95,482.47,1276,522,272,41.89
2023-07-24,2023,7,24,0,205,30,3,0,0,2,Store_B,1,Electronics,Tablets,500.3,0,0,500.3,289,443.96,45.64,0.93,3.22,6.81,58.76,524.14,1095,513,302,55.81
2015-01-21,2015,1,21,2,21,4,1,0,0,5,Store_E,1,Electronics,Laptops,456.02,0,0,456.02,68,443.37,74.13,1.5,2.25,6.94,70.89,599.19,1469,569,235,34.27
2010-05-12,2010,5,12,2,132,19,2,0,0,3,Store_C,3,Home_Goods,Decor,159.8,0,0,159.8,299,138.6,68.97,16.97,2.24,5.6,74.88,516.09,1393,444,289,60.66
2010-06-28,2010,6,28,0,179,26,2,0,0,5,Store_E,4,Food,Snacks,21.77,5,1,20.68,52,19.75,58.08,2.31,2.44,6.35,64.75,797.02,1475,543,289,87.64
2017-12-09,2017,12,9,5,343,49,4,1,0,3,Store_C,2,Clothing,Women,52.7,0,0,52.7,314,49.06,52.06,6.64,1.51,5.99,64.18,574.64,1448,491,457,84.68
2022-03-25,2022,3,25,4,84,12,1,0,0,5,Store_E,3,Home_Goods,Kitchen,143.81,0,0,143.81,227,154.9,72.86,2.13,3.57,7.13,72.22,527.19,1484,545,325,61.13
2021-06-26,2021,6,26,5,177,25,2,1,0,5,Store_E,4,Food,Fresh,20.18,20,1,16.14,266,17.68,69.56,10.82,2.56,7.24,64.24,853.02,1492,584,400,137.0
2016-11-27,2016,11,27,6,332,47,4,1,1,4,Store_D,5,Sports,Accessories,87.05,0,0,87.05,94,91.28,43.83,3.91,2.21,6.44,61.8,596.47,1154,562,676,78.55
2015-01-17,2015,1,17,5,17,3,1,1,0,3,Store_C,1,Electronics,Tablets,534.8,0,0,534.8,170,455.23,72.15,0.37,3.3,7.18,67.73,508.24,1493,507,441,47.22
2015-09-30,2015,9,30,2,273,40,3,0,0,2,Store_B,2,Clothing,Kids,54.65,0,0,54.65,454,53.92,41.79,5.7,2.56,6.97,53.46,590.31,1261,462,249,53.03
2020-10-24,2020,10,24,5,298,43,4,1,0,5,Store_E,4,Food,Packaged,19.33,0,0,19.33,415,21.7,51.05,12.19,2.63,6.3,51.71,445.32,913,538,496,107.21
2016-07-01,2016,7,1,4,183,26,3,0,0,2,Store_B,1,Electronics,Tablets,530.47,0,0,530.47,161,535.63,60.21,2.01,2.65,6.64,60.06,571.21,1191,435,237,37.48
2011-08-28,2011,8,28,6,240,34,3,1,0,1,Store_A,4,Food,Packaged,20.28,0,0,20.28,310,20.2,50.83,7.04,2.32,6.01,58.8,404.96,934,483,498,93.2
2017-03-12,2017,3,12,6,71,10,1,1,0,1,Store_A,2,Clothing,Women,48.73,0,0,48.73,225,43.95,83.91,7.79,1.98,6.41,75.3,430.57,1346,470,467,91.92
2010-01-26,2010,1,26,1,26,4,1,0,0,4,Store_D,4,Food,Snacks,18.47,0,0,18.47,50,19.47,65.96,3.25,2.07,6.01,66.8,487.27,1140,529,291,88.51
2011-10-21,2011,10,21,4,294,42,4,0,0,4,Store_D,1,Electronics,Accessories,513.27,0,0,513.27,276,451.64,38.24,0.2,3.18,6.4,50.83,423.85,1042,519,248,8.24
2023-08-18,2023,8,18,4,230,33,3,0,0,2,Store_B,3,Home_Goods,Decor,148.41,10,1,133.57,122,139.85,51.76,6.2,2.83,7.16,58.9,730.8,1172,605,409,44.48
2019-01-31,2019,1,31,3,31,5,1,0,0,5,Store_E,5,Sports,Apparel,85.73,0,0,85.73,300,78.63,78.54,5.21,2.52,6.43,68.66,433.3,1509,369,329,75.4
2020-08-04,2020,8,4,1,217,32,3,0,0,2,Store_B,3,Home_Goods,Kitchen,157.0,0,0,157.0,210,163.29,52.02,3.76,2.85,6.44,59.44,446.37,1106,476,312,39.98
2010-06-23,2010,6,23,2,174,25,2,0,0,4,Store_D,5,Sports,Equipment,83.85,0,0,83.85,183,91.13,64.79,2.12,1.95,6.31,64.72,576.33,1348,455,251,41.82
2014-05-31,2014,5,31,5,151,22,2,1,0,1,Store_A,5,Sports,Apparel,77.68,0,0,77.68,106,73.18,72.67,9.6,3.06,6.93,64.69,564.63,1252,568,458,63.0
2011-03-14,2011,3,14,0,73,11,1,0,0,4,Store_D,3,Home_Goods,Bedding,152.85,0,0,152.85,456,158.76,80.67,1.67,2.55,6.29,72.39,521.71,1442,515,278,50.93
2010-11-28,2010,11,28,6,332,47,4,1,1,4,Store_D,4,Food,Packaged,21.73,10,1,19.56,139,19.75,51.15,6.74,2.49,6.06,58.18,628.57,1199,581,601,126.85
2018-06-28,2018,6,28,3,179,26,2,0,0,3,Store_C,1,Electronics,Phones,538.31,0,0,538.31,96,508.59,55.24,9.66,1.92,6.0,64.03,411.1,1005,606,335,54.4
2013-12-25,2013,12,25,2,359,52,4,0,1,2,Store_B,3,Home_Goods,Kitchen,142.62,0,0,142.62,190,162.62,56.08,3.54,3.17,6.77,64.9,451.54,1250,517,474,64.58
2010-12-09,2010,12,9,3,343,49,4,0,0,5,Store_E,4,Food,Snacks,18.42,0,0,18.42,407,20.21,48.93,1.6,2.46,6.01,62.16,541.95,1197,488,303,77.32
2018-10-15,2018,10,15,0,288,42,4,0,0,2,Store_B,2,Clothing,Kids,49.93,0,0,49.93,373,56.04,36.52,0.74,1.62,5.84,56.89,486.39,819,531,276,49.64
2022-07-13,2022,7,13,2,194,28,3,0,0,5,Store_E,3,Home_Goods,Furniture,148.2,0,0,148.2,362,147.44,63.79,9.54,2.97,7.02,62.04,576.87,1341,537,216,62.16
2012-12-24,2012,12,24,0,359,52,4,0,0,2,Store_B,5,Sports,Apparel,75.68,0,0,75.68,361,77.81,53.23,2.05,2.7,6.55,63.42,527.98,1172,465,274,31.11
2011-04-25,2011,4,25,0,115,17,2,0,0,4,Store_D,2,Clothing,Kids,50.31,0,0,50.31,334,52.26,79.81,6.59,2.8,6.23,75.15,443.13,1401,457,364,71.51
2011-12-29,2011,12,29,3,363,52,4,0,0,1,Store_A,3,Home_Goods,Decor,138.05,0,0,138.05,194,146.5,61.88,0.27,2.88,6.2,61.5,523.83,1245,479,377,34.39
2020-05-11,2020,5,11,0,132,20,2,0,0,3,Store_C,2,Clothing,Accessories,52.93,0,0,52.93,220,53.58,81.49,4.53,2.12,6.61,69.89,561.0,1393,480,257,87.16
2012-09-03,2012,9,3,0,247,36,3,0,0,5,Store_E,4,Food,Beverages,18.66,0,0,18.66,288,19.08,49.61,7.09,3.08,6.38,61.88,578.13,1182,409,319,89.83
2020-05-12,2020,5,12,1,133,20,2,0,0,5,Store_E,2,Clothing,Accessories,53.67,10,1,48.3,251,45.17,74.26,7.93,2.5,6.64,75.07,780.75,1640,535,280,91.79
2018-02-25,2018,2,25,6,56,8,1,1,0,4,Store_D,5,Sports,Footwear,82.19,0,0,82.19,157,71.88,82.41,4.37,1.72,5.99,74.75,466.56,1321,584,477,75.39
2015-04-13,2015,4,13,0,103,16,2,0,0,1,Store_A,3,Home_Goods,Decor,142.82,0,0,142.82,132,121.44,75.77,4.92,2.31,6.76,78.08,486.47,1347,507,268,45.17
2014-01-08,2014,1,8,2,8,2,1,0,0,3,Store_C,1,Electronics,Laptops,523.44,0,0,523.44,169,531.54,66.99,4.37,3.07,7.07,69.32,574.95,1240,479,278,52.89
2013-05-09,2013,5,9,3,129,19,2,0,0,3,Store_C,1,Electronics,Phones,450.91,0,0,450.91,463,395.69,74.63,9.76,3.42,7.24,76.56,586.84,1468,437,291,53.47
2017-10-27,2017,10,27,4,300,43,4,0,0,3,Store_C,1,Electronics,Tablets,457.53,0,0,457.53,338,477.26,39.3,0.54,2.22,5.87,51.15,557.24,955,474,312,38.28
2015-05-07,2015,5,7,3,127,19,2,0,0,2,Store_B,5,Sports,Equipment,78.34,0,0,78.34,78,70.43,69.33,1.58,2.61,7.13,75.3,547.93,1153,444,269,62.85
2023-03-24,2023,3,24,4,83,12,1,0,0,3,Store_C,1,Electronics,Phones,529.62,0,0,529.62,75,544.94,78.3,3.08,2.8,6.72,73.37,502.34,1491,552,260,74.84
2022-04-28,2022,4,28,3,118,17,2,0,0,5,Store_E,5,Sports,Footwear,73.2,0,0,73.2,406,82.24,83.65,6.9,2.77,7.21,74.58,518.8,1525,545,444,77.09
2015-03-08,2015,3,8,6,67,10,1,1,0,3,Store_C,1,Electronics,Accessories,547.22,0,0,547.22,499,550.05,80.4,2.27,3.15,6.97,70.87,412.53,1401,519,456,76.42
2013-07-23,2013,7,23,1,204,30,3,0,0,1,Store_A,2,Clothing,Kids,52.02,0,0,52.02,457,56.58,51.77,4.73,3.49,6.88,58.55,414.73,1349,591,318,63.04
2018-03-10,2018,3,10,5,69,10,1,1,0,1,Store_A,4,Food,Fresh,19.49,0,0,19.49,317,20.13,80.75,6.13,1.66,5.95,71.82,522.41,1484,442,435,120.09
2022-08-05,2022,8,5,4,217,31,3,0,0,4,Store_D,4,Food,Packaged,21.39,0,0,21.39,130,19.85,47.12,23.96,2.87,7.11,54.12,404.02,1149,550,340,84.16
2011-10-23,2011,10,23,6,296,42,4,1,0,1,Store_A,3,Home_Goods,Decor,147.93,0,0,147.93,201,139.57,35.91,3.16,2.49,5.98,50.32,533.9,1014,389,448,24.22
2022-07-14,2022,7,14,3,195,28,3,0,0,4,Store_D,3,Home_Goods,Furniture,143.75,0,0,143.75,167,122.73,50.53,0.85,2.95,7.16,59.31,534.84,1140,543,270,42.57
2021-02-25,2021,2,25,3,56,8,1,0,0,1,Store_A,2,Clothing,Accessories,45.09,0,0,45.09,154,43.89,75.29,5.42,2.98,6.8,80.31,528.4,1472,510,272,96.24
2017-08-16,2017,8,16,2,228,33,3,0,0,3,Store_C,2,Clothing,Kids,47.09,0,0,47.09,307,40.92,46.81,0.28,1.4,6.59,53.7,456.32,1080,411,268,54.32
2023-07-09,2023,7,9,6,190,27,3,1,0,3,Store_C,2,Clothing,Accessories,48.87,0,0,48.87,414,52.15,60.01,2.01,3.34,6.73,59.25,487.86,1386,544,404,89.39
2020-06-24,2020,6,24,2,176,26,2,0,0,3,Store_C,2,Clothing,Women,51.06,0,0,51.06,435,57.74,65.83,0.91,2.11,6.3,64.57,559.93,1359,519,293,73.5
2017-06-07,2017,6,7,2,158,23,2,0,0,3,Store_C,1,Electronics,Laptops,502.79,0,0,502.79,168,482.39,67.87,11.88,2.11,6.4,61.69,470.14,1449,538,333,59.97
2022-10-02,2022,10,2,6,275,39,4,1,0,5,Store_E,2,Clothing,Women,54.43,0,0,54.43,62,47.09,40.69,4.81,3.0,7.06,56.27,448.95,1086,571,507,53.31
2010-09-25,2010,9,25,5,268,38,3,1,0,5,Store_E,1,Electronics,Phones,452.0,5,1,429.4,249,461.47,46.73,1.03,2.08,6.06,59.91,661.22,1232,557,375,35.08
2022-03-01,2022,3,1,1,60,9,1,0,0,3,Store_C,2,Clothing,Women,51.45,0,0,51.45,119,55.06,84.9,2.36,3.02,7.11,77.44,572.38,1433,543,249,80.91
2023-07-31,2023,7,31,0,212,31,3,0,0,2,Store_B,3,Home_Goods,Kitchen,157.89,5,1,150.0,403,164.39,53.5,4.06,2.81,7.26,55.28,814.96,1259,586,310,76.82
2019-03-27,2019,3,27,2,86,13,1,0,0,4,Store_D,1,Electronics,Phones,495.06,0,0,495.06,455,442.49,75.3,24.18,2.44,6.03,75.08,554.54,1649,427,301,76.85
2019-11-05,2019,11,5,1,309,45,4,0,0,4,Store_D,5,Sports,Apparel,75.35,0,0,75.35,143,71.55,42.32,39.89,2.14,6.37,55.11,468.28,1176,519,278,42.34
2021-10-26,2021,10,26,1,299,43,4,0,0,5,Store_E,3,Home_Goods,Bedding,159.61,0,0,159.61,330,149.6,54.07,4.96,2.76,6.57,53.7,512.98,1094,507,338,58.41
2020-03-11,2020,3,11,2,71,11,1,0,0,1,Store_A,5,Sports,Apparel,76.66,0,0,76.66,330,77.29,82.66,0.96,2.23,6.33,73.32,562.38,1509,466,262,78.25
2019-04-30,2019,4,30,1,120,18,2,0,0,2,Store_B,3,Home_Goods,Bedding,138.26,0,0,138.26,494,157.96,88.78,11.59,2.67,6.22,74.33,495.83,1427,521,266,66.51
2013-07-02,2013,7,2,1,183,27,3,0,0,4,Store_D,4,Food,Packaged,20.14,15,1,17.12,374,16.52,60.05,4.54,2.75,6.68,68.63,777.16,1475,639,279,105.84
2022-09-15,2022,9,15,3,258,37,3,0,0,2,Store_B,5,Sports,Equipment,79.0,0,0,79.0,434,82.01,45.14,2.18,3.14,6.87,57.24,438.85,1053,565,334,30.81
2020-09-22,2020,9,22,1,266,39,3,0,0,4,Store_D,2,Clothing,Women,51.37,0,0,51.37,396,43.87,31.77,7.18,2.49,6.52,54.81,481.1,1089,510,340,58.44
2017-05-02,2017,5,2,1,122,18,2,0,0,4,Store_D,5,Sports,Equipment,81.63,0,0,81.63,278,71.3,86.24,1.21,2.13,6.23,77.85,447.5,1346,467,260,71.8
2014-06-10,2014,6,10,1,161,24,2,0,0,2,Store_B,1,Electronics,Laptops,497.42,0,0,497.42,187,565.81,70.08,2.8,2.49,6.76,68.16,482.95,1401,422,326,35.68
2021-03-27,2021,3,27,5,86,12,1,1,0,3,Store_C,3,Home_Goods,Decor,136.33,0,0,136.33,147,143.2,76.35,1.36,3.45,6.75,71.91,581.74,1534,514,442,85.12
2017-10-28,2017,10,28,5,301,43,4,1,0,3,Store_C,1,Electronics,Tablets,548.84,0,0,548.84,148,508.68,40.55,2.8,1.76,6.16,54.2,400.4,1009,493,442,55.56
2015-03-12,2015,3,12,3,71,11,1,0,0,5,Store_E,1,Electronics,Accessories,457.57,0,0,457.57,455,480.27,79.51,0.99,2.29,6.84,74.01,453.22,1360,562,271,50.95
2020-09-29,2020,9,29,1,273,40,3,0,0,1,Store_A,5,Sports,Equipment,73.76,0,0,73.76,135,63.13,39.1,1.62,2.92,6.78,53.45,464.25,908,535,342,44.11
2018-04-03,2018,4,3,1,93,14,2,0,0,4,Store_D,1,Electronics,Laptops,451.98,0,0,451.98,306,409.97,71.74,3.23,1.99,6.35,75.48,589.2,1272,502,337,55.97
2022-02-25,2022,2,25,4,56,8,1,0,0,5,Store_E,5,Sports,Apparel,82.14,0,0,82.14,186,73.51,64.38,0.4,3.05,7.53,73.94,443.43,1361,506,208,77.3
2010-03-09,2010,3,9,1,68,10,1,0,0,5,Store_E,1,Electronics,Accessories,496.46,0,0,496.46,387,493.47,70.5,5.94,2.73,6.07,75.65,407.92,1291,497,299,41.03
2015-08-05,2015,8,5,2,217,32,3,0,0,4,Store_D,3,Home_Goods,Decor,155.74,0,0,155.74,312,155.2,53.7,3.9,2.64,6.82,62.3,463.43,1219,490,353,42.18
2017-01-24,2017,1,24,1,24,4,1,0,0,5,Store_E,2,Clothing,Accessories,52.67,0,0,52.67,152,57.16,70.26,6.26,2.36,6.06,65.67,506.93,1280,444,274,69.12
2020-05-10,2020,5,10,6,131,19,2,1,0,2,Store_B,2,Clothing,Kids,50.03,0,0,50.03,210,53.23,71.3,3.25,2.96,6.68,70.06,569.07,1399,478,387,88.71
2020-05-18,2020,5,18,0,139,21,2,0,0,1,Store_A,1,Electronics,Phones,469.64,0,0,469.64,146,504.97,78.89,11.14,2.57,6.45,72.14,458.35,1523,489,326,70.23
2012-03-31,2012,3,31,5,91,13,1,1,0,1,Store_A,5,Sports,Apparel,79.69,0,0,79.69,489,76.06,82.58,5.88,3.24,6.72,73.02,580.08,1546,436,372,72.86
2013-05-11,2013,5,11,5,131,19,2,1,0,5,Store_E,5,Sports,Equipment,73.67,0,0,73.67,373,77.29,77.12,8.55,3.26,6.79,74.29,569.88,1403,435,537,74.08
2018-03-11,2018,3,11,6,70,10,1,1,0,1,Store_A,5,Sports,Apparel,86.22,0,0,86.22,57,86.01,76.49,2.27,1.78,6.18,72.74,556.87,1334,558,482,71.31
2018-07-30,2018,7,30,0,211,31,3,0,0,1,Store_A,3,Home_Goods,Decor,135.81,0,0,135.81,469,130.49,49.61,4.22,2.72,5.74,58.28,411.95,1072,480,276,38.96
2017-07-06,2017,7,6,3,187,27,3,0,0,5,Store_E,2,Clothing,Women,53.32,0,0,53.32,120,48.8,62.46,2.43,2.12,5.86,62.73,464.51,1291,440,335,65.6
2022-03-16,2022,3,16,2,75,11,1,0,0,1,Store_A,1,Electronics,Laptops,514.49,0,0,514.49,472,488.99,78.96,13.79,3.19,7.07,73.93,466.73,1417,543,357,64.06
2021-09-09,2021,9,9,3,252,36,3,0,0,4,Store_D,2,Clothing,Kids,50.16,0,0,50.16,291,55.5,37.41,12.52,3.18,6.99,58.62,507.23,1037,517,249,69.74
2019-03-04,2019,3,4,0,63,10,1,0,0,1,Store_A,4,Food,Beverages,19.05,0,0,19.05,194,20.67,82.86,12.79,2.67,6.04,72.25,596.49,1386,641,306,116.22
2013-02-17,2013,2,17,6,48,7,1,1,0,3,Store_C,2,Clothing,Women,51.13,0,0,51.13,377,55.22,74.7,16.15,2.54,6.89,72.18,516.63,1611,474,429,93.27
2011-02-02,2011,2,2,2,33,5,1,0,0,5,Store_E,2,Clothing,Women,51.19,0,0,51.19,129,43.88,77.27,0.42,2.53,6.22,66.65,512.0,1441,529,244,70.38
2017-12-16,2017,12,16,5,350,50,4,1,0,5,Store_E,2,Clothing,Women,50.52,0,0,50.52,381,47.28,51.19,0.52,2.47,6.1,65.33,583.38,1080,569,452,91.54
2021-10-11,2021,10,11,0,284,41,4,0,0,3,Store_C,1,Electronics,Accessories,517.75,5,1,491.86,436,456.05,37.65,10.13,2.39,6.82,53.94,768.69,1149,633,356,47.99
2017-07-22,2017,7,22,5,203,29,3,1,0,2,Store_B,5,Sports,Footwear,79.01,0,0,79.01,293,83.27,53.55,9.54,1.75,6.12,59.46,561.04,1250,525,453,42.62
2013-10-30,2013,10,30,2,303,44,4,0,0,3,Store_C,1,Electronics,Phones,532.2,0,0,532.2,482,493.14,41.1,3.56,2.84,6.96,52.63,460.87,1160,470,330,37.34
2014-07-18,2014,7,18,4,199,29,3,0,0,1,Store_A,5,Sports,Footwear,79.62,0,0,79.62,94,68.55,58.02,2.63,3.07,7.02,65.8,413.04,1123,416,308,31.45
2012-09-06,2012,9,6,3,250,36,3,0,0,4,Store_D,3,Home_Goods,Kitchen,141.35,0,0,141.35,373,150.8,38.95,5.76,3.21,6.49,59.21,485.98,1106,585,299,21.74
2013-07-22,2013,7,22,0,203,30,3,0,0,3,Store_C,3,Home_Goods,Bedding,152.88,0,0,152.88,291,151.0,55.31,0.98,2.83,6.92,62.4,423.75,1241,454,273,38.46
2019-09-26,2019,9,26,3,269,39,3,0,0,1,Store_A,4,Food,Snacks,19.58,10,1,17.63,325,18.21,45.2,3.31,2.07,6.27,57.0,854.4,1272,643,340,104.79
2010-03-24,2010,3,24,2,83,12,1,0,0,1,Store_A,2,Clothing,Men,47.57,0,0,47.57,423,51.93,76.9,5.01,2.52,6.02,76.53,563.84,1451,520,324,62.74
2022-05-05,2022,5,5,3,125,18,2,0,0,5,Store_E,5,Sports,Equipment,82.93,0,0,82.93,422,86.54,64.89,1.52,3.04,6.79,74.67,562.17,1499,469,263,79.5
2016-09-24,2016,9,24,5,268,38,3,1,0,3,Store_C,4,Food,Packaged,21.52,0,0,21.52,115,22.51,42.86,16.67,2.08,6.32,53.04,467.71,1054,531,486,95.82
2020-03-28,2020,3,28,5,88,13,1,1,0,5,Store_E,2,Clothing,Kids,48.84,0,0,48.84,192,55.65,82.87,1.54,2.15,6.87,81.55,490.01,1549,499,348,93.12
2020-05-09,2020,5,9,5,130,19,2,1,0,5,Store_E,1,Electronics,Accessories,454.28,0,0,454.28,432,515.22,67.6,1.06,2.2,6.58,72.78,498.2,1385,499,402,73.2
2016-04-07,2016,4,7,3,98,14,2,0,0,2,Store_B,2,Clothing,Women,48.04,0,0,48.04,169,51.24,80.48,4.78,2.09,6.42,72.92,576.42,1548,483,343,72.34
2011-02-28,2011,2,28,0,59,9,1,0,0,5,Store_E,4,Food,Fresh,19.21,0,0,19.21,320,21.15,71.39,4.23,2.81,6.49,70.54,576.38,1295,464,302,99.3
2021-11-18,2021,11,18,3,322,46,4,0,0,1,Store_A,1,Electronics,Tablets,468.43,0,0,468.43,314,473.41,50.27,1.31,2.78,6.91,59.57,495.3,1057,514,315,37.3
2015-03-20,2015,3,20,4,79,12,1,0,0,2,Store_B,2,Clothing,Men,45.56,0,0,45.56,236,45.64,72.36,6.38,2.54,7.17,73.26,481.81,1376,538,312,76.94
2022-06-05,2022,6,5,6,156,22,2,1,0,5,Store_E,3,Home_Goods,Kitchen,137.46,0,0,137.46,347,130.15,70.33,6.85,3.04,7.01,70.48,528.89,1523,405,453,78.92
2019-03-07,2019,3,7,3,66,10,1,0,0,5,Store_E,3,Home_Goods,Furniture,159.32,0,0,159.32,331,136.48,85.51,7.8,2.24,5.95,78.94,413.45,1489,433,332,65.27
2018-06-30,2018,6,30,5,181,26,2,1,0,4,Store_D,2,Clothing,Accessories,50.8,0,0,50.8,106,43.71,71.06,2.81,2.33,5.94,67.29,413.44,1311,581,407,58.58
2014-04-15,2014,4,15,1,105,16,2,0,0,1,Store_A,3,Home_Goods,Kitchen,158.65,0,0,158.65,137,176.49,84.29,3.21,2.93,7.44,75.75,575.57,1323,411,280,49.75
2019-03-10,2019,3,10,6,69,10,1,1,0,3,Store_C,4,Food,Fresh,18.91,0,0,18.91,81,19.99,68.63,1.42,2.05,6.13,70.25,541.28,1408,550,426,141.98
2012-04-19,2012,4,19,3,110,16,2,0,0,4,Store_D,4,Food,Fresh,18.45,0,0,18.45,319,20.45,82.59,0.9,2.57,6.67,73.87,433.21,1296,530,356,83.89
2011-05-16,2011,5,16,0,136,20,2,0,0,1,Store_A,2,Clothing,Men,52.32,0,0,52.32,93,51.81,80.47,17.37,2.95,6.64,68.89,488.96,1500,573,301,60.74
2010-05-22,2010,5,22,5,142,20,2,1,0,4,Store_D,3,Home_Goods,Furniture,155.28,0,0,155.28,250,136.9,75.92,0.25,2.86,6.08,71.05,500.08,1234,385,422,39.39
2013-10-09,2013,10,9,2,282,41,4,0,0,2,Store_B,3,Home_Goods,Bedding,161.47,0,0,161.47,336,155.93,42.25,1.47,2.4,6.67,61.46,496.37,1063,513,301,6.74
2020-02-15,2020,2,15,5,46,7,1,1,0,1,Store_A,4,Food,Beverages,18.21,0,0,18.21,258,15.82,72.69,11.21,2.58,6.37,80.04,532.16,1390,518,410,114.29
2015-11-15,2015,11,15,6,319,46,4,1,0,3,Store_C,1,Electronics,Tablets,528.57,0,0,528.57,77,530.92,42.35,5.34,2.7,6.53,61.61,557.56,1278,574,437,39.44
2013-02-12,2013,2,12,1,43,7,1,0,0,3,Store_C,4,Food,Beverages,20.28,0,0,20.28,123,22.17,68.14,0.91,3.06,6.6,75.01,453.15,1367,503,408,80.46
2018-01-06,2018,1,6,5,6,1,1,1,0,4,Store_D,1,Electronics,Phones,469.84,0,0,469.84,249,521.25,62.99,2.25,1.42,6.27,66.07,436.6,1205,578,453,65.64
2014-11-23,2014,11,23,6,327,47,4,1,1,1,Store_A,3,Home_Goods,Kitchen,157.65,0,0,157.65,74,166.52,50.71,6.81,2.92,7.04,59.82,587.22,1171,430,669,70.52
2019-07-17,2019,7,17,2,198,29,3,0,0,1,Store_A,2,Clothing,Men,46.61,0,0,46.61,427,42.01,48.97,2.52,1.67,6.11,66.07,475.05,1166,618,180,76.79
2011-07-05,2011,7,5,1,186,27,3,0,0,5,Store_E,3,Home_Goods,Bedding,156.52,0,0,156.52,324,144.54,62.35,1.19,3.27,6.1,67.79,592.4,1370,566,291,47.39
2023-06-08,2023,6,8,3,159,23,2,0,0,5,Store_E,5,Sports,Equipment,72.76,20,1,58.21,91,53.32,74.38,2.19,3.36,6.92,70.28,815.88,1512,572,297,89.28
2015-07-13,2015,7,13,0,194,29,3,0,0,1,Store_A,4,Food,Packaged,21.57,0,0,21.57,380,23.41,51.98,8.84,2.44,6.51,62.31,414.17,1127,506,332,97.69
2012-08-06,2012,8,6,0,219,32,3,0,0,2,Store_B,1,Electronics,Laptops,457.34,0,0,457.34,239,514.18,33.48,18.12,2.82,6.5,55.87,505.83,1408,528,268,30.55
2017-02-13,2017,2,13,0,44,7,1,0,0,4,Store_D,2,Clothing,Accessories,47.78,0,0,47.78,130,45.47,72.42,2.97,1.82,6.05,81.75,442.6,1437,495,234,71.14
2011-06-17,2011,6,17,4,168,24,2,0,0,4,Store_D,2,Clothing,Women,52.28,0,0,52.28,86,47.54,65.66,1.53,2.24,6.24,63.5,417.79,1242,472,321,69.3
2015-01-04,2015,1,4,6,4,1,1,1,0,4,Store_D,4,Food,Beverages,18.12,0,0,18.12,385,19.49,54.85,4.29,2.28,7.07,66.06,535.2,1466,451,469,121.69
2017-12-27,2017,12,27,2,361,52,4,0,0,5,Store_E,4,Food,Fresh,20.26,0,0,20.26,183,21.09,62.58,1.38,2.49,6.2,64.73,590.43,1372,523,207,94.92
2022-02-05,2022,2,5,5,36,5,1,1,0,3,Store_C,2,Clothing,Men,51.68,0,0,51.68,447,44.92,73.74,0.51,2.82,6.99,72.45,507.06,1292,540,415,99.57
2020-08-07,2020,8,7,4,220,32,3,0,0,1,Store_A,3,Home_Goods,Kitchen,164.44,0,0,164.44,265,147.31,37.92,3.22,2.49,6.33,54.72,433.86,1025,570,390,45.57
2014-05-22,2014,5,22,3,142,21,2,0,0,2,Store_B,3,Home_Goods,Kitchen,155.46,0,0,155.46,291,139.59,76.9,1.88,2.96,6.81,69.0,478.65,1393,468,325,55.57
2011-10-02,2011,10,2,6,275,39,4,1,0,1,Store_A,1,Electronics,Phones,474.08,0,0,474.08,53,482.72,42.82,5.44,3.07,5.96,55.18,480.4,951,537,440,19.51
2023-03-26,2023,3,26,6,85,12,1,1,0,2,Store_B,4,Food,Snacks,20.18,0,0,20.18,151,21.64,76.62,0.35,3.38,7.2,75.76,466.36,1367,554,472,129.04
2012-08-25,2012,8,25,5,238,34,3,1,0,3,Store_C,5,Sports,Equipment,72.39,0,0,72.39,278,72.95,42.05,0.32,3.2,6.15,56.29,543.05,1115,508,443,49.39
2021-08-08,2021,8,8,6,220,31,3,1,0,4,Store_D,3,Home_Goods,Kitchen,148.16,0,0,148.16,275,132.12,46.56,1.89,2.66,7.04,59.79,578.15,1241,589,469,68.34
2017-05-21,2017,5,21,6,141,20,2,1,0,2,Store_B,1,Electronics,Accessories,482.65,0,0,482.65,409,486.75,72.93,0.23,2.27,6.06,68.86,545.09,1381,466,416,72.44
2014-08-11,2014,8,11,0,223,33,3,0,0,2,Store_B,1,Electronics,Accessories,504.4,15,1,428.74,389,427.41,51.0,13.03,2.38,7.17,62.19,844.47,1201,628,337,62.2
2022-03-29,2022,3,29,1,88,13,1,0,0,4,Store_D,2,Clothing,Kids,51.69,0,0,51.69,392,46.15,77.98,1.77,2.42,7.07,80.37,481.35,1488,434,354,100.44
2016-05-31,2016,5,31,1,152,22,2,0,0,2,Store_B,4,Food,Packaged,20.51,0,0,20.51,406,19.19,80.6,8.44,1.52,6.58,72.46,458.84,1220,504,262,96.71
2010-06-05,2010,6,5,5,156,22,2,1,0,2,Store_B,3,Home_Goods,Furniture,148.8,15,1,126.48,496,120.11,74.0,5.32,2.72,5.64,70.36,727.57,1520,472,413,59.55
2016-10-23,2016,10,23,6,297,42,4,1,0,4,Store_D,1,Electronics,Phones,536.96,0,0,536.96,459,536.98,36.57,4.12,2.16,6.64,55.2,483.78,1177,522,455,28.98
2022-09-16,2022,9,16,4,259,37,3,0,0,1,Store_A,1,Electronics,Laptops,538.93,0,0,538.93,63,481.78,34.2,4.86,3.16,7.09,53.91,532.19,1040,383,292,44.7
2012-12-25,2012,12,25,1,360,52,4,0,1,4,Store_D,5,Sports,Footwear,81.69,5,1,77.61,73,73.56,60.71,3.88,2.74,6.4,66.55,796.46,1392,576,457,86.89
2017-04-09,2017,4,9,6,99,14,2,1,0,4,Store_D,1,Electronics,Accessories,465.51,0,0,465.51,168,520.35,80.71,3.48,2.16,6.11,73.7,457.02,1514,550,507,69.79
2021-08-11,2021,8,11,2,223,32,3,0,0,3,Store_C,2,Clothing,Accessories,53.73,0,0,53.73,413,57.58,49.11,0.99,3.06,6.8,56.91,562.88,1092,542,266,73.35
2010-10-16,2010,10,16,5,289,41,4,1,0,1,Store_A,1,Electronics,Phones,512.52,0,0,512.52,440,523.31,43.63,7.76,2.54,6.01,54.05,537.67,996,534,472,30.45
2012-07-19,2012,7,19,3,201,29,3,0,0,4,Store_D,2,Clothing,Accessories,50.67,0,0,50.67,67,52.32,52.67,2.43,3.24,6.5,60.38,560.85,1048,518,265,57.29
2016-12-10,2016,12,10,5,345,49,4,1,0,1,Store_A,3,Home_Goods,Bedding,161.7,0,0,161.7,192,181.91,53.77,0.52,1.86,6.14,60.19,484.02,980,607,460,52.76
2021-01-11,2021,1,11,0,11,2,1,0,0,4,Store_D,4,Food,Fresh,20.74,0,0,20.74,330,18.8,65.5,5.69,2.46,6.97,67.58,532.94,1297,524,380,123.08
2019-03-26,2019,3,26,1,85,13,1,0,0,2,Store_B,5,Sports,Apparel,81.05,0,0,81.05,308,84.61,78.69,2.14,2.33,6.28,77.43,481.73,1384,497,385,73.18
2022-08-27,2022,8,27,5,239,34,3,1,0,5,Store_E,2,Clothing,Men,46.98,0,0,46.98,229,45.82,31.88,6.36,3.13,6.59,53.79,517.01,1097,606,398,83.41
2019-01-05,2019,1,5,5,5,1,1,1,0,3,Store_C,1,Electronics,Laptops,532.85,0,0,532.85,198,476.46,60.68,3.2,2.34,6.36,63.36,442.22,1357,499,441,65.36
2012-07-31,2012,7,31,1,213,31,3,0,0,5,Store_E,5,Sports,Equipment,85.71,0,0,85.71,120,90.24,38.42,3.0,3.15,6.84,67.54,540.92,1052,507,329,40.47
2020-07-26,2020,7,26,6,208,30,3,1,0,4,Store_D,2,Clothing,Kids,48.57,0,0,48.57,208,45.46,52.47,5.33,2.08,6.33,61.43,586.08,1112,498,438,67.62
2022-10-07,2022,10,7,4,280,40,4,0,0,5,Store_E,5,Sports,Accessories,87.3,0,0,87.3,252,82.16,33.25,6.16,2.82,7.13,54.92,467.97,1047,538,221,48.05
2014-08-26,2014,8,26,1,238,35,3,0,0,4,Store_D,4,Food,Snacks,19.13,0,0,19.13,277,20.27,42.77,0.98,2.86,6.88,59.92,502.44,1025,573,319,73.01
2022-11-22,2022,11,22,1,326,47,4,0,1,5,Store_E,2,Clothing,Kids,49.43,0,0,49.43,206,53.76,44.56,0.02,3.3,6.94,59.73,573.74,1314,566,471,86.4
2018-10-06,2018,10,6,5,279,40,4,1,0,2,Store_B,2,Clothing,Women,46.22,0,0,46.22,276,49.64,38.23,0.63,1.78,6.12,55.87,577.81,976,463,402,56.45
2022-08-07,2022,8,7,6,219,31,3,1,0,2,Store_B,4,Food,Beverages,19.32,0,0,19.32,279,18.48,58.53,1.24,2.75,7.2,63.12,531.3,1249,417,422,105.43
2022-08-14,2022,8,14,6,226,32,3,1,0,3,Store_C,4,Food,Fresh,20.73,0,0,20.73,444,21.58,48.71,5.64,2.8,7.16,56.72,474.8,901,533,479,123.52
2012-09-12,2012,9,12,2,256,37,3,0,0,2,Store_B,3,Home_Goods,Furniture,145.13,0,0,145.13,372,150.69,40.99,0.85,2.62,6.21,59.45,421.04,925,474,291,22.63
2019-02-01,2019,2,1,4,32,5,1,0,0,4,Store_D,1,Electronics,Phones,478.45,5,1,454.53,182,489.69,73.56,3.14,2.45,6.15,68.58,616.55,1403,618,245,66.33
2017-11-07,2017,11,7,1,311,45,4,0,0,2,Store_B,2,Clothing,Women,53.43,0,0,53.43,233,50.51,55.16,1.82,2.18,6.02,60.12,414.29,1006,434,291,60.9
2021-02-08,2021,2,8,0,39,6,1,0,0,3,Store_C,2,Clothing,Accessories,49.01,0,0,49.01,412,43.98,68.01,6.94,2.54,7.35,76.0,402.94,1252,495,317,102.55
2023-01-30,2023,1,30,0,30,5,1,0,0,5,Store_E,1,Electronics,Phones,471.59,0,0,471.59,69,431.56,70.7,10.16,2.73,6.91,69.66,594.88,1303,480,344,72.84
2012-09-08,2012,9,8,5,252,36,3,1,0,2,Store_B,4,Food,Fresh,20.04,0,0,20.04,210,20.36,40.54,12.74,3.02,6.08,53.24,492.21,1107,549,472,77.55
2016-10-28,2016,10,28,4,302,43,4,0,0,1,Store_A,1,Electronics,Laptops,467.09,0,0,467.09,405,401.86,33.31,2.23,2.79,6.6,51.32,425.62,951,553,315,21.83
2020-05-20,2020,5,20,2,141,21,2,0,0,3,Store_C,3,Home_Goods,Decor,142.57,0,0,142.57,227,159.96,64.63,7.61,2.04,6.67,67.63,590.69,1554,477,321,55.8
2019-09-19,2019,9,19,3,262,38,3,0,0,1,Store_A,1,Electronics,Accessories,540.52,0,0,540.52,347,493.04,45.03,1.18,2.11,6.01,52.76,514.93,930,504,329,40.45
2018-01-21,2018,1,21,6,21,3,1,1,0,5,Store_E,4,Food,Snacks,21.84,0,0,21.84,326,21.26,71.39,4.55,2.66,6.19,65.09,542.0,1316,431,526,113.88
2019-08-29,2019,8,29,3,241,35,3,0,0,4,Store_D,2,Clothing,Men,52.87,0,0,52.87,251,48.31,39.68,6.74,1.75,6.15,61.43,479.93,1037,468,217,57.79
2020-07-12,2020,7,12,6,194,28,3,1,0,2,Store_B,2,Clothing,Men,52.39,0,0,52.39,488,45.8,55.59,21.78,2.52,6.79,60.12,496.9,1268,430,450,82.31
2013-12-28,2013,12,28,5,362,52,4,1,0,1,Store_A,5,Sports,Equipment,75.99,0,0,75.99,399,79.9,47.67,4.06,2.8,6.83,61.39,491.07,1452,530,456,59.29
2013-10-27,2013,10,27,6,300,43,4,1,0,1,Store_A,5,Sports,Equipment,82.87,20,1,66.3,463,72.18,31.91,1.07,2.63,6.68,59.09,673.55,1114,649,509,61.2
2010-09-22,2010,9,22,2,265,38,3,0,0,5,Store_E,1,Electronics,Phones,473.16,0,0,473.16,401,470.87,38.37,13.02,2.28,6.13,52.69,509.34,1070,549,230,22.18
2021-03-19,2021,3,19,4,78,11,1,0,0,5,Store_E,1,Electronics,Accessories,500.53,0,0,500.53,397,460.66,78.8,1.07,2.82,6.72,73.53,436.38,1320,597,291,77.28
2012-07-18,2012,7,18,2,200,29,3,0,0,2,Store_B,2,Clothing,Women,47.43,0,0,47.43,485,48.99,54.91,4.6,3.04,6.42,66.7,509.48,1241,474,387,70.79
2023-05-04,2023,5,4,3,124,18,2,0,0,3,Store_C,3,Home_Goods,Bedding,150.58,10,1,135.52,301,127.75,75.34,0.63,2.61,7.06,72.59,711.87,1672,603,268,80.32
2017-05-16,2017,5,16,1,136,20,2,0,0,3,Store_C,4,Food,Beverages,20.47,0,0,20.47,236,21.07,78.24,3.71,2.17,6.23,75.2,537.13,1346,539,207,118.12
2010-09-04,2010,9,4,5,247,35,3,1,0,5,Store_E,3,Home_Goods,Kitchen,162.1,0,0,162.1,190,170.6,45.99,7.14,2.26,5.84,50.96,441.94,1045,505,441,26.09
2019-10-30,2019,10,30,2,303,44,4,0,0,1,Store_A,2,Clothing,Kids,47.63,0,0,47.63,438,52.99,43.02,4.18,2.11,6.21,65.49,559.2,1099,554,262,75.55
2014-10-25,2014,10,25,5,298,43,4,1,0,4,Store_D,2,Clothing,Accessories,46.64,0,0,46.64,473,49.32,48.95,2.12,2.44,7.1,57.07,420.38,1047,533,469,67.06
2023-04-28,2023,4,28,4,118,17,2,0,0,5,Store_E,3,Home_Goods,Decor,140.13,0,0,140.13,140,148.68,72.24,9.91,3.1,6.91,68.56,562.2,1325,464,350,70.94
2017-09-11,2017,9,11,0,254,37,3,0,0,4,Store_D,4,Food,Beverages,21.87,10,1,19.68,278,18.05,34.66,1.41,1.78,6.46,57.06,612.59,1295,655,369,97.69
2012-07-12,2012,7,12,3,194,28,3,0,0,5,Store_E,2,Clothing,Kids,51.26,0,0,51.26,426,56.38,56.32,3.1,3.03,6.3,60.89,442.59,1241,456,269,41.49
2017-11-20,2017,11,20,0,324,47,4,0,0,4,Store_D,1,Electronics,Laptops,458.06,0,0,458.06,481,513.91,43.96,6.24,2.11,6.41,66.54,597.96,1252,512,298,41.02
2010-09-26,2010,9,26,6,269,38,3,1,0,4,Store_D,5,Sports,Apparel,87.31,0,0,87.31,335,82.07,40.28,4.82,2.66,6.23,58.75,502.19,988,494,448,34.02
2011-11-01,2011,11,1,1,305,44,4,0,0,1,Store_A,1,Electronics,Tablets,487.43,0,0,487.43,448,530.64,35.17,0.08,2.35,6.06,56.3,514.07,1209,501,211,32.33
2022-04-03,2022,4,3,6,93,13,2,1,0,5,Store_E,3,Home_Goods,Furniture,149.52,0,0,149.52,139,142.08,73.96,15.43,2.84,6.98,73.56,466.94,1434,568,451,65.32
2015-03-26,2015,3,26,3,85,13,1,0,0,3,Store_C,5,Sports,Footwear,79.82,0,0,79.82,332,72.03,81.14,0.01,2.77,7.08,67.38,489.89,1312,554,397,71.09
2018-03-05,2018,3,5,0,64,10,1,0,0,2,Store_B,1,Electronics,Phones,493.55,0,0,493.55,346,428.21,76.23,5.65,1.86,6.02,69.87,501.58,1466,556,310,70.5
2013-02-26,2013,2,26,1,57,9,1,0,0,4,Store_D,1,Electronics,Accessories,514.86,0,0,514.86,403,494.4,77.08,1.0,2.81,7.24,75.39,587.41,1414,531,328,56.97
2023-03-11,2023,3,11,5,70,10,1,1,0,5,Store_E,4,Food,Packaged,20.62,0,0,20.62,361,21.4,75.93,8.8,3.59,7.12,69.22,406.87,1427,590,445,140.16
2019-06-18,2019,6,18,1,169,25,2,0,0,1,Store_A,2,Clothing,Women,45.04,10,1,40.54,176,37.75,68.5,2.03,2.03,6.05,70.19,765.21,1504,555,275,66.95
2021-08-12,2021,8,12,3,224,32,3,0,0,2,Store_B,3,Home_Goods,Kitchen,135.07,0,0,135.07,471,142.88,41.7,3.56,2.73,6.69,61.16,533.4,1139,498,190,50.86
2022-06-16,2022,6,16,3,167,24,2,0,0,1,Store_A,4,Food,Snacks,19.09,0,0,19.09,65,18.26,74.79,3.05,2.95,7.19,63.35,471.59,1206,579,241,115.45
2015-12-13,2015,12,13,6,347,50,4,1,0,1,Store_A,3,Home_Goods,Bedding,155.4,20,1,124.32,251,122.98,59.05,9.24,2.62,6.83,55.82,791.42,1137,548,453,64.87
2022-05-13,2022,5,13,4,133,19,2,0,0,1,Store_A,1,Electronics,Accessories,519.35,0,0,519.35,238,474.09,66.96,0.33,2.89,7.07,70.06,452.09,1564,599,369,61.62
2015-03-31,2015,3,31,1,90,14,1,0,0,1,Store_A,1,Electronics,Accessories,501.14,0,0,501.14,142,525.49,90.6,7.28,2.06,6.7,76.75,460.18,1321,473,310,66.0
2011-09-05,2011,9,5,0,248,36,3,0,0,3,Store_C,3,Home_Goods,Bedding,135.57,15,1,115.23,152,123.91,49.07,2.8,2.94,6.01,59.95,673.23,1099,680,336,26.04
2016-08-03,2016,8,3,2,216,31,3,0,0,4,Store_D,3,Home_Goods,Kitchen,149.24,0,0,149.24,164,153.59,55.74,13.54,2.39,6.1,57.24,498.15,968,498,284,29.99
2021-07-07,2021,7,7,2,188,27,3,0,0,5,Store_E,5,Sports,Apparel,80.94,0,0,80.94,194,89.15,55.81,10.25,2.81,6.58,64.58,543.04,1116,507,364,69.67
2015-03-14,2015,3,14,5,73,11,1,1,0,3,Store_C,1,Electronics,Accessories,543.92,15,1,462.33,446,458.44,72.81,5.93,2.63,6.95,75.72,640.14,1575,596,429,96.07
2014-07-08,2014,7,8,1,189,28,3,0,0,2,Store_B,2,Clothing,Accessories,52.65,0,0,52.65,53,50.05,52.3,3.71,2.69,6.83,66.68,587.75,1369,520,392,72.35
2017-02-20,2017,2,20,0,51,8,1,0,0,4,Store_D,1,Electronics,Tablets,538.64,0,0,538.64,471,580.03,75.49,2.76,2.06,6.53,71.2,513.99,1373,569,376,59.49
2010-09-16,2010,9,16,3,259,37,3,0,0,2,Store_B,2,Clothing,Men,48.15,0,0,48.15,256,52.24,42.22,0.66,2.23,6.1,53.92,508.93,1119,479,312,36.56
2012-04-27,2012,4,27,4,118,17,2,0,0,1,Store_A,3,Home_Goods,Kitchen,156.65,0,0,156.65,385,149.2,70.91,8.33,2.92,6.42,72.45,473.2,1414,447,325,36.2
2021-08-22,2021,8,22,6,234,33,3,1,0,1,Store_A,2,Clothing,Kids,53.11,0,0,53.11,280,45.17,44.57,0.42,2.95,6.82,54.48,539.05,1234,480,433,73.67
2013-05-18,2013,5,18,5,138,20,2,1,0,4,Store_D,1,Electronics,Accessories,508.53,0,0,508.53,429,541.64,78.65,7.2,2.67,7.01,73.64,580.75,1363,538,443,59.58
2013-02-01,2013,2,1,4,32,5,1,0,0,1,Store_A,4,Food,Packaged,19.93,0,0,19.93,173,17.68,69.65,6.24,3.11,6.55,70.63,569.25,1349,560,223,102.3
2015-05-22,2015,5,22,4,142,21,2,0,0,3,Store_C,3,Home_Goods,Furniture,138.09,0,0,138.09,259,147.47,78.06,4.21,2.16,7.2,69.83,463.38,1402,588,338,38.22
2011-07-13,2011,7,13,2,194,28,3,0,0,1,Store_A,2,Clothing,Accessories,54.05,0,0,54.05,393,49.63,56.05,3.79,2.72,6.02,60.34,553.03,1040,484,375,66.15
2020-09-10,2020,9,10,3,254,37,3,0,0,3,Store_C,3,Home_Goods,Decor,138.94,0,0,138.94,220,150.09,46.64,5.51,2.77,6.35,55.35,567.11,945,446,296,36.78
2011-04-30,2011,4,30,5,120,17,2,1,0,4,Store_D,5,Sports,Equipment,84.65,0,0,84.65,229,95.62,77.87,6.45,3.05,6.55,70.85,468.12,1477,414,585,63.34
2013-08-13,2013,8,13,1,225,33,3,0,0,1,Store_A,3,Home_Goods,Bedding,156.18,0,0,156.18,422,168.18,37.81,9.14,2.76,6.89,62.85,423.58,1023,509,285,20.81
2019-04-28,2019,4,28,6,118,17,2,1,0,1,Store_A,5,Sports,Apparel,77.66,0,0,77.66,187,68.32,77.44,1.58,2.04,6.09,74.4,593.3,1478,619,525,75.5
2010-01-08,2010,1,8,4,8,1,1,0,0,1,Store_A,1,Electronics,Phones,514.77,5,1,489.03,308,416.7,49.47,1.26,2.6,5.93,63.97,882.87,1490,498,252,58.46
2018-12-24,2018,12,24,0,358,52,4,0,0,4,Store_D,2,Clothing,Men,46.18,10,1,41.56,203,44.05,58.15,6.75,2.55,5.82,63.99,855.48,1364,630,302,91.25
2018-09-25,2018,9,25,1,268,39,3,0,0,2,Store_B,1,Electronics,Accessories,530.67,0,0,530.67,215,469.64,43.27,21.42,2.42,6.59,61.19,449.85,1086,459,370,26.23
2013-12-21,2013,12,21,5,355,51,4,1,0,5,Store_E,3,Home_Goods,Kitchen,144.17,0,0,144.17,186,155.28,55.87,0.83,2.89,6.99,67.25,526.56,1175,570,371,35.17
2020-11-24,2020,11,24,1,329,48,4,0,1,2,Store_B,1,Electronics,Tablets,450.02,15,1,382.51,265,336.3,41.6,8.64,2.84,6.36,57.89,765.36,1232,555,431,99.21
2014-12-20,2014,12,20,5,354,51,4,1,0,2,Store_B,3,Home_Goods,Decor,138.81,0,0,138.81,413,152.23,51.18,3.4,2.69,7.01,60.77,403.87,1155,588,380,44.22
2012-02-13,2012,2,13,0,44,7,1,0,0,4,Store_D,2,Clothing,Men,47.74,0,0,47.74,281,54.82,72.54,3.5,2.91,6.29,73.22,572.09,1180,543,383,80.33
2012-10-08,2012,10,8,0,282,41,4,0,0,1,Store_A,2,Clothing,Men,53.78,0,0,53.78,117,50.76,45.35,2.02,3.26,6.26,57.6,545.43,1153,463,317,53.13
2017-09-19,2017,9,19,1,262,38,3,0,0,2,Store_B,5,Sports,Footwear,85.24,0,0,85.24,250,86.96,35.72,1.55,2.01,6.32,57.65,519.74,1118,459,294,34.24
2018-12-20,2018,12,20,3,354,51,4,0,0,2,Store_B,4,Food,Fresh,21.83,0,0,21.83,181,23.65,57.98,0.52,1.79,5.55,67.79,461.47,1216,670,235,94.0
2015-06-15,2015,6,15,0,166,25,2,0,0,1,Store_A,3,Home_Goods,Decor,146.42,0,0,146.42,248,130.25,70.12,3.23,2.21,6.84,72.67,511.12,1336,482,260,51.57
2013-07-01,2013,7,1,0,182,27,3,0,0,1,Store_A,3,Home_Goods,Kitchen,148.57,0,0,148.57,486,133.63,50.59,6.36,2.53,6.95,63.67,465.23,1384,484,226,46.31
2014-11-19,2014,11,19,2,323,47,4,0,0,1,Store_A,4,Food,Snacks,18.01,0,0,18.01,483,17.5,46.12,16.51,2.45,7.12,54.86,596.51,1252,486,280,93.39
2018-07-03,2018,7,3,1,184,27,3,0,0,1,Store_A,2,Clothing,Accessories,53.86,0,0,53.86,454,58.01,65.77,2.53,1.99,6.11,67.21,565.65,1271,568,364,68.92
2011-03-23,2011,3,23,2,82,12,1,0,0,5,Store_E,2,Clothing,Women,45.75,0,0,45.75,69,48.4,82.64,4.81,2.93,6.1,75.08,565.71,1411,541,252,73.66
2012-05-30,2012,5,30,2,151,22,2,0,0,5,Store_E,2,Clothing,Women,51.08,0,0,51.08,483,49.58,70.79,6.52,3.09,6.76,66.6,451.56,1411,451,399,72.44
2022-03-18,2022,3,18,4,77,11,1,0,0,5,Store_E,4,Food,Packaged,20.26,0,0,20.26,227,18.12,77.33,0.48,3.41,7.08,76.61,437.41,1497,404,299,118.61
2012-02-21,2012,2,21,1,52,8,1,0,0,4,Store_D,1,Electronics,Tablets,548.25,0,0,548.25,398,488.17,77.08,13.39,3.31,6.57,75.14,531.56,1388,487,236,50.91
2014-10-16,2014,10,16,3,289,42,4,0,0,3,Store_C,1,Electronics,Laptops,541.5,10,1,487.35,256,484.53,40.59,4.01,2.95,7.11,58.03,654.85,1203,591,281,37.86
2019-04-12,2019,4,12,4,102,15,2,0,0,1,Store_A,5,Sports,Footwear,72.89,0,0,72.89,346,81.92,79.51,9.43,2.42,6.22,78.83,550.16,1482,536,291,74.03
2023-05-14,2023,5,14,6,134,19,2,1,0,3,Store_C,2,Clothing,Accessories,49.07,0,0,49.07,301,48.18,62.27,11.3,3.1,6.72,73.54,585.3,1452,473,410,103.68
2012-06-02,2012,6,2,5,154,22,2,1,0,4,Store_D,5,Sports,Footwear,81.41,0,0,81.41,413,74.68,69.26,0.93,2.75,6.32,72.08,468.49,1158,526,508,59.96
2018-01-23,2018,1,23,1,23,4,1,0,0,1,Store_A,5,Sports,Footwear,84.11,0,0,84.11,408,89.99,71.38,9.37,1.58,5.93,69.85,530.95,1187,536,223,57.63
2012-12-27,2012,12,27,3,362,52,4,0,0,4,Store_D,1,Electronics,Laptops,509.55,0,0,509.55,464,568.66,63.3,3.19,3.34,6.41,68.09,512.76,1210,509,239,45.39
2023-02-05,2023,2,5,6,36,5,1,1,0,1,Store_A,4,Food,Packaged,21.24,0,0,21.24,120,22.02,76.02,1.07,2.73,7.03,70.24,478.85,1390,441,539,125.34
2011-06-16,2011,6,16,3,167,24,2,0,0,1,Store_A,3,Home_Goods,Furniture,150.11,0,0,150.11,391,151.35,68.87,14.94,2.94,6.14,70.93,467.19,1254,444,345,22.06
2021-01-05,2021,1,5,1,5,1,1,0,0,3,Store_C,3,Home_Goods,Bedding,157.24,0,0,157.24,322,176.86,54.5,2.67,2.82,6.85,68.29,574.94,1374,494,318,61.05
2022-02-08,2022,2,8,1,39,6,1,0,0,3,Store_C,1,Electronics,Accessories,489.11,0,0,489.11,380,514.36,74.44,0.32,2.95,6.92,66.97,424.86,1287,466,375,63.88
2021-03-22,2021,3,22,0,81,12,1,0,0,5,Store_E,2,Clothing,Kids,48.28,0,0,48.28,138,50.6,78.64,9.28,2.8,6.73,72.76,529.59,1723,460,165,88.17
2014-09-24,2014,9,24,2,267,39,3,0,0,1,Store_A,2,Clothing,Accessories,52.21,0,0,52.21,495,49.53,37.53,1.86,2.4,6.79,57.71,512.15,1196,489,353,48.81
2011-09-03,2011,9,3,5,246,35,3,1,0,1,Store_A,2,Clothing,Kids,51.02,0,0,51.02,102,53.16,44.78,0.07,2.91,6.33,60.33,429.67,982,537,475,50.28
2011-07-25,2011,7,25,0,206,30,3,0,0,4,Store_D,4,Food,Beverages,18.42,0,0,18.42,397,18.81,52.81,3.72,2.8,5.7,63.79,462.01,1074,438,231,81.32
2017-04-25,2017,4,25,1,115,17,2,0,0,4,Store_D,5,Sports,Footwear,78.89,0,0,78.89,184,75.53,78.59,3.24,1.45,5.82,71.54,429.44,1377,564,371,81.71
2020-03-07,2020,3,7,5,67,10,1,1,0,4,Store_D,4,Food,Packaged,18.5,0,0,18.5,449,18.68,84.09,6.03,2.48,6.69,73.72,577.17,1595,504,432,129.34
2010-12-10,2010,12,10,4,344,49,4,0,0,2,Store_B,1,Electronics,Phones,541.96,0,0,541.96,424,471.22,44.96,3.17,2.44,6.46,57.76,471.35,1166,436,324,38.75
2018-03-20,2018,3,20,1,79,12,1,0,0,5,Store_E,3,Home_Goods,Kitchen,162.92,0,0,162.92,200,145.53,73.45,0.15,1.94,6.02,71.21,563.16,1382,401,281,58.89
2018-08-06,2018,8,6,0,218,32,3,0,0,5,Store_E,1,Electronics,Accessories,456.36,0,0,456.36,217,448.82,56.65,25.7,1.61,5.66,66.2,518.77,1149,508,243,42.45
2011-03-11,2011,3,11,4,70,10,1,0,0,4,Store_D,4,Food,Snacks,21.79,0,0,21.79,489,18.62,68.29,2.98,2.72,5.8,80.04,482.97,1518,556,274,110.82
2015-03-19,2015,3,19,3,78,12,1,0,0,4,Store_D,3,Home_Goods,Furniture,164.35,0,0,164.35,156,167.97,74.45,6.35,2.7,7.21,78.87,461.2,1463,447,211,58.74
2020-06-01,2020,6,1,0,153,23,2,0,0,2,Store_B,5,Sports,Apparel,81.39,0,0,81.39,454,75.39,68.18,1.52,2.42,6.42,74.82,532.64,1450,428,266,69.05
2023-01-29,2023,1,29,6,29,4,1,1,0,2,Store_B,2,Clothing,Kids,53.88,0,0,53.88,289,55.24,79.44,11.09,2.22,6.97,65.03,430.54,1236,511,441,95.16
2015-09-01,2015,9,1,1,244,36,3,0,0,1,Store_A,2,Clothing,Kids,48.77,10,1,43.9,312,46.26,50.81,1.72,2.5,6.95,59.38,896.31,1231,646,337,62.7
2014-03-18,2014,3,18,1,77,12,1,0,0,4,Store_D,3,Home_Goods,Decor,160.11,0,0,160.11,137,159.18,77.76,8.1,3.19,7.05,72.36,540.52,1444,514,236,65.89
2016-03-02,2016,3,2,2,62,9,1,0,0,5,Store_E,4,Food,Fresh,19.89,0,0,19.89,432,18.21,79.91,1.24,2.51,6.57,73.05,425.96,1541,546,235,120.63
2016-06-04,2016,6,4,5,156,22,2,1,0,5,Store_E,3,Home_Goods,Decor,158.1,0,0,158.1,195,164.58,71.03,1.2,2.12,6.11,73.65,516.27,1333,499,492,60.2
2014-02-26,2014,2,26,2,57,9,1,0,0,5,Store_E,5,Sports,Accessories,86.24,0,0,86.24,333,86.24,74.07,17.77,3.07,7.04,70.78,557.98,1393,526,384,51.41
2012-08-23,2012,8,23,3,236,34,3,0,0,1,Store_A,1,Electronics,Tablets,493.87,0,0,493.87,291,441.82,39.92,6.71,3.15,5.95,53.34,570.29,1197,480,301,24.36
2022-01-24,2022,1,24,0,24,4,1,0,0,4,Store_D,3,Home_Goods,Furniture,137.22,0,0,137.22,427,123.75,69.66,27.26,3.12,7.1,65.85,520.11,1269,555,284,56.09
2011-06-13,2011,6,13,0,164,24,2,0,0,1,Store_A,1,Electronics,Accessories,501.74,0,0,501.74,79,533.66,62.06,1.35,2.67,5.77,67.15,485.84,1198,457,288,37.88
2010-06-26,2010,6,26,5,177,25,2,1,0,5,Store_E,5,Sports,Footwear,83.02,0,0,83.02,74,88.78,67.15,3.13,2.75,5.95,66.96,425.48,1258,409,516,47.13
2019-07-15,2019,7,15,0,196,29,3,0,0,1,Store_A,2,Clothing,Women,45.79,0,0,45.79,386,39.61,53.72,0.95,1.92,6.01,56.75,548.51,1214,422,199,84.45
2016-12-18,2016,12,18,6,353,50,4,1,0,1,Store_A,2,Clothing,Women,48.67,10,1,43.8,198,48.74,54.26,0.42,2.36,6.48,64.37,786.9,1208,613,433,83.57
2023-07-07,2023,7,7,4,188,27,3,0,0,2,Store_B,5,Sports,Equipment,74.25,0,0,74.25,171,82.38,58.94,7.58,3.11,6.75,60.32,480.11,1244,437,257,68.73
2011-07-27,2011,7,27,2,208,30,3,0,0,5,Store_E,3,Home_Goods,Decor,142.62,0,0,142.62,492,135.55,54.29,0.29,2.5,5.86,61.68,589.77,1085,441,292,36.18
2016-04-18,2016,4,18,0,109,16,2,0,0,2,Store_B,1,Electronics,Tablets,513.12,0,0,513.12,269,479.37,75.94,1.73,1.95,6.37,75.8,555.52,1232,523,306,45.43
2019-08-10,2019,8,10,5,222,32,3,1,0,2,Store_B,5,Sports,Footwear,80.39,0,0,80.39,183,86.66,39.54,2.71,1.85,6.32,54.02,567.32,1175,494,415,61.96
2016-09-25,2016,9,25,6,269,38,3,1,0,3,Store_C,4,Food,Packaged,21.24,5,1,20.18,56,18.23,39.14,1.58,1.64,6.48,55.92,700.32,1260,664,425,94.73
2019-11-19,2019,11,19,1,323,47,4,0,0,3,Store_C,3,Home_Goods,Bedding,154.6,0,0,154.6,291,170.87,38.09,1.16,2.3,6.57,48.83,530.37,1075,499,221,45.33
2022-06-21,2022,6,21,1,172,25,2,0,0,2,Store_B,3,Home_Goods,Kitchen,137.31,0,0,137.31,71,149.37,69.96,2.6,2.78,7.24,69.72,520.5,1280,473,310,53.04
2016-01-18,2016,1,18,0,18,3,1,0,0,4,Store_D,4,Food,Fresh,18.27,0,0,18.27,70,19.36,69.9,3.49,2.17,6.76,76.0,463.24,1194,550,336,94.86
2022-12-04,2022,12,4,6,338,48,4,1,0,5,Store_E,2,Clothing,Kids,50.2,0,0,50.2,370,51.04,52.7,1.4,3.06,6.87,56.58,485.51,1047,534,432,89.16
2017-07-18,2017,7,18,1,199,29,3,0,0,3,Store_C,4,Food,Fresh,20.3,0,0,20.3,363,22.48,51.41,13.86,2.12,6.0,63.17,572.11,1050,492,327,101.95
2011-01-19,2011,1,19,2,19,3,1,0,0,2,Store_B,5,Sports,Footwear,83.58,0,0,83.58,116,81.28,66.81,11.93,2.38,6.28,73.51,581.49,1364,447,288,51.79
2012-05-02,2012,5,2,2,123,18,2,0,0,4,Store_D,3,Home_Goods,Decor,148.78,0,0,148.78,193,156.93,83.49,10.83,2.54,6.4,77.27,457.59,1307,434,166,42.26
2015-02-24,2015,2,24,1,55,9,1,0,0,2,Store_B,2,Clothing,Kids,53.73,0,0,53.73,112,55.18,70.14,7.19,2.43,6.76,71.96,512.57,1493,592,260,76.18
2011-01-06,2011,1,6,3,6,1,1,0,0,2,Store_B,1,Electronics,Tablets,531.46,0,0,531.46,72,565.76,56.35,0.83,2.47,6.05,61.21,546.57,1168,440,290,19.64
2016-07-06,2016,7,6,2,188,27,3,0,0,1,Store_A,5,Sports,Equipment,78.46,0,0,78.46,406,87.02,46.65,0.5,1.84,6.72,61.62,552.55,1313,432,340,46.12
2021-11-02,2021,11,2,1,306,44,4,0,0,1,Store_A,5,Sports,Equipment,73.43,0,0,73.43,469,76.49,49.95,5.76,2.78,6.89,56.96,436.13,932,514,260,45.43
2013-01-10,2013,1,10,3,10,2,1,0,0,1,Store_A,3,Home_Goods,Furniture,157.26,0,0,157.26,132,156.82,60.53,0.98,3.05,6.83,59.01,593.15,1337,498,255,49.01
2019-05-07,2019,5,7,1,127,19,2,0,0,2,Store_B,2,Clothing,Kids,49.68,0,0,49.68,383,48.27,80.28,4.19,2.2,6.5,73.88,430.46,1337,453,251,98.39
2020-10-21,2020,10,21,2,295,43,4,0,0,5,Store_E,1,Electronics,Tablets,515.75,0,0,515.75,61,576.77,47.7,0.73,2.38,6.54,51.9,570.08,1032,539,239,29.08
2013-08-29,2013,8,29,3,241,35,3,0,0,3,Store_C,1,Electronics,Tablets,464.84,0,0,464.84,485,502.64,41.87,0.04,2.87,6.87,57.81,543.98,1009,519,249,33.57
2015-12-30,2015,12,30,2,364,53,4,0,0,2,Store_B,5,Sports,Equipment,86.34,0,0,86.34,420,91.35,56.43,0.86,2.12,6.97,66.94,554.65,1372,460,271,52.5
2022-07-31,2022,7,31,6,212,30,3,1,0,2,Store_B,4,Food,Packaged,21.97,0,0,21.97,359,19.72,50.32,25.54,3.15,6.57,66.06,494.43,1107,552,469,111.15
2016-05-08,2016,5,8,6,129,18,2,1,0,5,Store_E,3,Home_Goods,Kitchen,161.46,0,0,161.46,131,181.78,81.26,3.52,2.36,6.7,72.04,555.45,1555,511,490,54.47
2022-11-19,2022,11,19,5,323,46,4,1,0,4,Store_D,1,Electronics,Accessories,490.66,0,0,490.66,205,504.67,41.98,1.15,2.57,6.91,58.29,587.84,1035,511,358,46.92
2020-02-28,2020,2,28,4,59,9,1,0,0,3,Store_C,5,Sports,Apparel,84.51,0,0,84.51,279,75.75,79.35,1.19,2.95,6.56,76.44,406.81,1389,493,304,71.4
2023-04-11,2023,4,11,1,101,15,2,0,0,4,Store_D,5,Sports,Footwear,85.52,0,0,85.52,425,75.87,76.39,0.33,3.15,7.61,74.27,533.74,1422,504,332,76.44
2013-03-17,2013,3,17,6,76,11,1,1,0,2,Store_B,2,Clothing,Kids,50.69,0,0,50.69,429,53.63,70.83,3.35,2.54,7.1,73.74,493.0,1538,463,437,96.77
2021-11-04,2021,11,4,3,308,44,4,0,0,2,Store_B,1,Electronics,Phones,454.49,0,0,454.49,258,408.27,35.23,0.09,2.96,7.02,60.37,428.75,998,436,262,19.14
2017-05-18,2017,5,18,3,138,20,2,0,0,3,Store_C,5,Sports,Footwear,75.42,0,0,75.42,364,65.74,90.58,1.29,2.41,6.29,68.75,446.76,1323,493,276,82.74
2013-11-23,2013,11,23,5,327,47,4,1,1,1,Store_A,2,Clothing,Men,48.32,0,0,48.32,153,48.27,44.63,1.4,3.07,6.54,60.9,591.51,1070,385,661,104.46
2016-05-30,2016,5,30,0,151,22,2,0,0,1,Store_A,2,Clothing,Kids,47.32,0,0,47.32,396,54.16,63.54,2.19,2.18,6.63,64.3,425.9,1406,523,213,80.38
2017-04-05,2017,4,5,2,95,14,2,0,0,5,Store_E,1,Electronics,Tablets,544.95,30,1,381.46,179,363.62,82.04,0.84,1.98,5.8,74.56,784.78,1702,590,303,98.29
2021-05-18,2021,5,18,1,138,20,2,0,0,5,Store_E,4,Food,Snacks,19.16,0,0,19.16,216,20.02,67.2,2.53,2.71,6.91,69.7,599.64,1507,522,283,114.98
2014-01-04,2014,1,4,5,4,1,1,1,0,5,Store_E,2,Clothing,Women,47.14,0,0,47.14,446,47.93,70.7,1.93,2.06,7.15,66.57,556.47,1352,497,449,79.72
2012-05-24,2012,5,24,3,145,21,2,0,0,4,Store_D,5,Sports,Accessories,77.21,0,0,77.21,92,80.99,66.03,6.05,3.31,6.43,70.24,536.44,1527,486,302,34.27
2019-02-22,2019,2,22,4,53,8,1,0,0,5,Store_E,2,Clothing,Men,45.0,0,0,45.0,174,47.46,67.9,13.17,2.28,5.82,68.11,526.37,1467,428,370,74.98
2021-11-19,2021,11,19,4,323,46,4,0,0,5,Store_E,3,Home_Goods,Furniture,164.86,0,0,164.86,151,150.53,42.21,1.61,3.84,7.19,65.48,426.73,944,593,339,40.73
2013-06-05,2013,6,5,2,156,23,2,0,0,2,Store_B,4,Food,Beverages,18.9,0,0,18.9,373,19.86,69.93,0.83,2.97,7.29,68.34,411.12,1239,514,293,97.35
2016-06-06,2016,6,6,0,158,23,2,0,0,3,Store_C,1,Electronics,Tablets,513.7,0,0,513.7,216,503.59,65.34,13.88,2.47,6.12,71.97,483.87,1229,479,290,47.6
2012-04-20,2012,4,20,4,111,16,2,0,0,1,Store_A,2,Clothing,Women,46.95,0,0,46.95,182,50.74,76.73,1.12,3.12,6.4,77.86,496.38,1511,420,278,85.28
2022-07-05,2022,7,5,1,186,27,3,0,0,4,Store_D,3,Home_Goods,Decor,138.23,0,0,138.23,85,146.28,52.0,2.97,2.94,6.99,63.61,567.72,1370,413,269,45.81
2011-08-05,2011,8,5,4,217,31,3,0,0,2,Store_B,5,Sports,Equipment,84.01,0,0,84.01,322,76.1,44.43,1.51,3.05,5.98,60.36,589.66,1339,498,344,25.03
2010-07-24,2010,7,24,5,205,29,3,1,0,4,Store_D,3,Home_Goods,Decor,138.18,0,0,138.18,409,144.68,51.36,1.98,2.76,5.98,61.5,515.37,1079,495,457,31.07
2014-06-30,2014,6,30,0,181,27,2,0,0,3,Store_C,4,Food,Packaged,19.79,0,0,19.79,421,21.09,62.36,5.45,3.19,7.31,62.31,595.64,1169,562,325,92.79
2015-07-08,2015,7,8,2,189,28,3,0,0,4,Store_D,5,Sports,Equipment,77.65,0,0,77.65,268,77.72,48.26,3.88,2.43,6.69,61.25,551.45,1211,492,361,36.01
2012-06-24,2012,6,24,6,176,25,2,1,0,1,Store_A,1,Electronics,Laptops,492.14,0,0,492.14,292,423.39,59.51,2.95,3.22,6.28,63.4,486.28,1414,432,420,58.2
2011-09-24,2011,9,24,5,267,38,3,1,0,4,Store_D,2,Clothing,Women,53.65,0,0,53.65,229,54.76,33.73,6.84,2.68,5.96,57.09,461.35,766,435,493,60.9
2019-03-19,2019,3,19,1,78,12,1,0,0,3,Store_C,5,Sports,Apparel,83.57,0,0,83.57,364,93.38,77.06,0.17,2.25,6.19,73.64,480.32,1477,425,227,65.48
2015-05-29,2015,5,29,4,149,22,2,0,0,4,Store_D,3,Home_Goods,Kitchen,144.34,0,0,144.34,257,161.07,73.75,6.28,2.24,6.82,70.49,574.75,1295,472,347,40.7
2010-06-12,2010,6,12,5,163,23,2,1,0,1,Store_A,2,Clothing,Accessories,48.33,0,0,48.33,428,41.9,69.29,5.13,2.45,6.22,72.64,439.8,1437,475,435,67.98
2018-09-08,2018,9,8,5,251,36,3,1,0,5,Store_E,4,Food,Snacks,18.32,0,0,18.32,262,19.28,31.14,1.78,1.61,5.76,56.42,543.45,1204,508,368,101.91
2019-11-22,2019,11,22,4,326,47,4,0,1,3,Store_C,2,Clothing,Accessories,50.53,0,0,50.53,442,56.14,46.6,5.94,2.26,5.98,63.57,430.6,1130,469,524,84.14
2022-10-20,2022,10,20,3,293,42,4,0,0,5,Store_E,5,Sports,Apparel,85.16,0,0,85.16,394,72.67,37.52,13.81,3.08,6.87,51.93,595.81,1115,460,292,65.68
2011-09-10,2011,9,10,5,253,36,3,1,0,2,Store_B,3,Home_Goods,Furniture,149.53,0,0,149.53,414,145.82,38.34,8.75,3.22,5.96,52.75,504.48,1256,455,386,24.81
2021-02-20,2021,2,20,5,51,7,1,1,0,2,Store_B,3,Home_Goods,Furniture,136.46,0,0,136.46,149,133.83,77.53,0.35,2.55,7.08,71.74,492.19,1382,460,502,80.29
2013-12-02,2013,12,2,0,336,49,4,0,0,1,Store_A,2,Clothing,Accessories,52.31,0,0,52.31,384,47.62,52.07,0.93,3.19,7.06,62.84,577.38,1224,445,253,70.54
2011-07-02,2011,7,2,5,183,26,3,1,0,2,Store_B,5,Sports,Apparel,86.64,0,0,86.64,446,89.89,63.22,3.66,2.99,6.08,68.01,577.74,1207,452,377,52.65
2019-02-17,2019,2,17,6,48,7,1,1,0,4,Store_D,4,Food,Beverages,19.24,0,0,19.24,483,21.57,75.48,5.94,2.07,6.01,67.78,507.52,1536,462,481,130.37
2022-06-13,2022,6,13,0,164,24,2,0,0,3,Store_C,4,Food,Fresh,18.94,0,0,18.94,391,19.19,68.4,0.31,2.7,7.29,67.77,570.98,1250,463,260,119.56
2021-07-25,2021,7,25,6,206,29,3,1,0,4,Store_D,5,Sports,Equipment,73.64,0,0,73.64,249,76.03,52.3,3.76,2.46,6.82,60.45,412.58,999,531,520,66.43
2016-07-15,2016,7,15,4,197,28,3,0,0,5,Store_E,3,Home_Goods,Decor,135.69,0,0,135.69,114,117.63,52.48,0.85,2.42,6.67,64.71,568.72,1229,555,372,29.83
2021-08-14,2021,8,14,5,226,32,3,1,0,1,Store_A,2,Clothing,Women,47.43,0,0,47.43,137,49.68,44.03,14.15,2.54,6.72,57.88,468.06,1094,475,481,70.73
2020-12-09,2020,12,9,2,344,50,4,0,0,1,Store_A,2,Clothing,Accessories,47.39,0,0,47.39,62,46.77,59.17,0.78,2.4,6.86,53.91,473.92,1114,532,256,62.02
2021-02-17,2021,2,17,2,48,7,1,0,0,5,Store_E,4,Food,Packaged,19.36,0,0,19.36,459,18.01,72.29,6.36,1.88,7.32,73.45,479.77,1359,589,331,115.75
2015-02-05,2015,2,5,3,36,6,1,0,0,4,Store_D,1,Electronics,Accessories,476.34,0,0,476.34,241,526.85,72.42,2.83,2.62,6.88,69.03,442.14,1353,558,343,61.47
2011-10-03,2011,10,3,0,276,40,4,0,0,3,Store_C,4,Food,Fresh,21.68,0,0,21.68,157,19.17,40.46,1.39,2.62,6.32,58.37,463.62,997,583,342,64.37
2020-09-07,2020,9,7,0,251,37,3,0,0,5,Store_E,2,Clothing,Kids,50.49,0,0,50.49,128,54.39,41.04,1.13,2.32,6.51,56.11,492.57,1068,508,309,50.62
2011-09-30,2011,9,30,4,273,39,3,0,0,5,Store_E,2,Clothing,Accessories,50.63,10,1,45.57,119,42.47,45.54,6.15,2.92,6.66,53.13,896.6,1381,623,346,58.68
2021-09-02,2021,9,2,3,245,35,3,0,0,1,Store_A,3,Home_Goods,Furniture,164.4,5,1,156.18,98,144.91,42.1,4.13,2.89,7.08,55.86,711.21,1174,598,254,57.57
2020-09-15,2020,9,15,1,259,38,3,0,0,2,Store_B,4,Food,Beverages,21.63,0,0,21.63,317,21.84,41.16,8.09,2.65,6.22,50.92,465.14,912,428,308,102.4
2018-03-06,2018,3,6,1,65,10,1,0,0,4,Store_D,1,Electronics,Phones,460.92,0,0,460.92,466,484.65,80.49,2.66,1.95,6.01,74.02,557.1,1572,505,207,83.18
2015-09-28,2015,9,28,0,271,40,3,0,0,5,Store_E,1,Electronics,Tablets,513.25,0,0,513.25,446,505.01,43.34,6.72,2.55,6.66,58.32,577.66,1099,476,231,40.23
2022-08-17,2022,8,17,2,229,33,3,0,0,3,Store_C,1,Electronics,Phones,501.28,0,0,501.28,437,542.56,45.82,4.47,2.93,6.76,62.43,500.08,1184,490,277,47.28
2018-06-03,2018,6,3,6,154,22,2,1,0,5,Store_E,4,Food,Beverages,20.87,0,0,20.87,53,23.07,78.79,2.03,2.03,5.96,68.08,434.29,1286,447,375,121.66
2020-01-23,2020,1,23,3,23,4,1,0,0,4,Store_D,2,Clothing,Men,47.13,15,1,40.06,459,35.6,63.62,10.95,2.43,6.28,68.46,675.63,1503,634,287,103.21
2017-10-12,2017,10,12,3,285,41,4,0,0,3,Store_C,1,Electronics,Laptops,549.27,0,0,549.27,346,628.91,41.4,6.74,1.9,6.36,57.28,494.37,1035,475,367,44.0
2012-07-10,2012,7,10,1,192,28,3,0,0,3,Store_C,4,Food,Packaged,21.73,0,0,21.73,436,19.99,51.72,3.52,2.87,6.52,63.35,522.24,1164,555,319,98.19
2011-07-01,2011,7,1,4,182,26,3,0,0,5,Store_E,4,Food,Beverages,21.96,0,0,21.96,361,18.77,55.82,1.12,3.38,6.12,62.24,424.66,1447,487,325,95.81
2020-01-15,2020,1,15,2,15,3,1,0,0,2,Store_B,1,Electronics,Accessories,490.48,0,0,490.48,216,558.56,66.99,8.03,2.46,6.52,66.33,473.13,1291,473,223,61.1
2015-03-16,2015,3,16,0,75,12,1,0,0,3,Store_C,3,Home_Goods,Furniture,150.9,0,0,150.9,421,147.55,79.22,4.83,2.46,6.72,72.91,560.06,1551,492,288,55.08
2015-07-22,2015,7,22,2,203,30,3,0,0,1,Store_A,1,Electronics,Tablets,519.36,0,0,519.36,288,505.81,47.22,1.02,2.55,6.44,60.15,488.15,1061,493,317,36.06
2016-04-20,2016,4,20,2,111,16,2,0,0,3,Store_C,3,Home_Goods,Furniture,151.91,0,0,151.91,225,143.97,81.55,6.36,2.03,6.7,74.41,436.14,1585,479,290,48.15
2015-03-01,2015,3,1,6,60,9,1,1,0,2,Store_B,3,Home_Goods,Decor,145.03,0,0,145.03,328,138.22,76.18,24.4,2.06,7.13,69.82,527.18,1504,546,455,71.54
2014-07-01,2014,7,1,1,182,27,3,0,0,2,Store_B,2,Clothing,Accessories,46.48,0,0,46.48,459,41.71,51.59,0.55,2.28,7.27,64.34,460.04,1284,496,304,61.24
2019-08-11,2019,8,11,6,223,32,3,1,0,3,Store_C,4,Food,Beverages,20.72,0,0,20.72,451,20.08,43.6,10.61,2.41,6.2,56.19,491.44,1060,447,427,126.31
2023-03-03,2023,3,3,4,62,9,1,0,0,5,Store_E,3,Home_Goods,Decor,154.75,5,1,147.01,112,147.35,77.03,1.17,3.3,6.83,76.58,780.24,1494,610,234,62.57
2015-09-29,2015,9,29,1,272,40,3,0,0,5,Store_E,1,Electronics,Phones,498.41,0,0,498.41,257,489.45,48.83,0.42,2.12,7.01,57.27,494.81,1057,527,323,29.4
2021-12-06,2021,12,6,0,340,49,4,0,0,4,Store_D,3,Home_Goods,Furniture,148.74,0,0,148.74,432,163.46,57.77,0.18,2.74,6.86,66.66,558.08,1250,482,309,47.99
2020-05-16,2020,5,16,5,137,20,2,1,0,5,Store_E,4,Food,Snacks,21.55,0,0,21.55,497,21.06,76.16,0.06,2.42,6.55,74.77,525.0,1284,495,520,122.77
2022-04-22,2022,4,22,4,112,16,2,0,0,5,Store_E,4,Food,Packaged,20.39,0,0,20.39,249,18.57,78.08,2.17,3.17,6.94,72.71,515.7,1499,531,322,124.05
2023-08-08,2023,8,8,1,220,32,3,0,0,2,Store_B,1,Electronics,Tablets,534.17,0,0,534.17,223,497.13,46.48,6.26,2.85,6.7,59.08,472.36,1090,475,275,44.81
2012-04-16,2012,4,16,0,107,16,2,0,0,2,Store_B,1,Electronics,Laptops,489.85,0,0,489.85,382,432.65,74.63,2.53,2.77,6.73,79.44,541.67,1385,516,264,52.53
2011-08-25,2011,8,25,3,237,34,3,0,0,4,Store_D,5,Sports,Apparel,76.1,0,0,76.1,401,87.19,47.27,0.1,2.58,6.07,63.01,469.35,1079,486,242,16.5
2015-12-25,2015,12,25,4,359,52,4,0,1,4,Store_D,2,Clothing,Accessories,49.4,20,1,39.52,459,42.39,64.84,2.01,2.59,6.91,64.37,683.98,1315,614,494,112.49
2020-08-01,2020,8,1,5,214,31,3,1,0,5,Store_E,2,Clothing,Accessories,52.3,0,0,52.3,238,51.72,61.98,4.65,2.28,6.48,63.13,544.09,1203,475,541,71.96
2016-10-17,2016,10,17,0,291,42,4,0,0,4,Store_D,5,Sports,Accessories,87.65,0,0,87.65,367,82.76,47.35,12.71,1.99,6.26,52.42,453.06,1001,450,445,47.22
2021-10-17,2021,10,17,6,290,41,4,1,0,5,Store_E,5,Sports,Equipment,87.55,15,1,74.42,234,80.92,40.02,0.24,2.05,6.73,58.41,635.07,988,549,487,73.4
2014-05-02,2014,5,2,4,122,18,2,0,0,4,Store_D,2,Clothing,Kids,45.41,5,1,43.14,285,44.97,74.11,2.98,3.06,6.8,75.91,717.07,1430,669,303,72.5
2021-09-06,2021,9,6,0,249,36,3,0,0,3,Store_C,2,Clothing,Women,47.1,0,0,47.1,215,46.05,34.97,4.61,2.52,6.97,53.9,496.34,957,481,211,60.21
2016-12-08,2016,12,8,3,343,49,4,0,0,4,Store_D,4,Food,Fresh,20.79,0,0,20.79,91,20.02,52.03,6.71,2.77,6.66,66.8,593.5,1263,511,340,79.95
2017-06-18,2017,6,18,6,169,24,2,1,0,5,Store_E,1,Electronics,Laptops,464.84,0,0,464.84,327,512.2,60.92,1.53,1.99,6.17,70.2,582.81,1307,558,521,72.62
2012-12-06,2012,12,6,3,341,49,4,0,0,1,Store_A,4,Food,Fresh,18.65,0,0,18.65,115,18.77,52.58,4.65,3.13,6.59,61.92,482.86,1512,516,330,71.27
2014-11-11,2014,11,11,1,315,46,4,0,0,3,Store_C,1,Electronics,Phones,540.28,0,0,540.28,195,595.08,41.98,4.78,2.83,7.0,54.23,533.88,1114,440,342,28.1
2023-03-02,2023,3,2,3,61,9,1,0,0,1,Store_A,3,Home_Goods,Decor,156.45,0,0,156.45,108,164.88,84.58,3.82,3.14,7.06,76.38,435.62,1409,517,317,54.15
2013-07-07,2013,7,7,6,188,27,3,1,0,2,Store_B,5,Sports,Apparel,87.81,0,0,87.81,80,74.73,51.01,1.96,2.94,6.69,65.69,401.48,1057,500,657,42.25
2018-05-09,2018,5,9,2,129,19,2,0,0,1,Store_A,5,Sports,Footwear,73.61,0,0,73.61,54,63.89,78.41,0.19,2.08,6.0,74.56,557.02,1579,575,318,62.56
2023-01-06,2023,1,6,4,6,1,1,0,0,3,Store_C,3,Home_Goods,Furniture,142.89,0,0,142.89,374,142.22,64.39,5.2,2.98,7.07,66.29,593.3,1128,493,373,62.59
2015-01-11,2015,1,11,6,11,2,1,1,0,3,Store_C,5,Sports,Footwear,86.56,0,0,86.56,294,85.43,62.6,8.04,2.39,6.76,64.17,472.2,1408,520,414,56.93
2021-08-13,2021,8,13,4,225,32,3,0,0,4,Store_D,4,Food,Packaged,21.91,0,0,21.91,436,22.95,35.87,13.24,3.41,7.12,57.52,400.77,1041,543,263,94.11
2012-10-16,2012,10,16,1,290,42,4,0,0,3,Store_C,4,Food,Packaged,20.68,0,0,20.68,445,19.75,35.13,2.63,2.74,6.27,57.38,593.09,1098,446,338,80.54
2021-04-26,2021,4,26,0,116,17,2,0,0,2,Store_B,1,Electronics,Tablets,470.73,10,1,423.65,351,391.9,77.43,2.92,2.43,6.97,73.02,827.62,1596,592,356,76.14
2013-08-19,2013,8,19,0,231,34,3,0,0,3,Store_C,1,Electronics,Phones,543.36,0,0,543.36,445,573.38,47.25,5.22,2.71,6.79,58.46,556.7,1207,560,380,28.17
2011-04-21,2011,4,21,3,111,16,2,0,0,4,Store_D,3,Home_Goods,Decor,150.35,0,0,150.35,152,141.72,83.49,7.65,2.6,5.88,71.47,511.96,1424,488,312,43.34
2021-09-11,2021,9,11,5,254,36,3,1,0,5,Store_E,3,Home_Goods,Furniture,160.51,0,0,160.51,379,183.36,41.92,0.56,2.67,6.77,55.17,519.68,880,501,454,63.42
2014-07-10,2014,7,10,3,191,28,3,0,0,4,Store_D,2,Clothing,Accessories,47.5,0,0,47.5,340,52.52,53.14,12.54,2.38,6.89,66.14,508.76,1147,539,242,68.97
2020-12-12,2020,12,12,5,347,50,4,1,0,2,Store_B,1,Electronics,Tablets,523.53,0,0,523.53,364,584.1,54.81,6.29,2.39,6.37,64.49,483.3,1102,446,447,64.82
2022-03-26,2022,3,26,5,85,12,1,1,0,4,Store_D,3,Home_Goods,Bedding,151.96,0,0,151.96,227,132.75,80.44,8.0,2.56,6.92,73.79,551.97,1459,597,448,72.39
2017-02-23,2017,2,23,3,54,8,1,0,0,4,Store_D,4,Food,Packaged,18.81,0,0,18.81,372,19.37,72.14,0.25,1.65,5.72,72.32,465.88,1426,531,230,110.25
2016-10-12,2016,10,12,2,286,41,4,0,0,3,Store_C,3,Home_Goods,Furniture,156.35,0,0,156.35,387,162.55,44.42,2.24,2.37,6.48,57.3,443.43,1058,530,319,13.32
2017-01-27,2017,1,27,4,27,4,1,0,0,4,Store_D,5,Sports,Apparel,86.55,10,1,77.9,352,72.77,70.64,9.79,2.35,6.44,70.57,688.29,1394,600,336,91.24
2013-10-05,2013,10,5,5,278,40,4,1,0,5,Store_E,2,Clothing,Accessories,47.65,10,1,42.89,199,41.7,41.82,1.3,3.44,6.85,54.53,764.31,1148,537,524,71.16
2012-01-10,2012,1,10,1,10,2,1,0,0,2,Store_B,2,Clothing,Kids,53.03,0,0,53.03,355,50.45,65.04,1.16,2.78,6.33,63.6,553.71,1438,485,237,67.33
2019-11-28,2019,11,28,3,332,48,4,0,1,5,Store_E,2,Clothing,Men,51.69,0,0,51.69,318,56.96,47.05,1.79,2.21,6.21,57.3,539.09,1030,543,508,100.77
2016-09-06,2016,9,6,1,250,36,3,0,0,5,Store_E,4,Food,Beverages,19.11,10,1,17.2,343,19.25,43.55,2.76,1.85,6.55,54.52,621.34,1021,648,240,93.6
2012-05-17,2012,5,17,3,138,20,2,0,0,5,Store_E,2,Clothing,Accessories,50.54,0,0,50.54,401,45.41,67.55,2.71,3.17,6.54,76.13,460.03,1282,464,315,81.65
2013-02-14,2013,2,14,3,45,7,1,0,0,1,Store_A,2,Clothing,Men,50.11,0,0,50.11,479,56.62,85.56,5.14,2.91,6.62,72.04,550.35,1317,510,353,83.83
2012-09-24,2012,9,24,0,268,39,3,0,0,5,Store_E,2,Clothing,Kids,50.25,0,0,50.25,223,44.77,36.33,6.06,3.13,6.42,60.72,427.05,901,441,266,43.78
2013-08-30,2013,8,30,4,242,35,3,0,0,3,Store_C,3,Home_Goods,Decor,151.77,0,0,151.77,451,129.9,42.4,2.95,2.55,7.22,56.88,536.4,1187,484,306,19.78
2011-06-26,2011,6,26,6,177,25,2,1,0,2,Store_B,5,Sports,Accessories,82.55,0,0,82.55,156,77.87,64.35,3.66,2.9,6.33,61.51,493.86,1236,456,452,49.49
2013-01-04,2013,1,4,4,4,1,1,0,0,1,Store_A,3,Home_Goods,Kitchen,143.57,0,0,143.57,249,158.44,67.64,1.91,2.96,7.1,63.37,557.0,1448,533,295,40.73
2013-02-06,2013,2,6,2,37,6,1,0,0,4,Store_D,1,Electronics,Accessories,474.07,0,0,474.07,159,405.18,68.8,0.03,3.04,6.8,67.56,560.47,1481,428,227,44.42
2021-02-16,2021,2,16,1,47,7,1,0,0,5,Store_E,3,Home_Goods,Decor,157.15,0,0,157.15,163,167.18,76.96,9.01,2.57,6.94,70.94,496.11,1326,393,365,60.21
2017-06-08,2017,6,8,3,159,23,2,0,0,2,Store_B,3,Home_Goods,Furniture,146.24,0,0,146.24,326,132.9,68.8,0.24,1.66,6.22,68.7,464.85,1275,420,221,57.52
2016-03-08,2016,3,8,1,68,10,1,0,0,5,Store_E,2,Clothing,Kids,52.99,0,0,52.99,95,46.0,74.24,6.2,2.04,6.27,70.18,571.39,1509,503,372,84.28
2023-01-03,2023,1,3,1,3,1,1,0,0,5,Store_E,4,Food,Packaged,20.59,0,0,20.59,439,22.8,51.93,7.77,2.87,6.93,66.21,573.22,1392,495,271,117.84
2010-03-01,2010,3,1,0,60,9,1,0,0,1,Store_A,4,Food,Packaged,21.44,0,0,21.44,489,19.93,79.89,4.0,2.83,5.96,71.19,474.54,1497,452,257,101.69
2017-11-23,2017,11,23,3,327,47,4,0,1,4,Store_D,3,Home_Goods,Kitchen,135.96,5,1,129.16,471,142.11,59.78,0.82,2.03,6.26,58.85,610.41,1091,629,506,55.26
2015-04-23,2015,4,23,3,113,17,2,0,0,5,Store_E,2,Clothing,Women,53.58,0,0,53.58,385,56.19,76.21,2.28,2.43,6.55,72.35,443.1,1540,431,304,81.66
2017-01-20,2017,1,20,4,20,3,1,0,0,4,Store_D,1,Electronics,Accessories,474.02,0,0,474.02,60,425.38,68.45,5.27,2.25,6.44,69.75,483.12,1320,445,267,52.77
2023-07-08,2023,7,8,5,189,27,3,1,0,5,Store_E,1,Electronics,Phones,501.53,0,0,501.53,192,546.89,58.02,9.63,3.25,6.69,62.45,595.21,1105,532,574,71.83
2012-12-14,2012,12,14,4,349,50,4,0,0,3,Store_C,2,Clothing,Men,54.46,0,0,54.46,441,61.09,53.89,1.7,2.88,6.31,63.25,576.47,1281,551,337,57.86
2018-11-24,2018,11,24,5,328,47,4,1,1,3,Store_C,4,Food,Packaged,19.65,10,1,17.68,239,18.68,49.2,3.22,1.63,6.25,55.46,898.54,1472,537,685,150.99
2018-07-25,2018,7,25,2,206,30,3,0,0,1,Store_A,1,Electronics,Laptops,477.89,0,0,477.89,132,484.06,54.4,2.14,2.22,6.06,57.17,587.17,1262,530,308,54.67
2016-10-24,2016,10,24,0,298,43,4,0,0,2,Store_B,3,Home_Goods,Decor,146.27,0,0,146.27,289,130.53,34.4,6.85,1.98,6.39,56.71,590.7,1179,570,234,26.25
2012-07-29,2012,7,29,6,211,30,3,1,0,1,Store_A,2,Clothing,Women,54.02,0,0,54.02,182,54.76,52.79,6.72,3.03,6.65,60.5,495.69,1358,565,507,56.92
2012-12-16,2012,12,16,6,351,50,4,1,0,3,Store_C,1,Electronics,Laptops,483.35,0,0,483.35,362,486.38,60.05,35.8,3.05,6.58,65.44,569.03,1259,465,432,45.56
2010-07-07,2010,7,7,2,188,27,3,0,0,2,Store_B,1,Electronics,Tablets,467.14,0,0,467.14,345,509.58,58.33,3.35,2.67,5.78,63.12,514.52,1276,489,387,47.41
2017-03-19,2017,3,19,6,78,11,1,1,0,5,Store_E,4,Food,Packaged,20.12,0,0,20.12,451,18.93,81.35,0.05,1.82,5.72,75.37,427.52,1396,497,436,134.08
2015-09-17,2015,9,17,3,260,38,3,0,0,3,Store_C,4,Food,Fresh,20.02,0,0,20.02,351,22.26,46.04,1.04,3.14,6.84,53.58,505.61,1050,466,327,89.43
2016-02-28,2016,2,28,6,59,8,1,1,0,4,Store_D,3,Home_Goods,Kitchen,159.13,0,0,159.13,222,173.27,76.11,3.14,2.6,6.64,75.64,573.31,1346,525,342,71.17
2023-05-23,2023,5,23,1,143,21,2,0,0,5,Store_E,2,Clothing,Accessories,50.82,15,1,43.2,233,49.47,82.0,11.45,2.81,6.79,69.31,710.46,1407,649,221,92.38
2015-07-17,2015,7,17,4,198,29,3,0,0,2,Store_B,4,Food,Packaged,19.26,0,0,19.26,116,21.18,47.67,7.08,2.75,6.93,59.62,597.9,1462,475,299,83.78
2019-09-10,2019,9,10,1,253,37,3,0,0,5,Store_E,2,Clothing,Kids,47.26,0,0,47.26,347,50.07,39.38,4.12,2.44,6.33,54.25,414.8,1010,465,242,55.27
2021-01-31,2021,1,31,6,31,4,1,1,0,4,Store_D,5,Sports,Accessories,78.32,0,0,78.32,268,77.13,77.7,4.01,2.3,7.12,69.96,434.7,1432,542,309,80.36
2019-11-16,2019,11,16,5,320,46,4,1,0,5,Store_E,5,Sports,Footwear,81.76,0,0,81.76,178,70.59,55.07,1.78,1.69,6.16,59.88,474.29,1012,562,408,49.84
2010-08-15,2010,8,15,6,227,32,3,1,0,4,Store_D,4,Food,Beverages,20.47,0,0,20.47,260,18.79,52.33,1.66,3.31,5.79,55.18,554.3,1240,523,448,88.4
2023-04-10,2023,4,10,0,100,15,2,0,0,2,Store_B,2,Clothing,Kids,53.41,0,0,53.41,251,56.84,80.58,3.22,2.42,6.65,77.19,567.73,1398,562,300,86.7
2015-04-14,2015,4,14,1,104,16,2,0,0,3,Store_C,4,Food,Snacks,18.06,0,0,18.06,294,16.06,80.15,4.02,2.38,6.98,73.26,547.1,1562,458,339,100.24
2018-05-14,2018,5,14,0,134,20,2,0,0,1,Store_A,2,Clothing,Women,47.96,0,0,47.96,499,52.66,76.83,9.14,2.1,5.93,78.23,404.07,1460,453,355,85.33
2022-04-17,2022,4,17,6,107,15,2,1,0,3,Store_C,3,Home_Goods,Furniture,151.03,0,0,151.03,203,166.74,84.55,3.23,2.75,7.22,80.29,412.48,1519,516,413,62.34
2013-11-05,2013,11,5,1,309,45,4,0,0,4,Store_D,1,Electronics,Laptops,489.94,0,0,489.94,264,507.43,42.32,11.24,2.46,6.71,58.94,575.77,1109,465,307,33.85
2015-12-20,2015,12,20,6,354,51,4,1,0,3,Store_C,5,Sports,Equipment,76.95,15,1,65.41,167,56.34,58.47,0.94,2.54,7.18,57.69,735.12,1194,684,407,75.72
2011-11-29,2011,11,29,1,333,48,4,0,0,5,Store_E,1,Electronics,Accessories,466.84,0,0,466.84,467,420.87,49.07,9.51,2.58,6.1,57.87,579.95,1149,464,311,44.74
2013-01-29,2013,1,29,1,29,5,1,0,0,1,Store_A,5,Sports,Equipment,73.64,0,0,73.64,198,65.9,69.63,13.05,3.18,7.1,66.95,496.58,1352,617,317,50.01
2019-03-16,2019,3,16,5,75,11,1,1,0,1,Store_A,2,Clothing,Men,49.84,0,0,49.84,412,44.35,70.38,4.44,2.15,6.05,75.18,528.84,1581,499,430,110.8
2021-04-28,2021,4,28,2,118,17,2,0,0,1,Store_A,3,Home_Goods,Bedding,149.35,0,0,149.35,54,147.27,87.31,3.96,2.75,6.77,75.79,572.69,1173,550,295,62.58
2014-11-14,2014,11,14,4,318,46,4,0,0,2,Store_B,2,Clothing,Men,51.73,0,0,51.73,375,57.01,39.21,3.0,2.84,6.88,56.72,519.43,1130,487,307,45.07
2017-10-29,2017,10,29,6,302,43,4,1,0,3,Store_C,3,Home_Goods,Furniture,141.32,0,0,141.32,296,131.75,34.03,4.24,1.48,6.62,50.64,431.75,1101,458,448,39.0
2012-11-03,2012,11,3,5,308,44,4,1,0,1,Store_A,3,Home_Goods,Furniture,145.46,0,0,145.46,176,131.98,37.73,4.38,3.14,6.47,54.51,564.32,1164,534,434,34.46
2022-03-15,2022,3,15,1,74,11,1,0,0,1,Store_A,5,Sports,Equipment,73.56,0,0,73.56,268,70.45,78.17,5.38,2.48,6.94,74.26,526.75,1383,451,392,74.32
2016-03-06,2016,3,6,6,66,9,1,1,0,3,Store_C,3,Home_Goods,Kitchen,147.43,0,0,147.43,239,168.98,77.48,3.61,2.88,6.69,74.89,429.2,1230,546,483,85.33
2010-11-10,2010,11,10,2,314,45,4,0,0,5,Store_E,3,Home_Goods,Decor,146.35,5,1,139.03,111,135.65,53.92,11.83,2.54,6.25,59.94,835.95,1183,547,263,22.15
2016-03-31,2016,3,31,3,91,13,1,0,0,4,Store_D,2,Clothing,Women,48.59,0,0,48.59,181,48.2,75.47,19.86,1.9,6.48,75.41,455.1,1438,544,353,85.26
2013-11-17,2013,11,17,6,321,46,4,1,0,3,Store_C,5,Sports,Footwear,78.27,0,0,78.27,209,80.31,50.9,0.58,2.9,6.67,59.18,508.03,1036,525,412,47.0
2012-11-02,2012,11,2,4,307,44,4,0,0,4,Store_D,2,Clothing,Kids,45.56,0,0,45.56,311,51.89,41.49,1.27,2.95,6.34,56.85,457.28,1146,509,412,46.83
2015-11-30,2015,11,30,0,334,49,4,0,0,5,Store_E,3,Home_Goods,Furniture,162.58,0,0,162.58,230,147.74,48.07,0.98,2.88,7.01,62.24,599.18,1148,519,273,15.8
2021-05-26,2021,5,26,2,146,21,2,0,0,5,Store_E,3,Home_Goods,Furniture,158.7,5,1,150.76,130,150.23,75.61,6.57,3.38,6.82,72.7,723.35,1481,583,320,59.66
2014-10-21,2014,10,21,1,294,43,4,0,0,4,Store_D,1,Electronics,Tablets,452.87,0,0,452.87,246,497.32,40.14,13.5,2.45,7.36,55.7,565.37,1032,467,339,33.25
2018-07-10,2018,7,10,1,191,28,3,0,0,5,Store_E,1,Electronics,Phones,485.22,0,0,485.22,367,515.07,56.81,3.41,2.18,5.85,67.99,592.25,1256,475,271,64.24
2017-09-14,2017,9,14,3,257,37,3,0,0,1,Store_A,2,Clothing,Kids,45.26,0,0,45.26,241,45.65,37.26,2.85,1.93,6.23,61.98,405.84,864,521,235,41.98
2017-05-22,2017,5,22,0,142,21,2,0,0,2,Store_B,5,Sports,Equipment,77.23,0,0,77.23,402,69.13,72.92,7.09,2.17,6.22,65.39,401.37,1457,393,172,67.71
2018-10-13,2018,10,13,5,286,41,4,1,0,3,Store_C,3,Home_Goods,Bedding,158.82,0,0,158.82,138,167.29,35.37,1.59,2.18,6.0,54.98,499.72,1022,531,438,37.87
2021-11-29,2021,11,29,0,333,48,4,0,0,4,Store_D,5,Sports,Apparel,82.9,0,0,82.9,141,94.57,53.89,7.99,3.09,7.15,65.1,472.27,1111,442,352,50.79
2019-05-25,2019,5,25,5,145,21,2,1,0,2,Store_B,3,Home_Goods,Furniture,135.21,0,0,135.21,250,123.78,73.19,0.15,2.05,6.19,71.8,558.74,1443,502,465,66.2
2014-02-15,2014,2,15,5,46,7,1,1,0,1,Store_A,3,Home_Goods,Bedding,140.67,0,0,140.67,238,138.3,73.98,0.03,3.24,6.87,70.34,550.35,1294,495,451,44.96
2015-04-08,2015,4,8,2,98,15,2,0,0,1,Store_A,4,Food,Snacks,20.02,0,0,20.02,281,22.34,84.97,3.19,2.39,6.67,72.28,513.53,1366,438,339,122.35
2011-03-25,2011,3,25,4,84,12,1,0,0,4,Store_D,5,Sports,Accessories,86.46,0,0,86.46,118,94.32,86.94,3.1,2.69,6.14,77.04,492.52,1502,525,235,54.71
2021-04-21,2021,4,21,2,111,16,2,0,0,2,Store_B,3,Home_Goods,Kitchen,155.42,0,0,155.42,132,173.59,78.36,2.5,2.66,6.95,69.74,434.13,1350,499,312,64.35
2016-12-03,2016,12,3,5,338,48,4,1,0,4,Store_D,2,Clothing,Women,47.58,0,0,47.58,188,51.32,47.03,0.54,2.46,6.43,61.19,596.42,1218,553,469,50.83
2023-08-10,2023,8,10,3,222,32,3,0,0,5,Store_E,1,Electronics,Accessories,454.02,0,0,454.02,199,506.71,48.61,0.7,3.25,6.66,60.32,470.09,1180,482,277,50.72
2017-08-21,2017,8,21,0,233,34,3,0,0,4,Store_D,1,Electronics,Accessories,524.14,15,1,445.52,180,436.72,51.87,4.64,2.19,5.62,58.06,820.7,1368,661,332,60.78
2010-12-28,2010,12,28,1,362,52,4,0,0,5,Store_E,2,Clothing,Women,50.28,0,0,50.28,124,55.77,64.53,0.08,2.17,5.71,60.7,508.7,1311,446,313,61.7
2015-12-24,2015,12,24,3,358,52,4,0,0,5,Store_E,4,Food,Fresh,19.23,0,0,19.23,255,21.26,53.34,3.95,3.04,6.77,62.27,457.28,1278,489,320,73.65
2013-02-08,2013,2,8,4,39,6,1,0,0,5,Store_E,1,Electronics,Accessories,527.39,0,0,527.39,160,500.88,70.25,0.18,3.01,7.11,70.31,534.22,1350,427,230,51.7
2020-08-16,2020,8,16,6,229,33,3,1,0,2,Store_B,2,Clothing,Accessories,45.05,0,0,45.05,432,45.99,46.25,4.93,1.97,6.22,59.03,541.89,1182,509,519,82.73
2015-11-26,2015,11,26,3,330,48,4,0,1,5,Store_E,5,Sports,Equipment,77.72,0,0,77.72,252,76.34,47.67,0.27,2.49,6.95,59.88,444.88,1099,493,465,61.27
2015-01-05,2015,1,5,0,5,2,1,0,0,3,Store_C,1,Electronics,Laptops,519.95,0,0,519.95,208,497.62,67.54,1.09,2.5,6.77,69.53,497.13,1399,521,237,47.38
2012-11-19,2012,11,19,0,324,47,4,0,0,2,Store_B,3,Home_Goods,Decor,163.55,15,1,139.01,275,124.26,46.21,5.87,2.41,6.54,53.7,805.4,1383,592,295,48.95
2010-01-23,2010,1,23,5,23,3,1,1,0,1,Store_A,1,Electronics,Laptops,499.66,0,0,499.66,446,558.94,69.33,15.04,2.46,6.38,72.05,489.69,1221,439,507,60.17
2015-08-29,2015,8,29,5,241,35,3,1,0,5,Store_E,3,Home_Goods,Decor,145.6,0,0,145.6,434,132.42,44.01,4.24,1.9,6.73,54.52,551.77,1180,525,440,42.17
2014-07-12,2014,7,12,5,193,28,3,1,0,1,Store_A,3,Home_Goods,Decor,140.13,0,0,140.13,311,141.2,53.75,5.26,3.1,6.78,66.49,599.08,1407,463,474,49.75
2017-01-31,2017,1,31,1,31,5,1,0,0,3,Store_C,1,Electronics,Tablets,516.85,0,0,516.85,355,559.77,79.38,9.49,1.79,5.99,65.56,462.68,1341,408,260,57.38
2018-10-16,2018,10,16,1,289,42,4,0,0,4,Store_D,3,Home_Goods,Furniture,158.93,0,0,158.93,465,145.84,46.98,1.97,2.01,6.17,57.44,586.79,950,469,311,34.49
2021-10-12,2021,10,12,1,285,41,4,0,0,2,Store_B,4,Food,Fresh,20.24,5,1,19.23,241,21.46,38.37,2.41,2.66,7.5,56.32,715.71,1317,628,380,101.31
2021-01-19,2021,1,19,1,19,3,1,0,0,4,Store_D,4,Food,Beverages,21.31,0,0,21.31,248,20.34,73.03,3.02,3.12,6.88,68.55,563.41,1392,447,394,92.79
2016-05-14,2016,5,14,5,135,19,2,1,0,2,Store_B,5,Sports,Footwear,75.36,0,0,75.36,73,65.73,77.75,2.56,2.43,6.5,69.1,552.66,1525,602,446,75.38
2011-04-06,2011,4,6,2,96,14,2,0,0,5,Store_E,2,Clothing,Accessories,50.63,0,0,50.63,245,54.76,78.03,11.39,2.91,6.31,75.96,497.06,1530,504,294,78.53
2012-12-03,2012,12,3,0,338,49,4,0,0,3,Store_C,4,Food,Packaged,18.39,15,1,15.63,445,13.87,42.18,4.66,2.98,6.27,60.65,821.78,1157,547,275,96.28
2010-03-29,2010,3,29,0,88,13,1,0,0,4,Store_D,3,Home_Goods,Bedding,146.48,25,1,109.86,167,126.09,80.33,9.23,2.73,6.46,76.16,626.74,1460,618,325,71.89
2013-12-01,2013,12,1,6,335,48,4,1,0,3,Store_C,2,Clothing,Men,45.25,0,0,45.25,416,47.02,52.4,15.19,3.03,6.9,53.35,499.84,1198,505,487,61.44
2017-04-01,2017,4,1,5,91,13,2,1,0,4,Store_D,2,Clothing,Accessories,47.32,0,0,47.32,114,47.78,82.31,2.27,1.97,6.55,75.97,540.06,1367,521,473,103.9
2010-10-10,2010,10,10,6,283,40,4,1,0,2,Store_B,1,Electronics,Accessories,545.39,0,0,545.39,223,608.28,41.79,5.46,2.17,6.34,53.08,482.15,1019,500,503,37.24
2011-04-08,2011,4,8,4,98,14,2,0,0,3,Store_C,3,Home_Goods,Bedding,135.29,0,0,135.29,208,141.6,78.95,2.58,2.62,6.15,74.62,550.56,1482,503,415,43.93
2010-08-01,2010,8,1,6,213,30,3,1,0,3,Store_C,1,Electronics,Accessories,488.23,0,0,488.23,300,529.26,38.29,1.82,2.09,5.96,62.84,499.38,1168,447,519,33.84
2016-11-04,2016,11,4,4,309,44,4,0,0,3,Store_C,2,Clothing,Kids,51.49,0,0,51.49,79,50.82,35.97,0.05,1.88,6.57,57.88,444.27,1148,499,286,47.41
2013-09-30,2013,9,30,0,273,40,3,0,0,2,Store_B,4,Food,Snacks,18.86,0,0,18.86,489,19.88,31.14,5.01,2.37,6.68,49.63,402.4,1019,449,276,73.83
2010-08-23,2010,8,23,0,235,34,3,0,0,1,Store_A,4,Food,Beverages,18.79,0,0,18.79,428,19.28,49.99,4.04,2.33,6.09,60.45,556.88,969,587,302,80.25
2017-08-02,2017,8,2,2,214,31,3,0,0,5,Store_E,5,Sports,Apparel,83.76,0,0,83.76,471,83.46,40.29,8.46,1.88,5.97,59.25,431.58,1147,506,263,70.27
2011-08-21,2011,8,21,6,233,33,3,1,0,5,Store_E,2,Clothing,Accessories,46.08,0,0,46.08,397,51.08,45.31,3.8,2.16,6.23,56.66,473.65,1077,492,328,62.61
2022-02-07,2022,2,7,0,38,6,1,0,0,3,Store_C,5,Sports,Equipment,83.61,0,0,83.61,320,85.4,59.4,12.06,3.44,6.91,66.16,442.24,1224,460,361,81.4
2016-02-29,2016,2,29,0,60,9,1,0,0,5,Store_E,1,Electronics,Accessories,470.56,5,1,447.03,173,473.73,68.58,4.89,2.63,6.7,78.97,661.53,1605,600,319,69.99
2021-01-14,2021,1,14,3,14,2,1,0,0,3,Store_C,4,Food,Fresh,19.06,10,1,17.16,185,17.53,60.09,5.74,3.03,6.46,67.09,716.37,1441,618,233,110.79
2016-04-02,2016,4,2,5,93,13,2,1,0,5,Store_E,4,Food,Packaged,18.38,0,0,18.38,149,15.65,75.64,22.16,2.1,6.03,71.19,528.83,1599,455,449,126.42
2011-10-25,2011,10,25,1,298,43,4,0,0,3,Store_C,5,Sports,Equipment,77.6,0,0,77.6,498,81.37,48.51,0.85,2.75,6.26,52.58,570.99,1021,441,226,34.01
2023-08-04,2023,8,4,4,216,31,3,0,0,4,Store_D,4,Food,Beverages,18.73,0,0,18.73,290,16.3,48.46,2.21,2.63,6.95,54.51,504.86,1289,482,320,101.74
2016-04-04,2016,4,4,0,95,14,2,0,0,4,Store_D,1,Electronics,Tablets,514.77,0,0,514.77,137,519.94,79.03,21.44,2.37,6.37,74.0,438.27,1606,453,183,60.36
2022-11-30,2022,11,30,2,334,48,4,0,0,3,Store_C,1,Electronics,Tablets,521.44,0,0,521.44,280,473.4,47.81,12.52,3.02,7.15,56.16,527.39,1132,554,183,55.31
2018-09-29,2018,9,29,5,272,39,3,1,0,3,Store_C,3,Home_Goods,Decor,141.72,15,1,120.46,241,131.57,42.44,4.19,1.66,5.63,51.92,864.84,1169,562,402,59.8
2016-11-08,2016,11,8,1,313,45,4,0,0,5,Store_E,1,Electronics,Tablets,533.05,0,0,533.05,482,556.2,41.29,0.34,1.99,6.37,53.71,405.77,1153,463,295,44.96
2021-01-26,2021,1,26,1,26,4,1,0,0,1,Store_A,4,Food,Packaged,19.68,0,0,19.68,238,17.93,70.88,2.26,2.7,7.17,70.06,487.43,1253,539,305,113.4
2012-02-19,2012,2,19,6,50,7,1,1,0,3,Store_C,4,Food,Snacks,18.51,0,0,18.51,112,21.19,66.94,4.01,3.58,6.45,69.79,491.68,1442,530,366,116.6
2021-01-02,2021,1,2,5,2,53,1,1,0,5,Store_E,1,Electronics,Laptops,490.41,0,0,490.41,343,454.22,63.4,1.47,3.23,6.92,67.06,581.86,1193,491,458,75.39
2019-05-20,2019,5,20,0,140,21,2,0,0,4,Store_D,1,Electronics,Accessories,456.68,0,0,456.68,384,469.14,68.68,9.23,2.09,6.07,71.13,500.12,1346,531,189,55.79
2021-10-16,2021,10,16,5,289,41,4,1,0,3,Store_C,5,Sports,Apparel,85.71,0,0,85.71,330,81.32,41.35,0.01,2.85,7.2,57.19,410.68,978,470,485,57.55
2018-10-02,2018,10,2,1,275,40,4,0,0,1,Store_A,3,Home_Goods,Bedding,142.71,0,0,142.71,240,133.88,44.72,1.04,2.56,6.34,52.37,459.53,861,503,291,23.12
2023-03-29,2023,3,29,2,88,13,1,0,0,1,Store_A,4,Food,Snacks,19.54,15,1,16.61,61,18.22,84.03,1.16,2.8,7.14,71.57,666.69,1574,587,267,136.76
2011-11-17,2011,11,17,3,321,46,4,0,0,3,Store_C,4,Food,Snacks,21.74,0,0,21.74,275,23.85,55.16,8.59,3.2,5.93,56.46,439.68,1153,572,277,73.17
2018-09-05,2018,9,5,2,248,36,3,0,0,1,Store_A,4,Food,Snacks,21.0,0,0,21.0,367,21.91,47.52,8.38,2.01,6.12,56.06,590.64,1139,458,253,97.29
2020-10-01,2020,10,1,3,275,40,4,0,0,4,Store_D,3,Home_Goods,Furniture,143.6,5,1,136.42,225,135.34,35.12,12.83,2.93,6.38,62.09,710.37,1236,568,210,44.82
2019-05-28,2019,5,28,1,148,22,2,0,0,3,Store_C,5,Sports,Equipment,80.21,0,0,80.21,177,69.67,77.48,9.59,1.86,6.08,74.59,586.42,1313,426,272,59.16
2015-12-12,2015,12,12,5,346,50,4,1,0,1,Store_A,1,Electronics,Tablets,542.82,0,0,542.82,247,557.71,51.51,8.22,2.99,7.05,60.84,435.33,1035,484,387,53.64
2020-02-07,2020,2,7,4,38,6,1,0,0,1,Store_A,3,Home_Goods,Decor,154.26,30,1,107.98,497,101.16,75.53,3.9,2.47,6.44,72.42,699.67,1469,652,376,108.56
2015-01-25,2015,1,25,6,25,4,1,1,0,5,Store_E,1,Electronics,Laptops,457.5,0,0,457.5,410,392.58,74.17,4.59,2.85,6.5,69.25,547.63,1388,532,416,71.55
2011-05-03,2011,5,3,1,123,18,2,0,0,3,Store_C,2,Clothing,Men,50.71,0,0,50.71,83,57.22,73.7,9.16,2.69,6.25,73.04,542.23,1508,415,343,73.41
2014-08-16,2014,8,16,5,228,33,3,1,0,5,Store_E,4,Food,Snacks,18.04,0,0,18.04,374,16.07,54.25,5.63,2.98,6.8,57.05,499.9,1100,549,393,85.4
2016-02-09,2016,2,9,1,40,6,1,0,0,4,Store_D,4,Food,Snacks,20.65,0,0,20.65,153,21.2,77.24,1.1,2.36,6.82,72.75,439.83,1101,405,322,107.08
2018-12-09,2018,12,9,6,343,49,4,1,0,1,Store_A,4,Food,Beverages,18.33,0,0,18.33,201,17.94,55.41,6.08,1.45,6.03,61.1,552.06,1149,548,485,84.75
2016-05-09,2016,5,9,0,130,19,2,0,0,5,Store_E,1,Electronics,Laptops,467.28,0,0,467.28,228,426.91,73.35,1.09,2.52,6.18,78.22,416.39,1175,566,414,54.47
2012-02-22,2012,2,22,2,53,8,1,0,0,1,Store_A,1,Electronics,Tablets,479.26,0,0,479.26,305,519.36,77.04,6.17,3.66,6.72,71.85,535.44,1460,593,283,56.25
2011-06-06,2011,6,6,0,157,23,2,0,0,4,Store_D,3,Home_Goods,Kitchen,136.18,0,0,136.18,255,118.05,76.52,2.49,2.26,6.25,77.25,537.14,1259,593,245,35.83
2011-06-07,2011,6,7,1,158,23,2,0,0,3,Store_C,4,Food,Packaged,19.3,0,0,19.3,181,18.22,69.28,2.99,3.18,5.95,65.92,476.62,1114,440,287,100.89
2017-10-08,2017,10,8,6,281,40,4,1,0,4,Store_D,1,Electronics,Laptops,540.15,0,0,540.15,201,542.42,47.88,9.23,1.89,6.19,55.44,555.97,1295,454,603,43.7
2022-06-06,2022,6,6,0,157,23,2,0,0,5,Store_E,1,Electronics,Tablets,497.56,0,0,497.56,452,497.64,74.24,1.04,3.39,6.73,67.9,435.72,1163,513,325,58.89
2016-07-26,2016,7,26,1,208,30,3,0,0,5,Store_E,3,Home_Goods,Furniture,153.78,20,1,123.03,339,137.53,45.42,6.08,2.33,6.4,63.73,766.98,1252,588,372,52.4
2016-01-17,2016,1,17,6,17,2,1,1,0,3,Store_C,4,Food,Fresh,21.17,0,0,21.17,254,20.81,72.22,2.41,2.6,6.36,65.61,560.09,1348,464,395,104.14
2019-07-10,2019,7,10,2,191,28,3,0,0,3,Store_C,1,Electronics,Laptops,523.61,0,0,523.61,437,465.54,58.65,2.46,2.41,5.89,60.18,530.93,1160,519,318,46.42
2019-09-23,2019,9,23,0,266,39,3,0,0,4,Store_D,1,Electronics,Laptops,545.96,0,0,545.96,419,586.67,48.06,0.99,2.4,5.77,49.79,596.19,1221,448,352,52.69
2021-03-11,2021,3,11,3,70,10,1,0,0,4,Store_D,2,Clothing,Accessories,46.51,15,1,39.53,417,34.72,74.59,6.67,2.65,6.69,75.53,617.8,1356,592,333,98.95
2017-09-23,2017,9,23,5,266,38,3,1,0,1,Store_A,1,Electronics,Laptops,537.05,0,0,537.05,383,553.98,44.18,3.53,2.24,6.25,56.81,583.22,1099,540,441,49.3
2014-02-20,2014,2,20,3,51,8,1,0,0,4,Store_D,1,Electronics,Tablets,452.29,0,0,452.29,193,473.13,71.14,15.33,3.05,7.14,70.11,423.05,1489,535,321,57.29
2015-02-26,2015,2,26,3,57,9,1,0,0,1,Store_A,3,Home_Goods,Bedding,144.61,0,0,144.61,207,140.16,70.9,0.98,2.47,6.6,71.72,416.6,1457,588,348,44.13
2011-10-14,2011,10,14,4,287,41,4,0,0,3,Store_C,2,Clothing,Women,53.37,0,0,53.37,124,52.63,42.32,1.98,2.82,6.11,56.27,597.81,1061,600,226,45.1
2023-07-02,2023,7,2,6,183,26,3,1,0,2,Store_B,5,Sports,Apparel,82.94,0,0,82.94,435,83.49,64.73,2.77,2.73,6.44,67.74,590.26,1377,579,467,80.83
2018-06-17,2018,6,17,6,168,24,2,1,0,5,Store_E,5,Sports,Footwear,72.45,0,0,72.45,179,63.71,66.89,3.38,2.05,5.96,67.9,479.12,1441,504,462,80.68
2011-01-05,2011,1,5,2,5,1,1,0,0,5,Store_E,2,Clothing,Men,48.88,0,0,48.88,379,54.8,59.72,4.83,2.48,5.88,59.33,519.8,1386,426,322,58.09
2023-09-07,2023,9,7,3,250,36,3,0,0,3,Store_C,1,Electronics,Laptops,485.75,0,0,485.75,50,421.44,38.11,0.43,2.57,7.22,48.54,532.32,920,462,335,42.88
2010-04-29,2010,4,29,3,119,17,2,0,0,3,Store_C,3,Home_Goods,Decor,159.07,0,0,159.07,418,137.22,79.42,1.64,2.56,5.91,76.13,582.15,1542,530,253,55.32
2019-02-03,2019,2,3,6,34,5,1,1,0,3,Store_C,1,Electronics,Tablets,511.81,0,0,511.81,52,469.64,78.09,25.4,2.02,5.87,71.25,408.39,1312,534,496,75.2
2018-04-23,2018,4,23,0,113,17,2,0,0,5,Store_E,2,Clothing,Kids,46.72,0,0,46.72,272,40.3,82.1,5.19,1.54,5.8,77.24,530.04,1560,549,230,89.41
2016-01-26,2016,1,26,1,26,4,1,0,0,2,Store_B,3,Home_Goods,Kitchen,151.95,0,0,151.95,434,167.38,74.55,4.0,2.2,6.76,67.43,501.98,1384,521,347,53.17
2019-09-13,2019,9,13,4,256,37,3,0,0,1,Store_A,3,Home_Goods,Furniture,163.66,0,0,163.66,404,143.24,36.25,9.51,2.37,5.87,54.02,533.56,949,510,290,45.05
2014-06-02,2014,6,2,0,153,23,2,0,0,1,Store_A,1,Electronics,Tablets,456.59,0,0,456.59,330,447.75,65.61,8.58,3.22,6.75,72.8,590.28,1201,413,355,58.32
2018-08-18,2018,8,18,5,230,33,3,1,0,1,Store_A,3,Home_Goods,Kitchen,158.24,0,0,158.24,349,154.76,32.22,0.51,1.84,6.01,54.2,506.64,1076,498,394,44.18
2012-08-20,2012,8,20,0,233,34,3,0,0,1,Store_A,3,Home_Goods,Furniture,158.25,0,0,158.25,336,149.24,42.1,3.36,3.03,6.54,56.6,476.13,1036,501,308,19.03
2016-11-15,2016,11,15,1,320,46,4,0,0,2,Store_B,1,Electronics,Tablets,534.39,0,0,534.39,205,592.79,49.75,5.87,2.28,6.64,61.14,574.37,1218,461,204,33.66
2020-06-28,2020,6,28,6,180,26,2,1,0,3,Store_C,5,Sports,Footwear,86.54,0,0,86.54,259,95.8,69.35,4.14,3.0,6.36,63.12,589.93,1257,512,479,61.28
2017-09-24,2017,9,24,6,267,38,3,1,0,5,Store_E,3,Home_Goods,Bedding,159.2,0,0,159.2,322,170.81,41.65,1.97,2.63,6.09,58.03,474.93,1104,511,539,38.98
2021-11-22,2021,11,22,0,326,47,4,0,1,2,Store_B,2,Clothing,Women,49.39,10,1,44.45,190,46.53,44.27,6.98,2.6,7.0,60.04,865.19,1347,577,560,117.33
2018-04-21,2018,4,21,5,111,16,2,1,0,3,Store_C,4,Food,Beverages,18.5,0,0,18.5,160,17.18,77.37,11.23,2.12,6.36,75.33,490.73,1361,506,473,121.67
2016-08-12,2016,8,12,4,225,32,3,0,0,3,Store_C,1,Electronics,Accessories,467.02,0,0,467.02,384,415.02,42.2,12.07,2.41,6.44,60.05,416.68,975,607,305,27.4
2022-09-29,2022,9,29,3,272,39,3,0,0,2,Store_B,1,Electronics,Tablets,475.68,0,0,475.68,96,429.46,34.89,5.6,3.98,7.16,54.6,570.49,1027,541,300,43.01
2021-08-07,2021,8,7,5,219,31,3,1,0,5,Store_E,4,Food,Packaged,20.99,0,0,20.99,148,23.64,52.34,3.04,3.06,6.97,64.4,414.29,951,611,433,97.63
2015-12-26,2015,12,26,5,360,52,4,1,0,1,Store_A,2,Clothing,Men,45.96,0,0,45.96,497,49.8,62.75,0.97,2.6,6.65,62.7,581.3,1232,415,456,85.94
2020-01-18,2020,1,18,5,18,3,1,1,0,1,Store_A,2,Clothing,Kids,47.26,0,0,47.26,333,41.05,72.4,4.19,3.18,6.27,67.74,404.18,1025,537,538,81.94
2015-07-31,2015,7,31,4,212,31,3,0,0,5,Store_E,3,Home_Goods,Decor,157.13,10,1,141.42,488,135.11,51.66,5.89,2.82,6.87,62.08,700.8,1374,561,358,54.75
2021-12-11,2021,12,11,5,345,49,4,1,0,1,Store_A,3,Home_Goods,Decor,148.92,0,0,148.92,491,146.72,51.31,0.87,2.6,6.87,64.76,533.06,1178,532,501,70.03
2012-02-12,2012,2,12,6,43,6,1,1,0,5,Store_E,2,Clothing,Women,51.33,0,0,51.33,413,54.52,73.77,0.46,2.81,6.45,73.69,543.9,1603,463,386,73.01
2013-07-08,2013,7,8,0,189,28,3,0,0,1,Store_A,5,Sports,Equipment,85.31,0,0,85.31,179,81.41,53.56,0.53,2.73,6.84,63.81,556.28,1252,495,206,54.12
2022-08-09,2022,8,9,1,221,32,3,0,0,5,Store_E,2,Clothing,Women,51.13,15,1,43.46,265,37.26,45.93,2.29,2.58,7.39,58.05,755.42,1385,542,240,72.29
2023-02-16,2023,2,16,3,47,7,1,0,0,2,Store_B,3,Home_Goods,Decor,146.38,0,0,146.38,82,156.56,70.9,1.18,2.63,7.06,73.71,543.77,1429,536,295,66.63
2013-11-15,2013,11,15,4,319,46,4,0,0,2,Store_B,1,Electronics,Phones,502.03,0,0,502.03,342,482.46,41.26,1.37,2.9,6.79,57.0,401.8,1042,572,322,39.13
2013-05-19,2013,5,19,6,139,20,2,1,0,1,Store_A,2,Clothing,Accessories,51.72,0,0,51.72,61,48.26,71.5,1.19,3.06,6.61,77.36,500.83,1376,528,466,83.52
2017-05-23,2017,5,23,1,143,21,2,0,0,2,Store_B,2,Clothing,Women,51.36,0,0,51.36,354,53.09,75.04,0.22,1.82,6.15,67.57,550.71,1529,544,250,88.0
2011-03-12,2011,3,12,5,71,10,1,1,0,2,Store_B,2,Clothing,Men,54.51,0,0,54.51,493,49.83,80.37,5.4,2.59,6.11,77.69,517.17,1449,521,437,74.45
2014-08-02,2014,8,2,5,214,31,3,1,0,2,Store_B,5,Sports,Equipment,72.68,0,0,72.68,315,77.73,44.6,0.51,3.24,6.99,55.82,498.94,1223,545,470,39.6
2011-01-01,2011,1,1,5,1,52,1,1,1,4,Store_D,1,Electronics,Tablets,533.69,10,1,480.32,240,475.3,61.07,4.6,2.6,6.59,70.09,756.03,1235,634,654,77.06
2017-04-03,2017,4,3,0,93,14,2,0,0,5,Store_E,4,Food,Packaged,20.24,0,0,20.24,322,22.65,77.95,2.64,1.81,6.17,75.25,550.3,1350,494,365,116.59
2010-08-20,2010,8,20,4,232,33,3,0,0,3,Store_C,5,Sports,Accessories,84.85,0,0,84.85,172,89.39,39.49,0.94,2.59,6.03,60.53,573.99,1273,422,200,28.02
2021-09-07,2021,9,7,1,250,36,3,0,0,5,Store_E,5,Sports,Equipment,79.98,0,0,79.98,194,74.13,44.31,8.93,2.54,6.84,53.4,579.87,1207,469,318,46.14
2021-01-24,2021,1,24,6,24,3,1,1,0,1,Store_A,1,Electronics,Tablets,482.95,0,0,482.95,99,432.3,59.92,16.21,2.18,6.97,70.66,473.62,1209,558,480,86.76
2022-01-17,2022,1,17,0,17,3,1,0,0,1,Store_A,1,Electronics,Tablets,497.3,20,1,397.84,211,450.2,71.02,6.9,2.77,7.22,61.98,728.02,1442,677,311,97.52
2011-02-12,2011,2,12,5,43,6,1,1,0,3,Store_C,5,Sports,Accessories,77.59,0,0,77.59,430,86.77,76.92,0.8,2.15,6.21,68.14,542.88,1430,524,400,77.83
2015-09-22,2015,9,22,1,265,39,3,0,0,5,Store_E,1,Electronics,Phones,519.31,0,0,519.31,97,480.92,43.93,3.11,2.33,7.04,59.06,461.25,996,485,343,16.31
2010-03-28,2010,3,28,6,87,12,1,1,0,3,Store_C,2,Clothing,Kids,48.78,0,0,48.78,340,52.16,76.42,4.13,2.48,5.8,76.86,507.17,1441,454,413,90.98
2012-04-24,2012,4,24,1,115,17,2,0,0,3,Store_C,1,Electronics,Tablets,497.93,0,0,497.93,288,430.48,72.18,2.22,2.86,6.4,67.15,520.06,1391,504,246,49.27
2012-10-28,2012,10,28,6,302,43,4,1,0,1,Store_A,2,Clothing,Men,47.06,0,0,47.06,315,52.0,38.53,2.66,3.19,6.79,57.84,542.76,1064,547,475,61.46
2017-10-26,2017,10,26,3,299,43,4,0,0,4,Store_D,3,Home_Goods,Bedding,136.65,15,1,116.15,423,99.26,41.8,2.36,1.73,6.4,56.29,647.59,1200,626,243,43.17
2021-04-02,2021,4,2,4,92,13,2,0,0,5,Store_E,3,Home_Goods,Kitchen,159.25,0,0,159.25,56,155.74,72.58,0.58,3.16,6.85,78.92,456.58,1316,562,231,55.49
2022-01-14,2022,1,14,4,14,2,1,0,0,2,Store_B,1,Electronics,Laptops,538.48,0,0,538.48,225,547.07,71.29,0.38,3.12,7.01,62.98,450.16,1306,544,297,61.12
2020-08-29,2020,8,29,5,242,35,3,1,0,3,Store_C,2,Clothing,Men,46.32,15,1,39.38,378,42.38,43.76,0.88,2.4,6.25,50.13,721.85,1307,564,423,95.79
2017-04-12,2017,4,12,2,102,15,2,0,0,5,Store_E,4,Food,Packaged,18.48,0,0,18.48,211,17.67,80.89,1.75,1.91,6.24,81.48,443.49,1444,452,327,118.11
2012-05-05,2012,5,5,5,126,18,2,1,0,5,Store_E,5,Sports,Accessories,87.73,30,1,61.41,222,52.92,80.2,0.13,2.88,6.42,73.01,711.28,1467,564,441,101.88
2010-03-20,2010,3,20,5,79,11,1,1,0,5,Store_E,5,Sports,Footwear,83.82,0,0,83.82,430,90.48,79.0,11.58,2.73,5.93,77.04,573.78,1335,455,382,77.64
2016-02-26,2016,2,26,4,57,8,1,0,0,2,Store_B,2,Clothing,Men,54.81,0,0,54.81,95,47.53,73.7,2.06,2.49,6.54,72.17,486.15,1467,443,299,78.51
2022-07-07,2022,7,7,3,188,27,3,0,0,3,Store_C,5,Sports,Apparel,74.87,10,1,67.38,263,65.75,59.97,7.74,2.67,7.18,67.13,805.13,1160,635,324,75.58
2020-01-05,2020,1,5,6,5,1,1,1,0,1,Store_A,4,Food,Fresh,20.49,0,0,20.49,247,18.7,66.15,0.38,2.85,6.44,67.78,548.18,1311,411,453,118.85
2021-05-14,2021,5,14,4,134,19,2,0,0,4,Store_D,3,Home_Goods,Kitchen,161.19,0,0,161.19,100,155.57,66.95,4.31,2.69,6.82,73.92,422.99,1445,484,272,61.7
2019-04-02,2019,4,2,1,92,14,2,0,0,4,Store_D,1,Electronics,Phones,516.1,0,0,516.1,206,534.17,81.53,4.66,1.73,6.23,73.3,587.27,1541,507,337,55.93
2016-03-29,2016,3,29,1,89,13,1,0,0,4,Store_D,4,Food,Beverages,18.6,0,0,18.6,289,16.36,78.49,2.53,2.33,6.76,71.53,519.58,1481,484,324,90.71
2017-02-11,2017,2,11,5,42,6,1,1,0,4,Store_D,3,Home_Goods,Furniture,151.71,0,0,151.71,224,171.92,69.38,2.0,1.99,6.37,66.56,595.18,1379,451,389,65.68
2021-05-22,2021,5,22,5,142,20,2,1,0,5,Store_E,4,Food,Snacks,20.51,0,0,20.51,310,22.2,75.46,2.68,2.67,7.27,68.85,497.48,1258,462,495,118.23
2020-08-06,2020,8,6,3,219,32,3,0,0,5,Store_E,5,Sports,Accessories,78.59,0,0,78.59,58,89.75,42.78,0.11,3.15,6.29,54.96,495.39,1198,534,276,52.25
2019-05-22,2019,5,22,2,142,21,2,0,0,5,Store_E,4,Food,Fresh,18.52,0,0,18.52,341,18.54,72.94,5.52,2.51,6.29,70.82,529.39,1319,516,251,123.37
2015-12-17,2015,12,17,3,351,51,4,0,0,4,Store_D,1,Electronics,Accessories,488.52,0,0,488.52,401,551.23,61.6,6.58,2.49,7.03,57.37,533.36,1212,484,240,37.01
2011-03-01,2011,3,1,1,60,9,1,0,0,4,Store_D,4,Food,Packaged,19.72,0,0,19.72,184,20.31,80.81,1.99,3.04,6.34,74.45,403.09,1226,482,231,82.49
2011-01-28,2011,1,28,4,28,4,1,0,0,1,Store_A,1,Electronics,Accessories,522.24,0,0,522.24,330,544.61,73.74,5.29,2.85,6.2,69.37,560.32,1229,545,374,36.87
2022-12-10,2022,12,10,5,344,49,4,1,0,2,Store_B,2,Clothing,Men,50.88,0,0,50.88,210,58.47,55.9,1.01,3.47,7.03,62.82,497.81,1206,384,561,72.89
2020-02-11,2020,2,11,1,42,7,1,0,0,3,Store_C,5,Sports,Apparel,79.95,0,0,79.95,92,90.68,74.18,21.0,2.66,6.62,69.2,430.44,1399,511,378,66.94
2010-04-15,2010,4,15,3,105,15,2,0,0,2,Store_B,3,Home_Goods,Kitchen,135.69,0,0,135.69,368,118.47,78.59,7.68,2.36,6.19,76.77,503.45,1331,490,264,30.88
2020-12-08,2020,12,8,1,343,50,4,0,0,1,Store_A,4,Food,Snacks,20.56,0,0,20.56,279,22.4,50.55,17.35,2.81,6.3,62.52,413.47,1298,515,308,98.08
2022-01-30,2022,1,30,6,30,4,1,1,0,3,Store_C,4,Food,Snacks,19.7,0,0,19.7,303,17.27,65.1,25.87,2.95,7.11,66.05,595.29,1132,561,425,117.8
2015-05-03,2015,5,3,6,123,18,2,1,0,4,Store_D,4,Food,Packaged,21.98,0,0,21.98,338,21.73,75.97,0.26,2.49,7.04,78.74,515.11,1398,460,426,121.96
2013-12-30,2013,12,30,0,364,1,4,0,0,4,Store_D,5,Sports,Footwear,86.46,0,0,86.46,392,86.28,56.03,6.66,2.91,6.85,64.29,526.51,1156,490,265,56.37
2018-12-02,2018,12,2,6,336,48,4,1,0,2,Store_B,2,Clothing,Accessories,50.85,0,0,50.85,181,47.41,54.33,2.37,2.44,5.52,63.44,429.29,1145,509,414,78.67
2017-09-04,2017,9,4,0,247,36,3,0,0,3,Store_C,1,Electronics,Tablets,535.23,0,0,535.23,241,501.42,44.5,21.81,2.3,6.05,57.61,489.8,1116,512,313,22.23
2017-05-30,2017,5,30,1,150,22,2,0,0,1,Store_A,4,Food,Fresh,18.6,0,0,18.6,145,15.85,74.87,4.82,1.63,5.9,75.16,493.16,1483,444,324,114.66
2023-02-11,2023,2,11,5,42,6,1,1,0,3,Store_C,5,Sports,Apparel,82.51,0,0,82.51,226,88.78,80.75,22.24,2.6,7.12,71.35,415.19,1129,548,434,59.22
2014-05-07,2014,5,7,2,127,19,2,0,0,5,Store_E,1,Electronics,Tablets,485.95,0,0,485.95,474,538.1,77.42,3.54,3.06,6.86,75.74,403.07,1386,370,256,45.93
2020-01-08,2020,1,8,2,8,2,1,0,0,5,Store_E,5,Sports,Accessories,78.94,15,1,67.1,65,64.76,63.15,0.31,2.1,6.53,64.6,744.15,1198,603,269,77.24
2014-09-28,2014,9,28,6,271,39,3,1,0,5,Store_E,3,Home_Goods,Bedding,153.38,0,0,153.38,58,130.88,42.9,0.76,3.02,7.25,50.83,499.16,996,521,468,24.22
2023-01-17,2023,1,17,1,17,3,1,0,0,5,Store_E,1,Electronics,Phones,522.37,0,0,522.37,392,505.58,61.77,3.02,3.38,6.5,69.45,552.66,1278,562,318,76.78
2021-07-26,2021,7,26,0,207,30,3,0,0,5,Store_E,5,Sports,Accessories,80.8,0,0,80.8,262,71.18,50.05,9.13,3.16,6.58,61.56,542.45,990,539,328,47.25
2020-01-30,2020,1,30,3,30,5,1,0,0,3,Store_C,5,Sports,Equipment,73.0,0,0,73.0,334,82.6,56.73,12.55,2.9,6.69,65.81,464.64,1469,505,326,59.41
2014-11-27,2014,11,27,3,331,48,4,0,1,1,Store_A,4,Food,Beverages,19.63,10,1,17.66,282,17.45,43.05,0.22,2.48,6.78,62.1,887.68,1348,526,530,128.28
2016-06-13,2016,6,13,0,165,24,2,0,0,5,Store_E,4,Food,Beverages,21.35,5,1,20.29,251,22.67,58.5,8.38,2.54,6.82,68.31,755.52,1508,535,277,102.11
2015-04-25,2015,4,25,5,115,17,2,1,0,4,Store_D,2,Clothing,Kids,46.92,0,0,46.92,66,51.71,81.71,0.22,2.4,7.0,74.42,571.08,1359,475,453,72.31
2011-12-04,2011,12,4,6,338,48,4,1,0,3,Store_C,4,Food,Snacks,20.7,0,0,20.7,290,18.72,54.17,4.91,2.81,6.25,63.71,567.87,1190,503,446,80.38
2016-09-08,2016,9,8,3,252,36,3,0,0,4,Store_D,2,Clothing,Kids,50.55,0,0,50.55,471,55.44,40.49,4.62,2.17,6.92,63.78,421.8,905,498,266,52.95
2021-12-24,2021,12,24,4,358,51,4,0,0,3,Store_C,2,Clothing,Men,52.52,0,0,52.52,341,48.21,58.59,1.48,2.79,6.85,64.19,592.0,1278,564,352,82.44
2011-05-12,2011,5,12,3,132,19,2,0,0,3,Store_C,3,Home_Goods,Bedding,142.25,0,0,142.25,466,123.66,73.65,2.0,2.77,6.32,72.87,569.31,1524,621,324,45.65
2011-04-10,2011,4,10,6,100,14,2,1,0,2,Store_B,5,Sports,Equipment,80.68,0,0,80.68,340,88.16,78.77,4.66,3.21,6.38,76.0,485.0,1345,454,332,81.45
2021-02-23,2021,2,23,1,54,8,1,0,0,5,Store_E,5,Sports,Equipment,72.57,0,0,72.57,188,76.42,77.14,6.13,3.02,6.58,71.18,506.12,1534,535,393,85.53
2021-11-12,2021,11,12,4,316,45,4,0,0,3,Store_C,1,Electronics,Phones,549.46,0,0,549.46,291,602.55,42.72,9.04,2.35,6.65,61.89,589.83,1031,468,322,38.86
2010-06-22,2010,6,22,1,173,25,2,0,0,1,Store_A,1,Electronics,Phones,540.36,15,1,459.3,88,417.12,65.34,9.1,2.75,6.08,68.45,731.76,1288,617,250,60.38
2023-07-15,2023,7,15,5,196,28,3,1,0,4,Store_D,2,Clothing,Women,47.07,0,0,47.07,104,51.85,49.48,0.91,2.58,6.7,64.69,503.95,1165,478,434,96.19
2023-02-18,2023,2,18,5,49,7,1,1,0,5,Store_E,4,Food,Fresh,19.43,0,0,19.43,345,16.66,70.41,1.17,3.36,6.77,75.4,465.29,1273,377,456,114.6
2016-12-15,2016,12,15,3,350,50,4,0,0,3,Store_C,3,Home_Goods,Furniture,135.93,0,0,135.93,285,132.35,58.19,5.44,2.12,6.63,60.1,407.7,1232,489,350,41.37
2018-12-07,2018,12,7,4,341,49,4,0,0,3,Store_C,1,Electronics,Laptops,483.97,0,0,483.97,220,439.3,48.64,1.04,1.88,5.78,58.08,477.03,1333,509,294,50.14
2022-10-25,2022,10,25,1,298,43,4,0,0,4,Store_D,4,Food,Fresh,21.76,0,0,21.76,387,20.12,40.06,1.57,2.61,7.03,57.87,559.9,1258,573,231,91.33
2016-03-10,2016,3,10,3,70,10,1,0,0,3,Store_C,4,Food,Beverages,20.25,0,0,20.25,319,19.56,81.98,2.0,2.13,6.34,73.96,591.09,1492,492,264,112.16
2015-10-14,2015,10,14,2,287,42,4,0,0,5,Store_E,1,Electronics,Accessories,485.45,0,0,485.45,431,496.36,40.99,1.77,2.83,6.69,59.87,555.58,1085,482,239,26.36
2012-06-19,2012,6,19,1,171,25,2,0,0,3,Store_C,2,Clothing,Kids,53.95,0,0,53.95,443,61.56,62.95,16.58,2.71,6.16,63.27,540.72,1262,444,338,52.89
2013-12-17,2013,12,17,1,351,51,4,0,0,3,Store_C,2,Clothing,Kids,52.04,0,0,52.04,362,55.24,59.16,3.21,3.15,6.82,63.23,449.94,1207,481,271,54.78
2019-10-14,2019,10,14,0,287,42,4,0,0,1,Store_A,2,Clothing,Accessories,48.95,5,1,46.5,394,50.43,42.88,15.71,2.24,6.18,57.94,830.48,1280,515,294,65.05
2012-01-12,2012,1,12,3,12,2,1,0,0,3,Store_C,5,Sports,Apparel,73.94,0,0,73.94,58,77.01,64.4,0.77,2.77,7.06,69.44,534.35,1210,491,313,39.28
2016-04-12,2016,4,12,1,103,15,2,0,0,5,Store_E,1,Electronics,Laptops,450.98,0,0,450.98,449,436.55,73.85,0.41,1.98,7.14,76.31,467.23,1434,520,308,71.2
2016-09-18,2016,9,18,6,262,37,3,1,0,3,Store_C,4,Food,Beverages,21.08,5,1,20.02,438,17.19,42.32,11.23,1.77,6.81,54.88,872.77,1235,531,380,110.24
2017-03-07,2017,3,7,1,66,10,1,0,0,3,Store_C,4,Food,Snacks,18.6,10,1,16.74,486,17.81,78.27,0.69,2.52,5.96,71.74,755.59,1591,516,363,114.22
2021-03-02,2021,3,2,1,61,9,1,0,0,3,Store_C,5,Sports,Apparel,82.63,0,0,82.63,99,72.97,86.75,11.84,2.75,6.71,76.14,448.66,1316,485,322,71.39
2013-04-21,2013,4,21,6,111,16,2,1,0,1,Store_A,4,Food,Fresh,21.28,0,0,21.28,421,24.25,78.46,5.22,3.04,7.16,75.52,573.24,1596,519,396,112.47
2011-05-25,2011,5,25,2,145,21,2,0,0,2,Store_B,4,Food,Fresh,18.18,0,0,18.18,203,16.19,73.99,10.93,2.65,6.05,65.87,471.0,1377,473,272,101.44
2017-03-05,2017,3,5,6,64,9,1,1,0,4,Store_D,2,Clothing,Accessories,53.57,20,1,42.86,131,36.77,67.58,2.12,2.14,6.03,72.74,610.34,1487,590,414,119.33
2017-09-03,2017,9,3,6,246,35,3,1,0,5,Store_E,5,Sports,Equipment,72.3,0,0,72.3,265,79.62,42.24,5.96,2.06,6.3,55.56,420.14,1022,500,410,46.43
2019-01-27,2019,1,27,6,27,4,1,1,0,2,Store_B,1,Electronics,Accessories,458.27,0,0,458.27,397,434.25,72.43,5.93,2.44,6.26,71.61,526.52,1353,491,474,72.92
2014-03-30,2014,3,30,6,89,13,1,1,0,4,Store_D,4,Food,Beverages,19.57,0,0,19.57,251,22.2,92.05,4.77,3.12,6.95,76.2,415.59,1396,467,367,117.3
2022-06-30,2022,6,30,3,181,26,2,0,0,1,Store_A,3,Home_Goods,Kitchen,149.12,5,1,141.67,74,127.04,62.61,1.18,2.91,7.05,67.28,750.83,1432,551,303,77.39
2016-01-12,2016,1,12,1,12,2,1,0,0,5,Store_E,5,Sports,Equipment,81.44,0,0,81.44,148,69.38,56.3,9.48,2.04,6.57,61.69,548.05,1052,495,306,54.73
2017-01-10,2017,1,10,1,10,2,1,0,0,4,Store_D,1,Electronics,Tablets,531.5,0,0,531.5,499,474.19,60.13,4.21,2.24,5.8,64.79,557.39,1395,565,235,51.17
2020-08-28,2020,8,28,4,241,35,3,0,0,4,Store_D,1,Electronics,Phones,492.09,0,0,492.09,461,512.14,44.23,5.99,2.8,6.35,62.43,427.45,1147,489,323,45.47
2015-08-07,2015,8,7,4,219,32,3,0,0,2,Store_B,5,Sports,Apparel,85.53,0,0,85.53,125,77.92,42.38,25.16,2.41,6.98,62.06,560.66,1219,482,247,43.08
2012-02-07,2012,2,7,1,38,6,1,0,0,5,Store_E,2,Clothing,Kids,51.63,0,0,51.63,432,47.61,73.27,2.33,2.99,6.11,69.66,436.58,1315,443,275,61.85
2023-05-05,2023,5,5,4,125,18,2,0,0,3,Store_C,1,Electronics,Accessories,522.7,0,0,522.7,373,499.69,82.01,5.15,3.35,6.51,73.44,487.09,1260,503,335,70.16
2020-03-27,2020,3,27,4,87,13,1,0,0,2,Store_B,4,Food,Snacks,19.36,0,0,19.36,334,21.51,76.31,1.28,2.88,6.75,73.61,406.31,1236,489,288,127.88
2011-02-26,2011,2,26,5,57,8,1,1,0,5,Store_E,3,Home_Goods,Bedding,153.73,0,0,153.73,284,156.81,70.37,2.65,2.33,6.07,78.45,571.35,1435,521,405,56.2
2010-05-04,2010,5,4,1,124,18,2,0,0,2,Store_B,3,Home_Goods,Decor,162.95,0,0,162.95,86,152.42,77.57,10.6,2.9,5.91,73.66,535.08,1430,470,374,33.64
2021-05-25,2021,5,25,1,145,21,2,0,0,3,Store_C,5,Sports,Footwear,77.28,0,0,77.28,471,85.3,75.85,0.24,2.91,6.68,73.03,568.17,1420,555,365,71.92
2017-03-13,2017,3,13,0,72,11,1,0,0,5,Store_E,4,Food,Beverages,20.91,0,0,20.91,131,23.93,80.25,2.3,2.23,6.07,80.03,421.77,1435,514,385,101.03
2012-03-30,2012,3,30,4,90,13,1,0,0,4,Store_D,3,Home_Goods,Decor,145.86,0,0,145.86,426,158.15,74.75,2.21,3.09,6.39,72.37,523.06,1324,419,256,53.06
2013-11-04,2013,11,4,0,308,45,4,0,0,1,Store_A,4,Food,Fresh,18.48,0,0,18.48,79,17.98,35.85,6.59,3.0,7.19,59.06,546.55,1129,505,260,66.06
2013-10-14,2013,10,14,0,287,42,4,0,0,4,Store_D,3,Home_Goods,Decor,144.16,0,0,144.16,493,127.75,46.37,4.1,2.5,6.88,58.08,587.19,1148,472,245,36.71
2015-11-19,2015,11,19,3,323,47,4,0,0,1,Store_A,1,Electronics,Laptops,473.25,0,0,473.25,407,538.29,56.04,3.01,3.07,6.87,58.91,552.91,1097,417,204,36.73
2014-04-25,2014,4,25,4,115,17,2,0,0,5,Store_E,2,Clothing,Women,47.67,0,0,47.67,490,49.19,71.79,4.25,2.58,7.01,77.28,532.29,1325,420,350,72.54
2014-06-27,2014,6,27,4,178,26,2,0,0,1,Store_A,4,Food,Fresh,21.03,20,1,16.82,264,19.17,56.56,2.97,2.94,6.92,70.11,692.86,1328,523,326,117.47
2014-12-01,2014,12,1,0,335,49,4,0,0,5,Store_E,3,Home_Goods,Kitchen,143.29,0,0,143.29,53,164.75,48.3,5.68,2.88,7.02,65.11,415.75,1039,429,332,32.11
2023-03-09,2023,3,9,3,68,10,1,0,0,4,Store_D,4,Food,Snacks,19.95,10,1,17.96,77,16.3,74.25,0.09,2.81,7.24,72.96,726.37,1591,584,355,127.89
2011-02-04,2011,2,4,4,35,5,1,0,0,5,Store_E,4,Food,Packaged,20.61,10,1,18.55,128,16.33,76.75,5.48,2.42,6.08,65.29,658.03,1426,610,262,94.47
2016-04-29,2016,4,29,4,120,17,2,0,0,1,Store_A,1,Electronics,Phones,498.52,0,0,498.52,111,507.26,80.17,10.2,2.59,6.33,71.96,539.46,1465,485,318,52.45
2012-06-01,2012,6,1,4,153,22,2,0,0,4,Store_D,5,Sports,Footwear,85.23,0,0,85.23,189,81.29,67.61,4.71,3.33,6.86,69.92,431.23,1335,532,269,46.21
2023-08-14,2023,8,14,0,226,33,3,0,0,2,Store_B,5,Sports,Accessories,81.57,0,0,81.57,397,82.82,48.91,2.66,3.33,6.37,54.48,425.37,990,523,250,55.38
2017-12-07,2017,12,7,3,341,49,4,0,0,1,Store_A,5,Sports,Accessories,72.48,0,0,72.48,66,62.54,58.11,5.86,2.08,5.91,56.39,411.63,1237,485,277,56.14
2013-09-14,2013,9,14,5,257,37,3,1,0,1,Store_A,3,Home_Goods,Furniture,149.77,0,0,149.77,360,135.97,36.62,0.12,3.5,7.07,53.77,559.49,754,467,379,35.91
2017-07-05,2017,7,5,2,186,27,3,0,0,2,Store_B,5,Sports,Accessories,82.39,0,0,82.39,147,70.3,57.01,5.0,1.75,6.07,61.65,416.04,1014,587,317,59.43
2022-06-17,2022,6,17,4,168,24,2,0,0,5,Store_E,5,Sports,Apparel,73.72,0,0,73.72,124,67.0,71.6,1.07,3.2,6.91,66.4,466.68,1340,467,359,59.6
2015-11-01,2015,11,1,6,305,44,4,1,0,2,Store_B,4,Food,Snacks,19.21,0,0,19.21,275,17.59,43.89,7.59,2.46,6.92,54.03,510.3,1077,493,413,98.66
2012-09-09,2012,9,9,6,253,36,3,1,0,4,Store_D,3,Home_Goods,Kitchen,161.11,0,0,161.11,458,162.78,41.45,6.72,3.28,6.41,50.19,464.92,1025,453,422,43.57
2011-04-02,2011,4,2,5,92,13,2,1,0,5,Store_E,5,Sports,Equipment,73.77,0,0,73.77,213,78.65,78.66,3.61,2.85,6.02,73.35,562.06,1471,444,387,67.97
2021-04-12,2021,4,12,0,102,15,2,0,0,1,Store_A,5,Sports,Accessories,82.02,0,0,82.02,474,73.91,73.01,0.13,2.37,7.01,76.46,409.32,1476,506,364,69.74
2012-12-15,2012,12,15,5,350,50,4,1,0,3,Store_C,4,Food,Fresh,19.73,15,1,16.77,313,16.05,55.93,16.49,3.0,6.92,65.76,655.72,1232,609,497,99.32
2015-05-05,2015,5,5,1,125,19,2,0,0,1,Store_A,1,Electronics,Phones,514.58,0,0,514.58,204,580.14,74.55,2.11,2.24,6.75,72.16,497.34,1432,490,280,64.53
2021-10-24,2021,10,24,6,297,42,4,1,0,1,Store_A,1,Electronics,Laptops,456.83,0,0,456.83,341,512.19,37.58,0.55,2.53,6.94,55.17,562.25,968,534,467,43.87
2011-11-21,2011,11,21,0,325,47,4,0,0,5,Store_E,3,Home_Goods,Decor,153.76,0,0,153.76,485,160.99,46.4,1.07,3.02,6.28,57.3,514.33,1013,492,213,22.86
2016-08-26,2016,8,26,4,239,34,3,0,0,4,Store_D,4,Food,Fresh,21.43,0,0,21.43,94,21.09,46.12,9.09,2.24,6.65,59.43,579.43,1192,567,260,77.87
2011-10-04,2011,10,4,1,277,40,4,0,0,2,Store_B,3,Home_Goods,Furniture,151.97,0,0,151.97,175,146.46,40.54,6.09,3.26,5.98,53.22,452.26,957,567,257,10.65
2016-07-20,2016,7,20,2,202,29,3,0,0,3,Store_C,2,Clothing,Men,45.93,0,0,45.93,481,46.67,40.13,12.44,2.07,6.08,61.43,481.65,1143,544,338,58.01
2015-05-08,2015,5,8,4,128,19,2,0,0,1,Store_A,5,Sports,Footwear,76.11,0,0,76.11,194,83.46,71.7,2.77,2.68,6.76,71.73,421.82,1523,529,296,58.26
2017-07-11,2017,7,11,1,192,28,3,0,0,4,Store_D,1,Electronics,Phones,498.36,0,0,498.36,243,482.01,48.28,0.03,2.42,6.06,67.74,462.75,1161,589,301,42.64
2021-10-23,2021,10,23,5,296,42,4,1,0,2,Store_B,4,Food,Beverages,20.68,0,0,20.68,107,19.74,40.04,5.24,2.77,6.87,60.33,475.31,1170,431,498,84.46
2019-05-29,2019,5,29,2,149,22,2,0,0,5,Store_E,1,Electronics,Laptops,452.22,0,0,452.22,108,492.79,73.33,0.7,1.98,6.49,70.37,521.29,1253,528,379,50.56
2019-02-19,2019,2,19,1,50,8,1,0,0,1,Store_A,4,Food,Beverages,20.39,0,0,20.39,487,20.94,76.97,3.48,1.86,6.06,68.9,448.37,1427,543,261,127.7
2023-01-19,2023,1,19,3,19,3,1,0,0,5,Store_E,2,Clothing,Accessories,45.88,0,0,45.88,329,39.7,66.86,0.84,2.51,6.86,70.03,494.34,1297,506,345,78.96
2019-03-25,2019,3,25,0,84,13,1,0,0,5,Store_E,5,Sports,Equipment,77.21,0,0,77.21,204,71.12,88.41,0.08,1.84,6.0,72.08,480.48,1457,474,244,65.98
2015-02-28,2015,2,28,5,59,9,1,1,0,4,Store_D,3,Home_Goods,Bedding,164.34,5,1,156.12,467,141.73,78.02,4.47,2.74,7.21,72.97,842.75,1419,608,442,72.76
2011-01-25,2011,1,25,1,25,4,1,0,0,4,Store_D,5,Sports,Equipment,80.74,0,0,80.74,323,82.23,71.37,2.29,2.69,6.23,66.79,432.92,1461,541,438,36.13
2016-10-30,2016,10,30,6,304,43,4,1,0,3,Store_C,5,Sports,Apparel,82.47,0,0,82.47,129,74.32,42.02,4.35,1.9,6.36,58.41,549.6,870,587,458,47.3
2020-08-14,2020,8,14,4,227,33,3,0,0,1,Store_A,3,Home_Goods,Decor,149.47,0,0,149.47,395,134.47,43.98,1.74,2.24,6.51,56.76,579.61,1078,503,281,61.01
2020-07-23,2020,7,23,3,205,30,3,0,0,1,Store_A,2,Clothing,Accessories,54.8,0,0,54.8,165,57.48,44.12,4.86,2.28,6.21,61.59,481.7,1195,451,252,78.92
2012-04-25,2012,4,25,2,116,17,2,0,0,5,Store_E,3,Home_Goods,Furniture,160.1,0,0,160.1,128,137.91,84.63,1.88,2.92,6.65,73.45,567.38,1343,543,283,39.9
2011-06-27,2011,6,27,0,178,26,2,0,0,5,Store_E,4,Food,Beverages,21.62,0,0,21.62,201,19.26,56.23,8.61,2.63,6.16,68.33,545.55,1315,453,278,101.08
2010-04-02,2010,4,2,4,92,13,2,0,0,4,Store_D,5,Sports,Footwear,80.1,0,0,80.1,365,88.54,71.72,2.44,2.88,5.73,75.83,442.35,1585,495,225,63.7
2020-08-25,2020,8,25,1,238,35,3,0,0,2,Store_B,3,Home_Goods,Decor,149.86,0,0,149.86,278,136.49,42.09,0.62,2.0,6.52,55.25,500.42,986,475,329,34.98
2015-06-03,2015,6,3,2,154,23,2,0,0,5,Store_E,1,Electronics,Phones,468.39,0,0,468.39,58,530.33,72.98,0.83,2.02,6.75,71.25,561.88,1521,407,328,44.58
2017-09-13,2017,9,13,2,256,37,3,0,0,2,Store_B,2,Clothing,Kids,49.12,0,0,49.12,64,55.25,39.17,0.78,2.34,5.88,61.66,445.11,1017,455,361,60.19
2021-03-06,2021,3,6,5,65,9,1,1,0,4,Store_D,1,Electronics,Accessories,461.73,0,0,461.73,393,416.34,81.98,0.24,3.0,6.63,74.42,499.91,1317,471,384,84.6
2017-12-12,2017,12,12,1,346,50,4,0,0,2,Store_B,2,Clothing,Women,52.36,0,0,52.36,270,54.63,45.48,3.64,1.9,6.52,65.17,521.01,1147,617,213,66.27
2016-12-04,2016,12,4,6,339,48,4,1,0,4,Store_D,3,Home_Goods,Bedding,159.75,0,0,159.75,185,160.26,49.34,0.07,2.1,6.26,59.03,548.21,1278,530,518,56.5
2014-08-04,2014,8,4,0,216,32,3,0,0,5,Store_E,4,Food,Fresh,21.8,0,0,21.8,316,23.63,48.19,6.8,2.43,7.23,62.32,569.17,1012,425,378,87.12
2012-11-14,2012,11,14,2,319,46,4,0,0,3,Store_C,3,Home_Goods,Bedding,145.14,0,0,145.14,211,162.16,45.37,1.51,3.36,6.49,54.49,544.57,1195,455,350,12.67
2015-05-15,2015,5,15,4,135,20,2,0,0,3,Store_C,2,Clothing,Women,45.92,0,0,45.92,374,50.23,72.9,3.47,2.54,7.29,71.99,440.45,1466,563,227,69.88
2016-12-05,2016,12,5,0,340,49,4,0,0,5,Store_E,4,Food,Beverages,21.47,0,0,21.47,232,23.8,68.06,4.4,2.39,6.48,65.43,485.52,1090,480,317,93.3
2020-12-06,2020,12,6,6,341,49,4,1,0,5,Store_E,2,Clothing,Accessories,45.2,0,0,45.2,312,44.96,43.45,8.86,2.42,6.56,56.45,496.45,1119,496,421,84.22
2010-08-26,2010,8,26,3,238,34,3,0,0,2,Store_B,3,Home_Goods,Bedding,160.26,0,0,160.26,355,144.39,35.48,2.22,2.54,6.2,50.52,415.35,933,588,167,14.13
2018-06-25,2018,6,25,0,176,26,2,0,0,2,Store_B,3,Home_Goods,Bedding,144.47,0,0,144.47,372,160.74,64.13,0.09,2.23,6.11,57.55,568.5,1297,539,248,39.58
2019-07-21,2019,7,21,6,202,29,3,1,0,5,Store_E,5,Sports,Apparel,77.96,0,0,77.96,437,73.04,52.12,3.27,1.93,5.92,63.7,573.7,1106,509,424,71.16
2013-02-07,2013,2,7,3,38,6,1,0,0,3,Store_C,4,Food,Packaged,19.1,0,0,19.1,300,17.46,72.0,5.22,2.89,6.68,72.73,594.44,1308,519,394,112.47
2014-12-11,2014,12,11,3,345,50,4,0,0,3,Store_C,2,Clothing,Kids,53.51,0,0,53.51,167,52.67,58.17,2.63,2.56,7.01,65.05,501.96,1227,431,327,57.77
2021-10-27,2021,10,27,2,300,43,4,0,0,4,Store_D,1,Electronics,Accessories,451.68,0,0,451.68,111,419.47,45.7,4.98,3.08,6.77,54.71,411.93,899,525,398,36.84
2010-06-13,2010,6,13,6,164,23,2,1,0,2,Store_B,1,Electronics,Phones,451.15,0,0,451.15,251,407.75,73.83,6.1,2.32,5.63,65.34,479.52,1219,466,362,47.8
2019-07-25,2019,7,25,3,206,30,3,0,0,2,Store_B,2,Clothing,Accessories,53.31,0,0,53.31,252,52.98,53.82,18.89,2.6,6.1,60.43,487.39,1161,453,289,51.96
2022-11-23,2022,11,23,2,327,47,4,0,1,2,Store_B,3,Home_Goods,Kitchen,156.74,0,0,156.74,497,152.8,52.79,4.15,2.84,7.2,61.55,541.45,1165,523,555,82.86
2022-09-05,2022,9,5,0,248,36,3,0,0,2,Store_B,2,Clothing,Men,50.73,0,0,50.73,404,54.67,37.38,16.79,2.61,7.07,61.76,492.03,1071,410,186,57.91
2019-06-16,2019,6,16,6,167,24,2,1,0,3,Store_C,4,Food,Snacks,18.19,0,0,18.19,423,19.43,67.74,14.44,2.23,6.08,73.89,466.93,1286,538,406,123.43
2018-10-05,2018,10,5,4,278,40,4,0,0,4,Store_D,4,Food,Fresh,18.76,0,0,18.76,245,15.99,38.78,0.08,1.88,6.19,56.71,550.75,1109,480,398,83.03
2019-12-14,2019,12,14,5,348,50,4,1,0,3,Store_C,3,Home_Goods,Furniture,137.21,0,0,137.21,90,125.64,55.98,1.02,2.11,5.99,63.13,518.71,1001,429,439,50.95
2020-10-14,2020,10,14,2,288,42,4,0,0,5,Store_E,1,Electronics,Laptops,491.9,0,0,491.9,340,435.42,36.75,5.74,2.02,6.6,56.77,519.21,1046,416,310,30.62
2014-12-17,2014,12,17,2,351,51,4,0,0,5,Store_E,3,Home_Goods,Furniture,162.27,0,0,162.27,405,153.77,53.84,0.44,2.83,7.03,60.34,579.19,1454,556,324,29.32
2019-12-29,2019,12,29,6,363,52,4,1,0,4,Store_D,2,Clothing,Kids,45.08,0,0,45.08,167,51.17,54.27,4.76,2.16,6.37,63.04,509.09,1275,478,411,65.83
2021-02-01,2021,2,1,0,32,5,1,0,0,4,Store_D,2,Clothing,Accessories,46.04,0,0,46.04,109,41.83,65.26,12.87,2.49,6.83,63.18,512.08,1416,422,215,77.01
2013-11-29,2013,11,29,4,333,48,4,0,0,2,Store_B,3,Home_Goods,Bedding,154.87,0,0,154.87,96,136.58,48.99,6.68,3.02,6.84,55.19,484.01,1114,533,296,29.21
2019-11-23,2019,11,23,5,327,47,4,1,1,4,Store_D,1,Electronics,Tablets,481.46,20,1,385.17,76,336.52,47.31,6.45,2.26,6.11,53.95,879.98,1350,621,677,111.9
2018-07-29,2018,7,29,6,210,30,3,1,0,5,Store_E,3,Home_Goods,Kitchen,142.41,0,0,142.41,390,122.53,46.6,1.83,2.15,5.84,62.83,479.69,1135,402,435,50.45
2019-04-20,2019,4,20,5,110,16,2,1,0,5,Store_E,3,Home_Goods,Furniture,164.77,0,0,164.77,376,156.32,76.51,10.37,2.4,6.28,70.28,471.56,1313,431,510,73.37
2022-03-19,2022,3,19,5,78,11,1,1,0,5,Store_E,4,Food,Fresh,21.01,0,0,21.01,252,19.62,77.23,1.03,3.32,7.01,73.72,499.01,1387,439,500,125.0
2022-09-24,2022,9,24,5,267,38,3,1,0,4,Store_D,3,Home_Goods,Furniture,151.09,5,1,143.54,212,135.33,37.07,0.3,3.06,6.95,62.98,843.03,1151,647,531,55.09
2017-09-21,2017,9,21,3,264,38,3,0,0,4,Store_D,5,Sports,Footwear,82.81,0,0,82.81,100,73.02,33.47,2.18,1.78,5.87,54.62,471.17,1106,517,284,30.28
2013-12-23,2013,12,23,0,357,52,4,0,0,3,Store_C,5,Sports,Equipment,84.75,0,0,84.75,361,90.48,64.05,11.76,2.82,6.74,64.02,479.33,1224,489,246,26.06
2011-08-17,2011,8,17,2,229,33,3,0,0,4,Store_D,3,Home_Goods,Decor,161.1,0,0,161.1,310,140.33,41.03,4.54,2.95,6.25,59.8,550.59,1230,502,338,22.64
2010-02-11,2010,2,11,3,42,6,1,0,0,4,Store_D,5,Sports,Apparel,84.04,0,0,84.04,460,90.19,73.59,7.19,2.36,5.93,74.1,564.25,1387,451,277,57.0
2011-07-15,2011,7,15,4,196,28,3,0,0,2,Store_B,5,Sports,Accessories,85.02,0,0,85.02,194,94.08,51.43,2.13,3.37,6.06,60.26,513.82,1208,417,293,47.96
2018-12-18,2018,12,18,1,352,51,4,0,0,1,Store_A,2,Clothing,Men,49.71,0,0,49.71,349,53.29,60.99,3.39,1.91,5.89,66.79,538.61,1327,444,266,82.1
2018-11-19,2018,11,19,0,323,47,4,0,0,2,Store_B,4,Food,Fresh,18.19,0,0,18.19,443,20.24,52.25,11.92,2.18,5.68,58.52,538.74,1285,517,368,94.19
2010-09-01,2010,9,1,2,244,35,3,0,0,2,Store_B,3,Home_Goods,Kitchen,152.22,0,0,152.22,497,154.52,45.46,11.34,1.75,6.05,59.51,578.13,1240,519,377,16.63
2013-09-01,2013,9,1,6,244,35,3,1,0,1,Store_A,2,Clothing,Kids,52.56,0,0,52.56,327,52.08,45.03,5.56,3.15,6.52,55.06,572.17,1225,528,386,60.43
2017-08-12,2017,8,12,5,224,32,3,1,0,2,Store_B,1,Electronics,Phones,521.88,0,0,521.88,125,569.8,51.54,1.26,2.02,6.09,55.83,436.73,958,476,459,52.55
2018-09-23,2018,9,23,6,266,38,3,1,0,1,Store_A,1,Electronics,Phones,451.36,0,0,451.36,160,461.76,32.27,10.22,1.67,5.98,56.04,528.09,986,505,370,34.43
2020-05-27,2020,5,27,2,148,22,2,0,0,2,Store_B,5,Sports,Accessories,72.15,0,0,72.15,142,61.96,66.1,8.63,1.9,6.51,70.08,578.52,1319,580,266,77.54
2013-12-13,2013,12,13,4,347,50,4,0,0,1,Store_A,3,Home_Goods,Bedding,152.77,0,0,152.77,384,145.22,56.61,8.16,2.58,6.91,58.83,537.87,1144,522,162,40.57
2010-09-19,2010,9,19,6,262,37,3,1,0,5,Store_E,5,Sports,Apparel,84.22,30,1,58.95,168,58.56,48.26,4.95,2.46,5.84,61.51,759.33,1255,627,473,62.99
2017-07-27,2017,7,27,3,208,30,3,0,0,2,Store_B,3,Home_Goods,Furniture,136.17,0,0,136.17,350,118.36,44.23,0.34,2.34,6.4,58.42,413.15,1038,486,306,31.7
2014-08-17,2014,8,17,6,229,33,3,1,0,4,Store_D,1,Electronics,Accessories,523.29,0,0,523.29,242,524.76,40.87,2.73,2.6,6.98,56.37,413.72,1083,550,382,46.3
2014-09-22,2014,9,22,0,265,39,3,0,0,1,Store_A,4,Food,Beverages,18.97,0,0,18.97,200,16.16,49.01,0.62,2.62,6.75,53.96,467.63,1129,494,149,70.22
2023-02-14,2023,2,14,1,45,7,1,0,0,5,Store_E,5,Sports,Accessories,76.41,0,0,76.41,486,79.59,75.61,4.23,2.41,6.72,69.15,496.14,1302,446,372,85.58
2012-04-14,2012,4,14,5,105,15,2,1,0,5,Store_E,2,Clothing,Women,51.97,0,0,51.97,261,55.78,83.52,5.16,3.33,6.49,78.88,461.37,1536,472,374,83.99
2015-02-10,2015,2,10,1,41,7,1,0,0,4,Store_D,3,Home_Goods,Bedding,149.33,0,0,149.33,156,147.12,83.5,0.35,2.61,6.87,76.03,531.44,1440,516,361,43.29
2016-11-01,2016,11,1,1,306,44,4,0,0,2,Store_B,3,Home_Goods,Bedding,154.36,10,1,138.92,149,129.15,42.05,2.42,2.12,6.21,57.67,606.19,1157,576,272,30.29
2015-07-04,2015,7,4,5,185,27,3,1,1,4,Store_D,2,Clothing,Accessories,45.03,10,1,40.53,229,42.12,56.81,3.52,2.43,6.53,71.11,737.41,1433,724,635,110.53
2010-12-07,2010,12,7,1,341,49,4,0,0,5,Store_E,3,Home_Goods,Bedding,146.02,0,0,146.02,285,161.29,51.76,6.52,2.8,5.78,57.11,438.89,955,530,312,18.57
2018-03-08,2018,3,8,3,67,10,1,0,0,3,Store_C,5,Sports,Footwear,74.69,0,0,74.69,154,66.95,81.15,1.64,1.88,6.27,76.4,444.54,1416,416,313,76.76
2014-05-21,2014,5,21,2,141,21,2,0,0,3,Store_C,3,Home_Goods,Furniture,151.65,0,0,151.65,60,159.3,77.53,3.51,3.06,7.17,70.24,568.18,1381,437,322,40.91
2020-08-11,2020,8,11,1,224,33,3,0,0,2,Store_B,5,Sports,Accessories,78.91,0,0,78.91,265,87.9,54.15,5.42,2.57,6.41,54.9,592.47,1090,543,251,43.09
2022-11-08,2022,11,8,1,312,45,4,0,0,2,Store_B,4,Food,Fresh,21.93,5,1,20.84,157,20.27,48.31,2.62,3.02,7.32,59.66,895.83,1221,601,269,108.01
2011-04-26,2011,4,26,1,116,17,2,0,0,3,Store_C,4,Food,Snacks,21.45,0,0,21.45,74,23.56,79.76,4.5,2.46,6.14,74.87,445.48,1454,450,380,105.29
2017-09-26,2017,9,26,1,269,39,3,0,0,4,Store_D,5,Sports,Equipment,79.34,0,0,79.34,64,85.95,38.51,1.36,2.17,6.02,54.75,537.14,992,562,419,25.93
2021-11-08,2021,11,8,0,312,45,4,0,0,2,Store_B,4,Food,Beverages,20.11,0,0,20.11,476,20.16,51.77,8.49,3.04,6.72,55.25,443.15,1051,530,323,105.36
2019-09-11,2019,9,11,2,254,37,3,0,0,1,Store_A,5,Sports,Accessories,85.4,0,0,85.4,453,73.66,46.11,8.95,2.12,6.4,53.74,550.45,834,477,271,39.54
2022-09-13,2022,9,13,1,256,37,3,0,0,2,Store_B,3,Home_Goods,Bedding,154.03,0,0,154.03,478,171.33,37.96,8.87,3.11,6.97,59.54,589.36,959,604,280,37.47
2018-05-05,2018,5,5,5,125,18,2,1,0,5,Store_E,3,Home_Goods,Bedding,138.36,10,1,124.52,355,131.38,74.04,2.18,1.78,5.73,72.76,647.17,1648,607,422,81.98
2020-12-04,2020,12,4,4,339,49,4,0,0,3,Store_C,1,Electronics,Phones,520.12,0,0,520.12,204,524.51,52.15,7.42,2.64,6.54,59.75,596.57,1335,540,297,49.06
2014-11-02,2014,11,2,6,306,44,4,1,0,1,Store_A,3,Home_Goods,Bedding,147.99,0,0,147.99,187,169.21,37.47,4.57,2.39,6.7,56.18,532.08,1217,434,525,24.67
2022-04-01,2022,4,1,4,91,13,2,0,0,3,Store_C,4,Food,Beverages,20.14,15,1,17.11,284,17.38,85.68,8.8,3.0,7.23,74.17,656.5,1372,591,371,128.84
2016-09-19,2016,9,19,0,263,38,3,0,0,4,Store_D,3,Home_Goods,Furniture,137.64,5,1,130.76,222,147.67,43.55,13.63,1.92,6.39,57.65,610.03,1018,597,335,19.57
2017-11-17,2017,11,17,4,321,46,4,0,0,5,Store_E,3,Home_Goods,Furniture,151.42,0,0,151.42,162,150.06,38.45,12.22,1.25,6.19,57.69,514.23,881,552,369,30.11
2020-06-12,2020,6,12,4,164,24,2,0,0,2,Store_B,2,Clothing,Kids,53.82,0,0,53.82,449,53.55,62.94,2.34,2.7,6.27,71.08,444.94,1273,509,284,69.7
2020-12-30,2020,12,30,2,365,53,4,0,0,2,Store_B,4,Food,Fresh,21.67,0,0,21.67,57,23.8,63.25,4.75,3.38,6.68,71.12,540.29,1382,474,336,93.72
2022-10-22,2022,10,22,5,295,42,4,1,0,2,Store_B,4,Food,Snacks,18.48,0,0,18.48,492,19.43,37.7,3.1,2.64,7.17,56.24,560.93,1219,467,454,118.05
2020-01-28,2020,1,28,1,28,5,1,0,0,3,Store_C,2,Clothing,Kids,45.17,0,0,45.17,437,40.5,74.19,3.19,2.71,6.18,70.94,542.96,1460,510,222,84.67
2013-06-25,2013,6,25,1,176,26,2,0,0,4,Store_D,5,Sports,Accessories,79.63,0,0,79.63,168,81.37,68.55,1.02,3.04,7.02,68.48,544.53,1044,507,374,40.57
2018-06-05,2018,6,5,1,156,23,2,0,0,3,Store_C,4,Food,Beverages,19.29,0,0,19.29,213,19.65,74.99,6.05,1.99,5.9,72.62,565.21,1578,575,302,102.84
2022-04-29,2022,4,29,4,119,17,2,0,0,5,Store_E,3,Home_Goods,Bedding,155.56,0,0,155.56,121,132.44,73.36,5.75,2.64,7.24,73.63,417.36,1455,519,216,57.78
2018-06-22,2018,6,22,4,173,25,2,0,0,4,Store_D,1,Electronics,Laptops,497.04,0,0,497.04,351,514.01,63.15,1.88,2.39,6.06,65.94,459.46,1209,550,328,61.85
2022-09-28,2022,9,28,2,271,39,3,0,0,5,Store_E,5,Sports,Apparel,74.44,0,0,74.44,97,78.76,42.13,4.26,2.91,6.9,48.86,481.24,1057,466,303,54.71
2010-12-14,2010,12,14,1,348,50,4,0,0,1,Store_A,5,Sports,Apparel,78.2,0,0,78.2,431,80.33,55.23,10.67,2.53,6.31,62.37,512.43,1099,506,304,29.5
2020-08-17,2020,8,17,0,230,34,3,0,0,2,Store_B,3,Home_Goods,Bedding,157.01,0,0,157.01,384,160.8,49.42,0.18,2.12,6.36,59.21,445.51,940,471,318,37.12
2022-08-29,2022,8,29,0,241,35,3,0,0,3,Store_C,2,Clothing,Accessories,52.07,0,0,52.07,401,59.32,38.66,2.13,2.65,7.1,57.77,443.42,1155,486,257,53.05
2017-01-06,2017,1,6,4,6,1,1,0,0,1,Store_A,3,Home_Goods,Kitchen,145.08,10,1,130.57,485,132.28,64.74,1.44,1.91,5.9,69.92,705.1,1374,532,387,74.08
2022-07-27,2022,7,27,2,208,30,3,0,0,5,Store_E,4,Food,Packaged,19.62,0,0,19.62,321,20.61,50.59,2.72,2.95,6.78,60.45,496.04,1135,600,312,95.32
2013-11-24,2013,11,24,6,328,47,4,1,1,2,Store_B,3,Home_Goods,Decor,152.74,20,1,122.19,298,108.55,55.49,2.64,2.76,7.11,59.08,625.03,1045,607,711,75.93
2011-10-19,2011,10,19,2,292,42,4,0,0,1,Store_A,1,Electronics,Laptops,469.58,0,0,469.58,116,452.57,30.31,1.49,2.13,6.07,58.41,445.92,979,451,380,27.97
2015-10-04,2015,10,4,6,277,40,4,1,0,2,Store_B,1,Electronics,Laptops,454.86,0,0,454.86,174,417.11,39.38,2.3,2.71,6.65,52.0,560.13,997,463,396,45.0
2011-09-25,2011,9,25,6,268,38,3,1,0,1,Store_A,5,Sports,Apparel,79.34,0,0,79.34,354,74.76,40.53,9.76,2.49,5.98,57.16,479.86,1179,501,547,37.72
2017-12-02,2017,12,2,5,336,48,4,1,0,1,Store_A,5,Sports,Footwear,83.62,0,0,83.62,401,76.74,54.2,1.06,2.37,6.33,63.9,580.66,1102,452,492,61.58
2016-10-29,2016,10,29,5,303,43,4,1,0,5,Store_E,5,Sports,Footwear,77.17,0,0,77.17,177,82.34,37.46,7.85,2.48,6.26,51.16,457.51,1032,450,448,41.93
2017-04-19,2017,4,19,2,109,16,2,0,0,5,Store_E,1,Electronics,Tablets,543.68,0,0,543.68,436,539.82,76.69,12.11,2.18,6.21,76.85,572.51,1507,520,332,66.58
2020-12-29,2020,12,29,1,364,53,4,0,0,1,Store_A,2,Clothing,Kids,49.71,10,1,44.74,242,50.12,62.86,7.5,1.93,6.54,59.85,710.02,1273,588,242,80.97
2020-01-11,2020,1,11,5,11,2,1,1,0,5,Store_E,5,Sports,Footwear,82.28,20,1,65.83,477,74.48,55.63,22.51,2.64,6.23,67.55,856.46,1374,628,449,108.13
2019-01-21,2019,1,21,0,21,4,1,0,0,4,Store_D,3,Home_Goods,Furniture,160.79,10,1,144.72,330,124.69,60.77,4.18,1.86,6.3,71.47,860.98,1513,573,387,56.09
2018-06-24,2018,6,24,6,175,25,2,1,0,3,Store_C,5,Sports,Equipment,78.59,0,0,78.59,202,70.72,62.15,7.34,1.96,5.95,66.37,557.75,1290,453,475,70.49
2020-09-24,2020,9,24,3,268,39,3,0,0,5,Store_E,1,Electronics,Tablets,462.27,0,0,462.27,482,445.45,35.74,14.96,2.28,6.4,54.53,579.96,1257,481,329,41.45
2016-11-05,2016,11,5,5,310,44,4,1,0,2,Store_B,3,Home_Goods,Bedding,154.63,0,0,154.63,394,142.54,44.33,1.14,2.13,6.59,51.09,530.97,1179,526,464,37.22
2014-01-05,2014,1,5,6,5,1,1,1,0,1,Store_A,2,Clothing,Men,45.8,0,0,45.8,239,45.31,61.71,1.43,2.57,7.16,64.17,597.38,1118,480,450,79.76
2017-10-04,2017,10,4,2,277,40,4,0,0,5,Store_E,2,Clothing,Accessories,50.02,0,0,50.02,214,43.05,29.41,5.94,2.19,6.34,52.41,520.45,1079,540,302,45.78
2010-04-26,2010,4,26,0,116,17,2,0,0,3,Store_C,4,Food,Snacks,21.95,0,0,21.95,413,21.68,77.76,8.81,1.83,5.8,72.59,542.4,1396,479,266,84.65
2014-12-27,2014,12,27,5,361,52,4,1,0,4,Store_D,3,Home_Goods,Kitchen,156.36,0,0,156.36,125,164.33,65.25,0.21,2.96,6.96,65.34,514.77,1450,581,412,56.11
2014-02-03,2014,2,3,0,34,6,1,0,0,3,Store_C,1,Electronics,Laptops,479.79,0,0,479.79,432,483.86,79.37,0.68,3.19,7.02,66.36,423.05,1322,526,246,50.37
2016-07-29,2016,7,29,4,211,30,3,0,0,1,Store_A,1,Electronics,Accessories,515.32,0,0,515.32,285,511.85,38.98,17.3,2.22,6.64,57.64,589.08,1059,517,307,39.86
2013-05-17,2013,5,17,4,137,20,2,0,0,1,Store_A,3,Home_Goods,Decor,141.46,0,0,141.46,387,128.6,72.86,10.0,3.1,6.79,71.52,564.07,1348,549,337,44.94
2017-04-15,2017,4,15,5,105,15,2,1,0,5,Store_E,4,Food,Packaged,18.67,0,0,18.67,114,16.49,88.22,0.84,1.54,6.36,72.85,571.19,1314,458,507,126.74
2021-03-24,2021,3,24,2,83,12,1,0,0,1,Store_A,5,Sports,Footwear,73.58,0,0,73.58,196,79.71,86.14,1.64,2.65,6.93,72.02,495.38,1272,560,322,72.47
2022-07-10,2022,7,10,6,191,27,3,1,0,1,Store_A,5,Sports,Apparel,73.02,0,0,73.02,272,81.89,57.97,8.44,2.39,6.92,65.51,504.66,1171,422,418,69.37
2013-02-27,2013,2,27,2,58,9,1,0,0,2,Store_B,3,Home_Goods,Kitchen,144.68,0,0,144.68,146,153.06,78.23,0.99,2.93,6.8,75.24,426.03,1328,536,317,50.48
2020-07-15,2020,7,15,2,197,29,3,0,0,4,Store_D,3,Home_Goods,Furniture,163.42,0,0,163.42,465,150.94,50.91,0.41,2.4,6.76,61.9,536.58,1067,590,279,48.8
2010-02-27,2010,2,27,5,58,8,1,1,0,2,Store_B,4,Food,Packaged,18.93,0,0,18.93,122,16.72,72.05,15.67,2.42,5.87,75.81,517.71,1510,510,442,99.33
2021-03-28,2021,3,28,6,87,12,1,1,0,5,Store_E,3,Home_Goods,Decor,139.84,10,1,125.85,409,125.45,86.74,14.9,3.5,6.85,72.42,811.8,1630,605,421,104.68
2021-09-28,2021,9,28,1,271,39,3,0,0,5,Store_E,4,Food,Beverages,18.35,15,1,15.6,135,16.72,36.99,1.03,2.9,7.07,56.68,648.74,993,610,295,89.49
2023-07-17,2023,7,17,0,198,29,3,0,0,2,Store_B,3,Home_Goods,Decor,160.73,10,1,144.66,494,157.17,62.61,3.29,3.13,7.05,59.23,847.4,1299,510,254,65.91
2014-10-02,2014,10,2,3,275,40,4,0,0,4,Store_D,4,Food,Packaged,18.52,0,0,18.52,85,20.58,40.68,12.08,3.12,7.06,56.0,493.87,950,549,364,63.98
2016-01-06,2016,1,6,2,6,1,1,0,0,4,Store_D,5,Sports,Accessories,77.91,0,0,77.91,271,75.99,55.47,3.85,2.65,6.43,65.95,568.45,1282,547,340,56.79
2019-09-24,2019,9,24,1,267,39,3,0,0,5,Store_E,3,Home_Goods,Kitchen,154.02,0,0,154.02,99,171.44,35.62,8.44,1.76,6.31,58.05,541.57,1107,491,272,32.19
2016-10-11,2016,10,11,1,285,41,4,0,0,5,Store_E,4,Food,Beverages,21.18,0,0,21.18,165,19.04,40.15,19.14,2.29,6.21,58.47,474.89,943,437,305,79.88
2017-01-08,2017,1,8,6,8,1,1,1,0,5,Store_E,2,Clothing,Men,46.89,0,0,46.89,203,53.67,59.92,1.53,2.03,6.13,66.52,404.71,1328,517,493,87.68
2018-08-25,2018,8,25,5,237,34,3,1,0,1,Store_A,3,Home_Goods,Decor,156.14,0,0,156.14,477,151.64,37.13,4.02,2.04,6.15,55.33,440.05,984,487,481,46.18
2021-01-17,2021,1,17,6,17,2,1,1,0,5,Store_E,1,Electronics,Laptops,477.66,0,0,477.66,441,413.79,67.29,1.16,2.18,6.84,69.54,538.54,1212,473,395,66.42
2020-01-04,2020,1,4,5,4,1,1,1,0,5,Store_E,5,Sports,Footwear,85.28,0,0,85.28,195,89.01,53.93,10.74,2.54,6.31,63.12,451.56,1239,453,462,51.71
2011-12-09,2011,12,9,4,343,49,4,0,0,3,Store_C,2,Clothing,Men,48.19,5,1,45.78,336,39.72,59.7,5.4,3.4,6.25,63.61,837.08,1263,524,344,77.3
2021-09-20,2021,9,20,0,263,38,3,0,0,5,Store_E,4,Food,Beverages,18.8,0,0,18.8,194,20.29,41.8,16.64,2.86,6.55,51.68,598.3,1026,489,233,76.16
2012-12-29,2012,12,29,5,364,52,4,1,0,3,Store_C,3,Home_Goods,Furniture,143.16,5,1,136.01,200,138.32,65.11,1.84,3.05,6.55,68.64,690.16,1247,530,384,53.7
2023-04-02,2023,4,2,6,92,13,2,1,0,2,Store_B,4,Food,Snacks,19.16,15,1,16.29,117,15.34,81.06,1.59,3.0,6.75,79.5,619.11,1405,640,415,147.14
2013-10-08,2013,10,8,1,281,41,4,0,0,3,Store_C,4,Food,Beverages,18.39,0,0,18.39,80,17.97,41.95,8.38,2.99,6.77,50.14,528.41,1158,500,296,80.61
2023-06-15,2023,6,15,3,166,24,2,0,0,1,Store_A,3,Home_Goods,Decor,136.89,15,1,116.36,173,115.91,78.0,32.68,3.7,6.74,65.96,626.97,1414,601,271,78.54
2010-03-14,2010,3,14,6,73,10,1,1,0,2,Store_B,4,Food,Packaged,20.62,0,0,20.62,235,23.17,81.69,4.99,2.12,5.87,75.7,543.16,1494,485,367,107.6
2015-04-07,2015,4,7,1,97,15,2,0,0,4,Store_D,1,Electronics,Phones,524.59,0,0,524.59,398,603.05,82.28,2.59,2.46,7.07,79.08,417.29,1327,533,365,56.22
2018-09-09,2018,9,9,6,252,36,3,1,0,3,Store_C,5,Sports,Equipment,83.75,10,1,75.38,394,77.8,53.54,3.82,2.27,6.0,56.84,662.5,1098,719,488,43.6
2014-10-31,2014,10,31,4,304,44,4,0,0,1,Store_A,3,Home_Goods,Furniture,145.32,0,0,145.32,398,147.94,42.19,3.52,3.1,6.95,53.17,477.4,1145,484,391,29.42
2012-01-14,2012,1,14,5,14,2,1,1,0,3,Store_C,2,Clothing,Women,50.11,0,0,50.11,246,47.06,68.21,6.43,2.87,6.71,69.2,451.42,1197,611,415,79.65
2021-10-28,2021,10,28,3,301,43,4,0,0,5,Store_E,5,Sports,Apparel,77.73,0,0,77.73,488,75.86,42.97,1.1,2.61,6.6,52.53,414.48,1035,531,309,40.99
2012-10-02,2012,10,2,1,276,40,4,0,0,5,Store_E,5,Sports,Footwear,79.1,0,0,79.1,382,86.38,40.11,9.4,2.52,6.56,58.0,585.64,1193,500,213,27.38
2017-04-22,2017,4,22,5,112,16,2,1,0,5,Store_E,2,Clothing,Kids,53.15,0,0,53.15,388,53.12,76.7,4.61,1.89,5.85,77.93,474.81,1496,500,458,84.89
2013-04-05,2013,4,5,4,95,14,2,0,0,3,Store_C,5,Sports,Apparel,78.55,0,0,78.55,70,79.05,79.87,6.11,2.55,6.6,74.81,586.0,1601,467,284,63.18
2022-09-06,2022,9,6,1,249,36,3,0,0,4,Store_D,4,Food,Beverages,21.46,0,0,21.46,406,18.58,38.26,2.7,2.88,7.17,57.77,552.65,1023,477,318,101.3
2017-02-14,2017,2,14,1,45,7,1,0,0,2,Store_B,4,Food,Packaged,20.39,0,0,20.39,370,21.15,74.48,3.56,1.8,6.12,70.97,482.44,1441,521,214,100.38
2013-01-30,2013,1,30,2,30,5,1,0,0,4,Store_D,4,Food,Snacks,21.6,0,0,21.6,246,21.07,68.93,1.89,2.84,7.1,67.24,524.81,1416,429,316,115.21
2013-05-26,2013,5,26,6,146,21,2,1,0,1,Store_A,1,Electronics,Phones,455.14,0,0,455.14,336,516.8,72.1,5.23,2.74,7.04,74.94,554.0,1285,476,414,59.13
2022-08-12,2022,8,12,4,224,32,3,0,0,5,Store_E,4,Food,Snacks,20.32,0,0,20.32,117,20.65,47.12,4.85,3.19,7.21,53.77,577.6,1270,464,220,99.43
2021-04-23,2021,4,23,4,113,16,2,0,0,4,Store_D,3,Home_Goods,Bedding,159.01,0,0,159.01,89,144.07,80.6,2.8,3.23,6.58,77.88,452.76,1654,471,363,71.94
2019-06-05,2019,6,5,2,156,23,2,0,0,2,Store_B,2,Clothing,Kids,53.17,0,0,53.17,406,49.23,66.17,0.99,2.18,6.27,73.44,545.35,1470,518,358,65.05
2012-09-25,2012,9,25,1,269,39,3,0,0,4,Store_D,3,Home_Goods,Decor,143.04,0,0,143.04,445,153.69,38.0,1.35,2.86,6.74,53.38,547.58,981,438,253,22.2
2019-04-10,2019,4,10,2,100,15,2,0,0,2,Store_B,5,Sports,Apparel,81.99,0,0,81.99,210,78.4,81.79,1.36,1.71,5.99,77.1,522.93,1407,537,287,62.91
2017-05-08,2017,5,8,0,128,19,2,0,0,4,Store_D,3,Home_Goods,Furniture,140.97,0,0,140.97,206,161.57,70.28,13.72,1.92,6.14,71.24,554.05,1469,401,309,55.28
2014-04-27,2014,4,27,6,117,17,2,1,0,1,Store_A,2,Clothing,Women,51.68,15,1,43.93,240,47.09,80.82,0.31,2.29,6.82,73.56,823.39,1564,622,428,101.67
2023-02-12,2023,2,12,6,43,6,1,1,0,3,Store_C,2,Clothing,Accessories,48.89,0,0,48.89,491,44.54,75.5,0.15,2.62,7.1,72.72,556.53,1300,533,472,103.77
2015-01-01,2015,1,1,3,1,1,1,0,1,3,Store_C,1,Electronics,Phones,462.43,0,0,462.43,345,472.77,60.47,9.86,2.89,6.97,66.54,435.21,1116,460,466,79.2
2019-01-06,2019,1,6,6,6,1,1,1,0,2,Store_B,5,Sports,Apparel,73.77,0,0,73.77,167,82.97,63.54,1.93,1.92,6.09,63.17,485.59,1391,467,438,68.0
2023-08-30,2023,8,30,2,242,35,3,0,0,3,Store_C,5,Sports,Apparel,72.52,0,0,72.52,455,73.93,43.63,4.54,2.99,7.06,61.03,580.5,1202,420,345,49.79
2019-09-07,2019,9,7,5,250,36,3,1,0,3,Store_C,1,Electronics,Laptops,523.5,0,0,523.5,432,466.55,37.74,3.78,1.92,6.1,58.11,569.99,1202,535,410,59.11
2011-03-17,2011,3,17,3,76,11,1,0,0,1,Store_A,1,Electronics,Tablets,463.41,20,1,370.73,241,332.13,75.48,1.38,2.66,6.15,76.86,709.45,1520,648,245,73.02
2023-07-23,2023,7,23,6,204,29,3,1,0,5,Store_E,3,Home_Goods,Bedding,159.95,0,0,159.95,95,151.85,48.96,18.61,2.86,7.2,66.23,476.49,1151,578,477,58.28
2013-01-05,2013,1,5,5,5,1,1,1,0,1,Store_A,4,Food,Snacks,19.73,0,0,19.73,81,17.01,69.59,10.6,2.62,6.33,71.64,461.38,1284,527,441,99.38
2020-12-24,2020,12,24,3,359,52,4,0,0,3,Store_C,3,Home_Goods,Kitchen,144.91,20,1,115.93,333,102.69,54.36,1.71,2.78,6.01,64.47,635.35,1161,622,224,66.86
2018-05-17,2018,5,17,3,137,20,2,0,0,1,Store_A,1,Electronics,Tablets,505.12,0,0,505.12,338,481.11,77.52,2.13,2.03,5.98,71.19,563.44,1295,451,288,66.5
2011-10-12,2011,10,12,2,285,41,4,0,0,2,Store_B,1,Electronics,Tablets,505.38,0,0,505.38,73,440.84,44.72,4.18,2.36,6.34,61.7,454.61,974,480,317,24.62
2014-03-27,2014,3,27,3,86,13,1,0,0,4,Store_D,1,Electronics,Laptops,505.74,0,0,505.74,271,459.0,74.85,1.92,3.38,6.97,76.11,469.5,1401,471,213,68.68
2023-01-09,2023,1,9,0,9,2,1,0,0,2,Store_B,1,Electronics,Accessories,489.08,0,0,489.08,183,490.65,64.94,0.43,2.3,7.26,65.01,474.45,1380,482,418,68.09
2019-10-01,2019,10,1,1,274,40,4,0,0,1,Store_A,3,Home_Goods,Furniture,161.3,0,0,161.3,77,142.63,42.26,16.23,1.99,6.2,52.2,447.84,979,500,304,34.17
2020-08-22,2020,8,22,5,235,34,3,1,0,5,Store_E,4,Food,Snacks,21.47,10,1,19.33,314,21.48,53.68,3.42,2.55,6.34,57.82,879.42,1440,579,503,119.86
2020-03-30,2020,3,30,0,90,14,1,0,0,4,Store_D,1,Electronics,Phones,499.01,0,0,499.01,362,557.8,77.56,2.34,2.54,6.55,76.31,457.89,1450,535,324,63.48
2011-09-23,2011,9,23,4,266,38,3,0,0,1,Store_A,2,Clothing,Kids,51.61,0,0,51.61,446,58.57,45.47,0.62,2.88,5.99,60.12,441.23,949,491,246,50.87
2011-11-04,2011,11,4,4,308,44,4,0,0,5,Store_E,1,Electronics,Phones,455.37,0,0,455.37,382,441.19,44.21,9.47,2.38,6.37,61.35,525.18,1026,416,268,33.15
2013-06-03,2013,6,3,0,154,23,2,0,0,1,Store_A,2,Clothing,Women,49.62,0,0,49.62,252,55.34,72.06,6.8,2.44,6.96,70.05,520.46,1330,518,380,85.14
2011-04-28,2011,4,28,3,118,17,2,0,0,2,Store_B,2,Clothing,Kids,52.85,0,0,52.85,428,52.07,78.07,5.42,2.72,6.45,75.75,514.27,1280,533,293,66.92
2014-05-04,2014,5,4,6,124,18,2,1,0,5,Store_E,1,Electronics,Accessories,510.44,0,0,510.44,361,484.83,75.99,2.72,2.27,6.86,72.53,496.9,1463,535,407,77.54
2018-06-02,2018,6,2,5,153,22,2,1,0,1,Store_A,3,Home_Goods,Bedding,158.2,0,0,158.2,151,136.99,68.39,0.57,1.49,6.54,72.21,585.36,1328,524,417,65.95
2022-09-02,2022,9,2,4,245,35,3,0,0,5,Store_E,2,Clothing,Men,51.37,0,0,51.37,195,44.78,43.53,6.18,3.56,6.82,50.75,585.63,1304,494,312,61.36
2018-04-27,2018,4,27,4,117,17,2,0,0,5,Store_E,2,Clothing,Accessories,50.87,0,0,50.87,406,53.17,77.92,5.89,2.17,6.1,70.43,447.81,1408,429,334,78.71
2014-01-02,2014,1,2,3,2,1,1,0,0,2,Store_B,1,Electronics,Tablets,527.78,0,0,527.78,421,500.02,58.64,0.72,2.78,6.81,60.51,587.96,1291,374,288,38.01
2020-10-04,2020,10,4,6,278,40,4,1,0,5,Store_E,3,Home_Goods,Furniture,157.54,0,0,157.54,430,168.54,54.35,0.0,2.65,6.28,56.98,425.58,1119,437,352,40.05
2019-12-01,2019,12,1,6,335,48,4,1,0,4,Store_D,5,Sports,Apparel,76.9,0,0,76.9,328,87.88,48.4,1.53,2.73,5.95,61.12,589.36,1251,468,392,56.67
2017-01-22,2017,1,22,6,22,3,1,1,0,4,Store_D,5,Sports,Apparel,79.3,0,0,79.3,163,83.34,60.21,5.72,1.86,6.02,66.64,599.71,1407,533,469,51.64
2020-05-29,2020,5,29,4,150,22,2,0,0,2,Store_B,4,Food,Beverages,19.66,0,0,19.66,170,17.51,67.8,2.89,2.69,6.26,67.04,497.3,1383,421,338,104.66
2010-02-19,2010,2,19,4,50,7,1,0,0,3,Store_C,4,Food,Snacks,20.5,0,0,20.5,271,19.65,73.33,18.35,2.64,5.93,73.36,513.16,1406,516,296,85.7
2021-09-29,2021,9,29,2,272,39,3,0,0,5,Store_E,1,Electronics,Accessories,543.82,0,0,543.82,195,472.06,46.24,9.75,2.97,6.96,55.9,596.56,1107,524,283,38.35
2019-02-27,2019,2,27,2,58,9,1,0,0,5,Store_E,3,Home_Goods,Furniture,159.92,0,0,159.92,315,160.05,78.92,3.06,2.14,6.36,73.03,459.21,1505,548,203,54.65
2012-05-08,2012,5,8,1,129,19,2,0,0,3,Store_C,1,Electronics,Tablets,501.22,0,0,501.22,475,442.08,81.02,11.05,3.56,6.55,78.24,442.92,1318,552,315,62.9
2012-12-08,2012,12,8,5,343,49,4,1,0,4,Store_D,2,Clothing,Accessories,51.69,0,0,51.69,437,56.18,60.15,0.47,3.11,6.69,61.25,575.41,1204,489,387,65.48
2011-12-21,2011,12,21,2,355,51,4,0,0,4,Store_D,4,Food,Snacks,20.8,0,0,20.8,499,18.08,50.88,10.99,2.58,5.93,71.69,409.17,1049,571,213,85.42
2020-03-06,2020,3,6,4,66,10,1,0,0,5,Store_E,3,Home_Goods,Bedding,162.54,0,0,162.54,233,158.25,73.95,3.31,2.56,6.18,79.45,403.39,1342,591,307,76.51
2017-03-16,2017,3,16,3,75,11,1,0,0,2,Store_B,4,Food,Snacks,18.59,0,0,18.59,229,18.95,81.04,6.91,1.93,6.05,76.65,561.48,1399,509,227,129.69
2023-05-06,2023,5,6,5,126,18,2,1,0,2,Store_B,2,Clothing,Women,45.57,20,1,36.45,327,32.0,70.04,1.97,2.69,7.05,70.58,671.63,1452,647,452,114.65
2014-07-19,2014,7,19,5,200,29,3,1,0,4,Store_D,2,Clothing,Men,53.94,0,0,53.94,358,56.57,60.75,4.01,2.95,7.03,61.12,476.63,1341,534,527,70.67
2014-07-15,2014,7,15,1,196,29,3,0,0,3,Store_C,4,Food,Beverages,21.83,15,1,18.56,468,17.51,58.31,1.49,2.51,6.78,62.57,817.38,1257,586,276,110.2
2016-08-22,2016,8,22,0,235,34,3,0,0,2,Store_B,1,Electronics,Tablets,532.7,0,0,532.7,197,597.28,43.91,1.35,1.9,6.59,54.42,598.32,1050,612,273,30.28
2019-08-26,2019,8,26,0,238,35,3,0,0,3,Store_C,5,Sports,Apparel,87.98,10,1,79.18,108,67.95,44.07,2.23,1.91,6.19,60.56,629.65,1283,595,292,51.97
2021-07-31,2021,7,31,5,212,30,3,1,0,1,Store_A,3,Home_Goods,Kitchen,145.53,0,0,145.53,335,151.89,56.15,2.04,2.97,6.88,58.96,549.88,1326,516,454,55.08
2023-08-15,2023,8,15,1,227,33,3,0,0,4,Store_D,3,Home_Goods,Kitchen,156.41,0,0,156.41,92,146.86,50.47,15.72,2.68,6.75,62.02,455.05,1256,487,338,36.31
2019-01-23,2019,1,23,2,23,4,1,0,0,1,Store_A,4,Food,Snacks,19.51,0,0,19.51,470,20.11,70.46,3.03,2.0,6.33,69.88,452.06,1592,520,267,98.4
2022-04-04,2022,4,4,0,94,14,2,0,0,5,Store_E,2,Clothing,Kids,50.45,0,0,50.45,393,57.11,77.84,2.86,3.05,6.81,74.39,569.11,1401,428,297,97.13
2019-01-19,2019,1,19,5,19,3,1,1,0,5,Store_E,5,Sports,Footwear,84.85,0,0,84.85,412,76.49,64.72,10.94,2.69,5.96,62.29,498.98,1271,537,457,71.42
2023-01-04,2023,1,4,2,4,1,1,0,0,4,Store_D,5,Sports,Apparel,75.13,0,0,75.13,344,83.4,57.4,4.06,3.15,6.89,66.01,473.23,1131,436,355,53.54
2021-04-19,2021,4,19,0,109,16,2,0,0,4,Store_D,4,Food,Packaged,19.66,30,1,13.76,255,11.89,88.43,20.45,2.82,6.95,72.04,766.2,1752,591,261,138.49
2017-02-19,2017,2,19,6,50,7,1,1,0,4,Store_D,4,Food,Beverages,21.87,0,0,21.87,165,24.9,70.25,9.1,1.73,6.01,72.06,496.25,1614,545,494,125.08
2013-10-17,2013,10,17,3,290,42,4,0,0,5,Store_E,2,Clothing,Men,48.41,0,0,48.41,232,50.15,44.73,1.99,2.68,7.1,51.16,447.97,971,436,265,49.19
2020-07-02,2020,7,2,3,184,27,3,0,0,1,Store_A,3,Home_Goods,Bedding,144.77,0,0,144.77,423,148.25,62.69,6.61,1.86,6.6,66.52,569.56,1308,537,318,49.01
2013-10-31,2013,10,31,3,304,44,4,0,0,5,Store_E,2,Clothing,Accessories,52.75,10,1,47.48,185,53.91,45.56,10.91,2.57,6.9,56.5,630.11,1180,597,370,48.75
2013-04-10,2013,4,10,2,100,15,2,0,0,5,Store_E,5,Sports,Footwear,84.56,0,0,84.56,239,85.43,80.21,8.49,2.7,7.01,72.43,575.72,1359,559,256,71.14
2013-11-09,2013,11,9,5,313,45,4,1,0,2,Store_B,2,Clothing,Accessories,52.72,0,0,52.72,61,53.92,50.18,0.62,3.36,6.59,53.72,514.51,1141,574,430,56.67
2020-06-21,2020,6,21,6,173,25,2,1,0,3,Store_C,2,Clothing,Women,46.03,0,0,46.03,454,49.85,56.49,2.55,2.65,6.43,61.61,422.58,1200,489,355,88.9
2014-12-04,2014,12,4,3,338,49,4,0,0,2,Store_B,1,Electronics,Phones,469.96,0,0,469.96,308,423.85,53.24,0.41,2.75,7.25,58.59,468.79,1231,492,302,29.44
2014-01-15,2014,1,15,2,15,3,1,0,0,2,Store_B,3,Home_Goods,Bedding,141.17,0,0,141.17,185,125.59,55.89,8.41,2.87,6.86,67.16,458.02,1143,547,268,35.1
2023-08-06,2023,8,6,6,218,31,3,1,0,2,Store_B,3,Home_Goods,Decor,155.22,0,0,155.22,372,161.83,52.76,10.59,3.32,6.79,61.14,452.4,1136,424,509,59.15
2010-02-05,2010,2,5,4,36,5,1,0,0,1,Store_A,5,Sports,Apparel,73.39,0,0,73.39,83,74.66,79.01,2.38,3.1,6.14,69.94,521.51,1375,418,324,43.61
2019-09-12,2019,9,12,3,255,37,3,0,0,3,Store_C,1,Electronics,Laptops,481.4,0,0,481.4,298,480.91,46.12,7.98,2.37,6.11,59.36,573.13,972,489,217,30.09
2016-06-03,2016,6,3,4,155,22,2,0,0,1,Store_A,4,Food,Packaged,20.69,0,0,20.69,489,22.23,75.48,8.07,1.98,6.59,66.77,572.55,1321,488,267,105.1
2022-10-23,2022,10,23,6,296,42,4,1,0,1,Store_A,3,Home_Goods,Kitchen,154.63,0,0,154.63,349,174.79,40.92,3.74,3.09,6.78,58.45,552.58,1091,578,540,42.17
2016-06-17,2016,6,17,4,169,24,2,0,0,2,Store_B,2,Clothing,Women,52.96,0,0,52.96,431,58.52,61.73,2.24,1.96,6.35,73.1,503.23,1353,504,209,83.53
2016-01-16,2016,1,16,5,16,2,1,1,0,4,Store_D,3,Home_Goods,Bedding,142.81,0,0,142.81,328,130.5,70.63,0.52,2.66,6.38,73.6,541.43,1247,514,401,53.5
2020-04-25,2020,4,25,5,116,17,2,1,0,5,Store_E,5,Sports,Apparel,72.28,0,0,72.28,289,75.05,74.78,3.81,2.63,6.58,74.98,494.8,1403,564,489,61.65
2013-07-10,2013,7,10,2,191,28,3,0,0,5,Store_E,2,Clothing,Kids,52.34,0,0,52.34,103,54.23,55.16,1.18,2.52,6.85,66.75,445.0,1202,487,208,56.0
2010-12-16,2010,12,16,3,350,50,4,0,0,4,Store_D,1,Electronics,Tablets,476.8,0,0,476.8,451,527.15,48.33,14.65,2.26,5.82,64.6,489.82,1216,570,362,39.27
2015-11-08,2015,11,8,6,312,45,4,1,0,1,Store_A,2,Clothing,Kids,50.93,0,0,50.93,131,56.25,40.69,5.17,2.61,6.94,54.23,428.54,1179,400,429,42.04
2017-05-15,2017,5,15,0,135,20,2,0,0,2,Store_B,4,Food,Packaged,19.2,0,0,19.2,417,18.67,75.5,0.82,1.91,6.12,74.5,416.4,1404,481,342,107.61
2022-06-27,2022,6,27,0,178,26,2,0,0,4,Store_D,1,Electronics,Accessories,539.34,15,1,458.44,209,462.81,62.44,5.97,3.32,7.08,64.48,730.68,1394,532,272,84.33
2020-11-11,2020,11,11,2,316,46,4,0,0,5,Store_E,2,Clothing,Accessories,54.06,0,0,54.06,309,46.48,45.47,6.0,2.67,6.31,60.62,561.29,1116,525,324,68.64
2014-08-09,2014,8,9,5,221,32,3,1,0,1,Store_A,4,Food,Beverages,18.02,0,0,18.02,249,18.71,57.89,11.2,2.95,6.88,58.67,552.7,1231,462,424,74.89
2023-03-28,2023,3,28,1,87,13,1,0,0,4,Store_D,5,Sports,Accessories,87.19,20,1,69.76,318,74.42,86.04,14.99,3.26,6.89,72.01,677.13,1376,551,388,100.74
2013-12-14,2013,12,14,5,348,50,4,1,0,5,Store_E,4,Food,Beverages,18.66,0,0,18.66,181,15.96,61.39,1.37,3.33,7.02,69.22,452.14,1256,496,545,85.54
2018-11-18,2018,11,18,6,322,46,4,1,0,1,Store_A,5,Sports,Apparel,78.07,0,0,78.07,302,70.75,51.26,0.99,2.46,6.38,56.63,580.32,1212,567,438,47.75
2014-07-30,2014,7,30,2,211,31,3,0,0,2,Store_B,2,Clothing,Accessories,52.97,0,0,52.97,119,54.44,48.66,7.27,2.86,7.2,58.47,501.83,1297,435,378,58.97
2020-07-03,2020,7,3,4,185,27,3,0,0,3,Store_C,3,Home_Goods,Decor,148.74,0,0,148.74,215,170.83,53.66,3.46,2.69,6.39,66.42,545.88,1167,523,376,42.94
2013-03-25,2013,3,25,0,84,13,1,0,0,2,Store_B,1,Electronics,Phones,476.61,0,0,476.61,340,432.44,88.79,4.63,2.5,6.94,74.25,583.02,1367,399,350,66.68
2017-08-30,2017,8,30,2,242,35,3,0,0,4,Store_D,2,Clothing,Accessories,51.42,0,0,51.42,169,53.27,40.5,1.89,2.24,6.46,59.75,405.3,1061,509,241,41.84
2014-08-20,2014,8,20,2,232,34,3,0,0,4,Store_D,1,Electronics,Tablets,507.57,0,0,507.57,430,434.67,44.52,3.12,2.81,7.34,59.44,482.16,1028,519,351,36.9
2020-10-31,2020,10,31,5,305,44,4,1,0,5,Store_E,1,Electronics,Accessories,543.21,0,0,543.21,226,535.34,44.55,6.82,2.73,6.48,53.75,567.73,1101,500,427,47.72
2011-01-08,2011,1,8,5,8,1,1,1,0,5,Store_E,3,Home_Goods,Bedding,136.13,0,0,136.13,285,117.85,66.19,9.54,2.61,5.63,64.8,595.57,1265,468,407,40.99
2019-11-20,2019,11,20,2,324,47,4,0,0,5,Store_E,1,Electronics,Phones,487.67,0,0,487.67,109,452.62,49.92,4.44,1.78,6.38,64.57,420.04,1102,497,312,32.2
2015-04-01,2015,4,1,2,91,14,2,0,0,5,Store_E,2,Clothing,Women,52.4,0,0,52.4,145,49.39,79.2,7.86,2.51,6.85,77.82,541.53,1280,481,303,66.85
2013-09-19,2013,9,19,3,262,38,3,0,0,5,Store_E,4,Food,Packaged,19.03,0,0,19.03,70,19.95,36.03,0.49,2.68,6.89,61.12,441.29,1082,493,356,76.08
2014-12-31,2014,12,31,2,365,1,4,0,0,4,Store_D,2,Clothing,Women,54.07,0,0,54.07,293,57.57,63.64,1.94,3.03,7.15,67.07,506.68,1412,511,273,71.35
2012-02-26,2012,2,26,6,57,8,1,1,0,4,Store_D,4,Food,Fresh,21.17,0,0,21.17,478,19.17,74.07,10.3,3.4,6.42,73.38,543.34,1458,486,426,108.36
2011-04-15,2011,4,15,4,105,15,2,0,0,5,Store_E,3,Home_Goods,Bedding,159.19,0,0,159.19,325,153.74,79.2,0.42,2.86,6.18,72.28,519.87,1294,404,301,42.2
2010-05-21,2010,5,21,4,141,20,2,0,0,4,Store_D,4,Food,Snacks,21.63,0,0,21.63,132,24.29,75.06,0.47,2.47,5.99,77.5,477.53,1512,546,348,101.35
2012-02-28,2012,2,28,1,59,9,1,0,0,1,Store_A,1,Electronics,Laptops,475.51,0,0,475.51,349,412.18,74.05,4.0,2.94,6.57,67.77,426.86,1328,446,259,54.26
2010-11-20,2010,11,20,5,324,46,4,1,0,1,Store_A,1,Electronics,Tablets,514.83,0,0,514.83,62,470.5,43.27,5.15,2.56,6.09,62.92,453.25,1158,508,483,22.55
2010-02-20,2010,2,20,5,51,7,1,1,0,1,Store_A,2,Clothing,Men,49.03,0,0,49.03,327,53.95,75.48,0.94,2.6,5.67,74.35,510.84,1512,523,462,85.54
2011-12-16,2011,12,16,4,350,50,4,0,0,3,Store_C,2,Clothing,Women,48.24,0,0,48.24,418,46.49,52.44,4.22,3.06,6.42,65.82,576.51,1159,456,256,60.71
2023-05-22,2023,5,22,0,142,21,2,0,0,2,Store_B,1,Electronics,Accessories,528.14,0,0,528.14,185,580.68,65.09,3.71,3.19,7.01,73.11,461.63,1464,473,324,75.46
2017-10-11,2017,10,11,2,284,41,4,0,0,1,Store_A,1,Electronics,Phones,485.88,0,0,485.88,55,486.17,47.27,2.49,1.75,5.89,61.64,505.75,1024,560,319,16.23
2016-09-12,2016,9,12,0,256,37,3,0,0,1,Store_A,2,Clothing,Kids,54.44,0,0,54.44,446,53.87,31.31,19.96,1.86,6.36,50.39,551.76,1140,493,347,57.19
2023-03-07,2023,3,7,1,66,10,1,0,0,2,Store_B,3,Home_Goods,Kitchen,135.84,10,1,122.25,210,125.07,74.83,0.55,2.79,7.04,74.89,857.98,1692,606,285,84.72
2022-02-06,2022,2,6,6,37,5,1,1,0,1,Store_A,5,Sports,Equipment,78.46,0,0,78.46,417,70.22,74.46,1.93,2.63,7.24,69.95,514.22,1296,382,447,94.78
2022-08-02,2022,8,2,1,214,31,3,0,0,4,Store_D,4,Food,Snacks,19.88,0,0,19.88,335,17.95,57.2,6.27,2.96,6.71,59.74,447.85,1138,501,261,107.85
2018-04-04,2018,4,4,2,94,14,2,0,0,2,Store_B,4,Food,Fresh,21.57,0,0,21.57,197,22.12,78.3,11.2,2.08,5.59,75.49,501.27,1392,579,268,112.05
2017-04-20,2017,4,20,3,110,16,2,0,0,5,Store_E,5,Sports,Accessories,75.89,0,0,75.89,295,66.62,78.81,7.75,2.67,6.01,75.5,470.14,1340,561,326,68.66
2011-02-11,2011,2,11,4,42,6,1,0,0,4,Store_D,2,Clothing,Men,46.67,15,1,39.67,245,43.59,74.52,2.63,2.83,6.06,77.78,789.18,1392,589,462,89.15
2020-03-13,2020,3,13,4,73,11,1,0,0,3,Store_C,2,Clothing,Men,49.59,0,0,49.59,288,45.31,81.95,0.49,2.15,6.68,72.95,420.75,1603,480,278,80.92
2012-10-01,2012,10,1,0,275,40,4,0,0,3,Store_C,2,Clothing,Men,48.6,0,0,48.6,397,51.54,39.39,2.1,2.83,6.76,54.54,539.94,1091,479,282,45.47
2020-05-15,2020,5,15,4,136,20,2,0,0,5,Store_E,2,Clothing,Women,53.3,0,0,53.3,122,58.38,79.28,6.98,2.62,6.72,67.32,588.27,1484,481,271,89.09
2012-06-09,2012,6,9,5,161,23,2,1,0,3,Store_C,5,Sports,Footwear,83.28,0,0,83.28,466,80.86,71.96,16.54,3.32,6.55,64.25,520.35,1118,516,371,65.1
2016-08-08,2016,8,8,0,221,32,3,0,0,2,Store_B,3,Home_Goods,Furniture,136.2,0,0,136.2,363,142.13,39.58,7.29,2.24,6.43,57.42,535.21,1204,448,303,22.99
2016-12-20,2016,12,20,1,355,51,4,0,0,3,Store_C,5,Sports,Accessories,80.62,0,0,80.62,321,87.5,54.49,0.97,2.0,6.51,61.3,449.96,1194,439,363,53.32
2023-03-27,2023,3,27,0,86,13,1,0,0,3,Store_C,5,Sports,Footwear,80.37,0,0,80.37,194,69.07,79.51,3.88,3.03,6.91,81.5,442.7,1264,526,301,68.22
2016-07-18,2016,7,18,0,200,29,3,0,0,2,Store_B,3,Home_Goods,Furniture,156.46,0,0,156.46,87,136.43,51.85,4.36,2.51,6.77,56.98,548.84,1237,397,332,41.06
2020-10-15,2020,10,15,3,289,42,4,0,0,2,Store_B,4,Food,Fresh,19.45,0,0,19.45,264,21.39,44.34,1.35,2.18,6.43,58.07,456.7,1076,425,285,96.59
2010-02-12,2010,2,12,4,43,6,1,0,0,4,Store_D,4,Food,Fresh,20.88,0,0,20.88,292,21.29,77.08,8.77,2.97,5.98,72.72,445.47,1189,469,338,96.74
2017-10-01,2017,10,1,6,274,39,4,1,0,2,Store_B,2,Clothing,Women,54.1,0,0,54.1,356,52.96,50.79,1.47,2.38,6.49,50.92,441.25,1218,595,371,61.34
2020-11-09,2020,11,9,0,314,46,4,0,0,4,Store_D,1,Electronics,Tablets,463.39,5,1,440.22,232,421.65,42.06,2.66,2.23,6.26,62.58,869.11,1159,581,288,37.77
2010-10-31,2010,10,31,6,304,43,4,1,0,2,Store_B,2,Clothing,Women,49.21,0,0,49.21,444,47.03,52.3,2.03,2.32,6.14,52.28,405.0,1040,590,531,63.7
2022-05-11,2022,5,11,2,131,19,2,0,0,5,Store_E,5,Sports,Equipment,73.61,0,0,73.61,406,63.41,60.95,6.95,2.94,7.17,72.27,598.53,1480,516,324,92.39
2020-04-05,2020,4,5,6,96,14,2,1,0,5,Store_E,2,Clothing,Women,52.67,0,0,52.67,465,55.69,84.26,1.78,2.11,6.26,72.04,411.57,1534,521,499,99.77
2011-10-27,2011,10,27,3,300,43,4,0,0,2,Store_B,2,Clothing,Men,50.01,0,0,50.01,265,49.28,43.81,3.89,3.02,6.03,57.15,476.37,1213,528,398,60.64
2013-03-23,2013,3,23,5,82,12,1,1,0,5,Store_E,2,Clothing,Accessories,47.75,0,0,47.75,129,40.59,80.18,4.84,3.2,7.0,80.62,571.35,1562,510,389,85.72
2017-04-30,2017,4,30,6,120,17,2,1,0,5,Store_E,2,Clothing,Kids,54.31,5,1,51.59,452,49.25,72.56,1.81,2.28,6.23,69.22,667.83,1605,658,430,100.71
2015-05-02,2015,5,2,5,122,18,2,1,0,4,Store_D,1,Electronics,Tablets,532.72,0,0,532.72,218,586.11,74.21,1.02,2.69,6.93,78.88,511.44,1488,521,466,54.03
2016-11-06,2016,11,6,6,311,44,4,1,0,3,Store_C,5,Sports,Apparel,76.25,0,0,76.25,253,78.48,35.32,2.7,2.69,6.41,54.28,502.41,1022,508,388,37.7
2014-01-13,2014,1,13,0,13,3,1,0,0,1,Store_A,2,Clothing,Kids,48.35,0,0,48.35,106,52.78,67.24,20.56,3.22,6.82,65.72,547.45,1332,528,270,65.85
2019-07-16,2019,7,16,1,197,29,3,0,0,4,Store_D,4,Food,Packaged,18.94,0,0,18.94,317,19.74,55.78,2.46,2.19,6.46,58.14,513.79,1178,408,360,92.24
2019-08-22,2019,8,22,3,234,34,3,0,0,4,Store_D,5,Sports,Apparel,78.74,0,0,78.74,353,72.21,42.84,0.66,1.95,6.41,60.01,431.92,1036,503,214,40.96
2015-11-03,2015,11,3,1,307,45,4,0,0,4,Store_D,3,Home_Goods,Decor,142.04,0,0,142.04,406,139.88,40.03,17.31,2.83,6.98,57.61,559.1,935,496,300,26.31
2012-10-23,2012,10,23,1,297,43,4,0,0,1,Store_A,2,Clothing,Women,52.19,0,0,52.19,117,51.34,45.0,2.38,2.59,6.21,58.65,523.58,1137,593,289,38.95
2012-08-19,2012,8,19,6,232,33,3,1,0,4,Store_D,2,Clothing,Kids,45.57,0,0,45.57,399,50.79,43.66,2.53,2.78,6.47,58.56,448.36,1006,587,492,58.68
2017-11-29,2017,11,29,2,333,48,4,0,0,3,Store_C,4,Food,Snacks,18.07,0,0,18.07,167,15.6,41.84,3.86,1.42,6.25,59.7,415.71,1310,420,288,82.08
2018-08-01,2018,8,1,2,213,31,3,0,0,4,Store_D,1,Electronics,Tablets,455.12,0,0,455.12,350,477.57,57.72,0.85,2.39,6.18,66.8,490.51,1091,566,329,27.27
2015-07-03,2015,7,3,4,184,27,3,0,0,2,Store_B,3,Home_Goods,Kitchen,145.37,5,1,138.1,145,148.89,57.71,6.43,2.3,6.97,63.43,693.59,1256,589,277,36.66
2015-11-20,2015,11,20,4,324,47,4,0,0,4,Store_D,3,Home_Goods,Furniture,140.42,0,0,140.42,211,145.2,47.24,12.78,3.1,6.66,58.81,586.62,1087,494,284,19.21
2019-02-06,2019,2,6,2,37,6,1,0,0,4,Store_D,5,Sports,Footwear,72.23,0,0,72.23,205,64.5,75.71,1.53,3.0,6.09,68.27,493.03,1176,489,308,59.88
2016-05-27,2016,5,27,4,148,21,2,0,0,2,Store_B,2,Clothing,Accessories,47.54,0,0,47.54,263,47.84,73.31,0.43,1.99,6.25,68.32,552.06,1358,467,262,69.04
2020-08-24,2020,8,24,0,237,35,3,0,0,2,Store_B,4,Food,Packaged,20.47,0,0,20.47,440,21.77,39.93,1.25,2.62,6.49,59.59,483.59,1041,535,288,104.51
2010-11-01,2010,11,1,0,305,44,4,0,0,2,Store_B,2,Clothing,Men,52.27,0,0,52.27,414,47.32,43.44,9.17,2.31,6.25,57.28,465.35,1170,414,337,54.1
2013-12-11,2013,12,11,2,345,50,4,0,0,4,Store_D,5,Sports,Footwear,84.9,10,1,76.41,343,69.38,60.51,0.67,2.35,6.53,63.69,668.86,1228,553,284,60.5
2014-02-05,2014,2,5,2,36,6,1,0,0,2,Store_B,5,Sports,Accessories,87.19,0,0,87.19,407,77.07,69.72,5.3,2.67,7.05,69.85,411.65,1305,452,306,60.55
2017-04-06,2017,4,6,3,96,14,2,0,0,5,Store_E,4,Food,Beverages,20.36,0,0,20.36,75,19.15,77.19,1.15,2.15,6.06,70.21,404.07,1368,479,232,111.81
2017-11-15,2017,11,15,2,319,46,4,0,0,5,Store_E,4,Food,Snacks,19.52,0,0,19.52,246,19.86,55.24,2.43,2.24,6.13,49.79,551.81,1129,482,258,87.51
2012-07-05,2012,7,5,3,187,27,3,0,0,1,Store_A,4,Food,Packaged,20.29,0,0,20.29,410,20.24,67.7,0.11,2.43,6.51,64.91,407.04,1046,600,301,87.69
2021-06-14,2021,6,14,0,165,24,2,0,0,5,Store_E,5,Sports,Apparel,85.0,0,0,85.0,495,90.23,67.42,2.36,2.72,7.11,65.1,544.49,1187,556,271,71.96
2020-03-10,2020,3,10,1,70,11,1,0,0,1,Store_A,5,Sports,Accessories,80.26,0,0,80.26,227,85.04,80.38,2.93,2.95,6.48,74.86,532.6,1476,485,254,82.69
2017-08-04,2017,8,4,4,216,31,3,0,0,3,Store_C,4,Food,Snacks,19.29,0,0,19.29,391,21.96,54.04,1.81,1.96,6.05,60.37,587.83,1189,555,385,98.41
2014-06-13,2014,6,13,4,164,24,2,0,0,2,Store_B,2,Clothing,Accessories,50.7,0,0,50.7,279,47.58,74.68,0.11,2.38,6.87,64.86,404.37,1477,538,312,53.85
2020-07-04,2020,7,4,5,186,27,3,1,1,4,Store_D,3,Home_Goods,Bedding,135.08,25,1,101.31,153,115.52,61.68,6.87,2.07,6.62,66.31,771.7,1418,552,603,108.76
2012-04-01,2012,4,1,6,92,13,2,1,0,5,Store_E,1,Electronics,Accessories,457.61,0,0,457.61,275,448.59,73.83,3.91,2.6,6.53,70.89,455.79,1528,455,445,60.52
2020-11-08,2020,11,8,6,313,45,4,1,0,5,Store_E,3,Home_Goods,Kitchen,148.73,0,0,148.73,460,170.24,53.59,5.44,2.62,6.6,55.96,424.41,1022,483,441,47.96
2013-09-16,2013,9,16,0,259,38,3,0,0,5,Store_E,3,Home_Goods,Kitchen,144.23,0,0,144.23,495,136.73,34.48,5.87,2.85,6.61,51.76,453.87,1185,486,321,27.41
2022-04-25,2022,4,25,0,115,17,2,0,0,5,Store_E,2,Clothing,Women,46.7,0,0,46.7,368,53.64,76.19,0.79,2.63,6.9,66.27,548.67,1524,423,294,80.14
2012-04-30,2012,4,30,0,121,18,2,0,0,3,Store_C,1,Electronics,Phones,498.32,0,0,498.32,228,509.75,76.47,2.28,3.12,6.52,72.09,544.38,1392,521,236,49.84
2012-09-27,2012,9,27,3,271,39,3,0,0,4,Store_D,5,Sports,Accessories,79.03,0,0,79.03,298,71.01,42.18,0.83,3.12,6.34,54.21,569.72,1020,406,240,20.41
2019-04-01,2019,4,1,0,91,14,2,0,0,3,Store_C,5,Sports,Footwear,83.9,0,0,83.9,451,89.87,80.1,1.0,2.14,5.9,76.37,500.38,1347,473,262,77.24
2010-01-19,2010,1,19,1,19,3,1,0,0,5,Store_E,3,Home_Goods,Bedding,151.98,0,0,151.98,135,129.84,65.24,0.51,3.06,5.35,65.14,434.64,1082,434,377,42.6
2014-06-26,2014,6,26,3,177,26,2,0,0,3,Store_C,1,Electronics,Laptops,466.28,10,1,419.65,383,445.52,51.79,1.04,2.89,7.42,65.28,773.67,1553,483,316,55.55
2014-07-26,2014,7,26,5,207,30,3,1,0,4,Store_D,4,Food,Fresh,19.76,0,0,19.76,66,18.84,45.15,7.37,2.57,7.02,56.23,422.14,1058,490,497,80.31
2011-05-09,2011,5,9,0,129,19,2,0,0,4,Store_D,2,Clothing,Women,53.18,0,0,53.18,380,55.67,72.65,1.37,2.48,5.96,73.38,586.66,1340,466,210,71.56
2013-09-09,2013,9,9,0,252,37,3,0,0,1,Store_A,2,Clothing,Accessories,47.74,0,0,47.74,197,47.12,41.35,11.69,2.54,7.06,56.71,433.24,1051,542,304,40.37
2020-03-16,2020,3,16,0,76,12,1,0,0,3,Store_C,1,Electronics,Phones,535.44,0,0,535.44,237,475.09,84.74,10.38,2.52,6.41,80.12,446.23,1266,493,279,78.83
2023-03-19,2023,3,19,6,78,11,1,1,0,4,Store_D,2,Clothing,Women,48.11,0,0,48.11,374,47.22,80.84,7.4,2.9,6.86,77.34,534.4,1516,573,465,122.18
2019-11-24,2019,11,24,6,328,47,4,1,1,2,Store_B,3,Home_Goods,Bedding,150.78,10,1,135.71,165,119.58,49.92,2.18,2.18,6.41,58.45,875.58,1162,600,586,91.92
2019-07-14,2019,7,14,6,195,28,3,1,0,3,Store_C,2,Clothing,Kids,50.16,0,0,50.16,96,46.52,59.88,1.2,2.27,6.42,67.84,531.9,1117,525,403,62.97
2011-11-19,2011,11,19,5,323,46,4,1,0,3,Store_C,3,Home_Goods,Kitchen,146.24,0,0,146.24,146,126.85,45.36,8.49,2.83,6.04,60.36,464.73,1350,475,484,15.36
2020-03-20,2020,3,20,4,80,12,1,0,0,3,Store_C,4,Food,Beverages,20.29,0,0,20.29,354,19.89,85.4,7.2,2.3,6.55,77.49,588.44,1492,646,329,115.75
2014-05-28,2014,5,28,2,148,22,2,0,0,1,Store_A,3,Home_Goods,Furniture,149.69,0,0,149.69,239,139.61,61.17,7.82,2.89,7.06,72.06,435.12,1368,489,333,43.68
2021-03-08,2021,3,8,0,67,10,1,0,0,3,Store_C,4,Food,Beverages,21.5,0,0,21.5,379,19.81,86.55,5.84,3.04,6.99,75.78,455.23,1356,514,307,139.1
2019-04-26,2019,4,26,4,116,17,2,0,0,2,Store_B,5,Sports,Equipment,73.13,0,0,73.13,96,67.53,77.65,0.53,2.4,6.14,76.47,584.1,1383,531,176,78.13
2012-10-06,2012,10,6,5,280,40,4,1,0,4,Store_D,5,Sports,Apparel,73.84,0,0,73.84,298,64.54,37.09,1.62,2.75,6.4,55.54,416.16,1035,488,519,43.34
2016-08-05,2016,8,5,4,218,31,3,0,0,2,Store_B,2,Clothing,Women,53.39,5,1,50.72,327,48.33,48.95,0.37,2.38,6.57,64.81,771.78,1217,702,346,56.22
2012-12-28,2012,12,28,4,363,52,4,0,0,3,Store_C,3,Home_Goods,Decor,143.49,0,0,143.49,311,147.77,55.46,10.36,2.71,6.55,61.9,480.25,1212,432,293,35.14
2013-08-20,2013,8,20,1,232,34,3,0,0,3,Store_C,1,Electronics,Tablets,501.31,0,0,501.31,198,462.92,44.75,0.35,2.84,6.55,62.13,502.4,1025,535,382,23.77
2014-08-05,2014,8,5,1,217,32,3,0,0,4,Store_D,2,Clothing,Kids,48.47,0,0,48.47,181,44.46,44.68,2.18,2.92,7.09,58.86,485.6,1217,580,281,50.17
2015-06-23,2015,6,23,1,174,26,2,0,0,4,Store_D,3,Home_Goods,Decor,138.8,0,0,138.8,169,131.99,69.22,5.07,2.49,6.61,65.99,587.85,1252,485,199,51.59
2013-08-03,2013,8,3,5,215,31,3,1,0,3,Store_C,4,Food,Packaged,18.29,0,0,18.29,185,19.95,49.06,1.44,3.08,6.69,62.78,561.28,1318,508,453,76.72
2018-12-03,2018,12,3,0,337,49,4,0,0,1,Store_A,4,Food,Packaged,20.28,0,0,20.28,265,21.54,59.34,0.78,1.62,5.72,58.23,529.11,1212,437,387,89.87
2015-06-11,2015,6,11,3,162,24,2,0,0,2,Store_B,1,Electronics,Accessories,505.64,5,1,480.35,140,432.18,63.58,0.55,2.37,6.84,68.07,681.49,1549,634,362,66.55
2019-12-28,2019,12,28,5,362,52,4,1,0,5,Store_E,5,Sports,Accessories,78.13,0,0,78.13,181,69.64,59.17,3.16,1.96,6.1,63.17,483.79,1287,543,437,69.01
2010-12-11,2010,12,11,5,345,49,4,1,0,3,Store_C,1,Electronics,Phones,521.81,0,0,521.81,278,595.05,54.41,3.78,2.77,6.44,59.56,511.45,1100,548,407,40.45
2022-04-10,2022,4,10,6,100,14,2,1,0,4,Store_D,3,Home_Goods,Furniture,161.09,0,0,161.09,431,139.17,73.92,12.06,2.69,7.03,75.82,456.56,1279,499,461,70.84
2012-09-13,2012,9,13,3,257,37,3,0,0,1,Store_A,1,Electronics,Accessories,513.57,5,1,487.9,436,559.48,42.42,5.43,3.33,6.4,55.92,665.4,1145,627,367,30.32
2022-06-11,2022,6,11,5,162,23,2,1,0,1,Store_A,2,Clothing,Accessories,48.2,5,1,45.79,427,43.35,65.15,2.95,3.25,7.22,69.03,694.45,1283,629,493,98.15
2020-06-04,2020,6,4,3,156,23,2,0,0,1,Store_A,1,Electronics,Phones,540.24,0,0,540.24,224,473.12,76.51,20.27,1.84,6.76,66.0,564.52,1424,489,307,59.44
2022-05-21,2022,5,21,5,141,20,2,1,0,4,Store_D,1,Electronics,Tablets,491.13,0,0,491.13,374,546.9,66.49,5.93,2.62,7.35,76.25,523.87,1713,542,448,74.53
2020-12-16,2020,12,16,2,351,51,4,0,0,2,Store_B,5,Sports,Equipment,85.89,0,0,85.89,208,87.89,54.35,17.51,2.28,6.4,59.48,564.0,1271,529,406,50.75
2018-06-19,2018,6,19,1,170,25,2,0,0,2,Store_B,3,Home_Goods,Kitchen,141.12,10,1,127.01,140,122.45,59.98,7.35,2.04,6.02,66.17,730.0,1417,532,278,68.39
2020-11-05,2020,11,5,3,310,45,4,0,0,5,Store_E,2,Clothing,Women,46.92,0,0,46.92,110,50.79,48.71,8.83,2.76,6.6,58.59,413.19,1026,502,301,58.86
2013-02-16,2013,2,16,5,47,7,1,1,0,4,Store_D,5,Sports,Accessories,80.32,0,0,80.32,452,78.26,64.64,3.5,2.53,6.95,73.63,559.66,1430,496,502,71.45
2016-06-16,2016,6,16,3,168,24,2,0,0,5,Store_E,4,Food,Snacks,18.85,0,0,18.85,457,21.12,59.47,0.18,2.35,6.67,72.22,522.26,1549,481,291,86.34
2013-04-13,2013,4,13,5,103,15,2,1,0,3,Store_C,2,Clothing,Men,54.75,0,0,54.75,358,59.05,72.11,8.28,2.38,6.64,71.1,414.1,1502,450,415,87.7
2010-03-27,2010,3,27,5,86,12,1,1,0,5,Store_E,1,Electronics,Accessories,469.19,0,0,469.19,428,447.17,74.81,8.91,3.12,5.9,75.58,528.03,1526,422,395,69.58
2014-02-27,2014,2,27,3,58,9,1,0,0,5,Store_E,2,Clothing,Kids,46.14,0,0,46.14,74,42.22,76.22,0.48,2.13,7.02,74.33,420.51,1325,548,222,75.02
2011-06-01,2011,6,1,2,152,22,2,0,0,3,Store_C,2,Clothing,Women,47.74,0,0,47.74,346,40.78,68.73,0.35,2.45,5.55,72.16,553.43,1310,598,336,59.41
2013-10-13,2013,10,13,6,286,41,4,1,0,4,Store_D,1,Electronics,Tablets,469.65,0,0,469.65,417,405.77,40.85,0.19,2.68,6.74,53.25,531.07,829,409,437,50.16
2017-06-09,2017,6,9,4,160,23,2,0,0,2,Store_B,1,Electronics,Tablets,522.3,0,0,522.3,138,558.08,72.26,3.12,2.04,6.45,69.07,566.65,1272,517,329,37.94
2018-06-12,2018,6,12,1,163,24,2,0,0,1,Store_A,5,Sports,Apparel,81.64,0,0,81.64,119,90.5,64.66,1.73,2.33,5.67,69.72,429.08,1279,531,246,56.2
2012-10-11,2012,10,11,3,285,41,4,0,0,2,Store_B,5,Sports,Apparel,73.61,0,0,73.61,71,69.33,39.49,3.91,2.01,6.71,51.47,529.02,972,509,190,20.31
2010-05-09,2010,5,9,6,129,18,2,1,0,4,Store_D,4,Food,Fresh,20.1,0,0,20.1,205,19.68,71.1,0.13,2.37,6.26,77.15,468.12,1378,464,505,95.44
2013-09-26,2013,9,26,3,269,39,3,0,0,1,Store_A,4,Food,Beverages,19.25,0,0,19.25,339,18.75,37.97,4.62,3.33,6.78,50.94,585.53,1182,507,360,64.85
2019-12-03,2019,12,3,1,337,49,4,0,0,4,Store_D,3,Home_Goods,Furniture,143.21,0,0,143.21,351,156.67,49.23,1.07,1.98,6.44,63.85,440.76,1312,429,263,42.54
2023-08-11,2023,8,11,4,223,32,3,0,0,3,Store_C,1,Electronics,Phones,525.48,0,0,525.48,126,501.35,45.08,27.06,3.19,7.2,55.64,598.9,1221,439,287,46.85
2012-06-10,2012,6,10,6,162,23,2,1,0,3,Store_C,2,Clothing,Accessories,47.14,0,0,47.14,203,49.59,71.0,1.48,2.76,6.42,65.58,519.55,1367,453,429,78.83
2017-08-25,2017,8,25,4,237,34,3,0,0,5,Store_E,4,Food,Fresh,21.94,0,0,21.94,305,22.05,42.22,0.34,2.15,6.29,55.33,517.44,925,489,350,72.36
2021-08-09,2021,8,9,0,221,32,3,0,0,1,Store_A,1,Electronics,Accessories,540.06,0,0,540.06,410,506.85,55.86,3.93,2.8,6.97,62.24,583.83,1049,565,315,45.71
2013-09-21,2013,9,21,5,264,38,3,1,0,3,Store_C,3,Home_Goods,Furniture,163.1,0,0,163.1,283,142.04,38.68,3.21,2.53,7.2,56.81,409.45,954,495,409,34.15
2010-11-04,2010,11,4,3,308,44,4,0,0,2,Store_B,3,Home_Goods,Bedding,150.02,0,0,150.02,65,161.44,45.64,4.27,2.42,6.21,55.31,498.68,916,485,289,14.08
2014-07-20,2014,7,20,6,201,29,3,1,0,4,Store_D,1,Electronics,Laptops,533.47,0,0,533.47,387,581.13,49.96,17.4,2.14,6.99,61.35,497.24,1086,456,421,55.22
2016-08-28,2016,8,28,6,241,34,3,1,0,5,Store_E,4,Food,Packaged,18.82,10,1,16.94,346,15.71,52.58,1.42,2.26,6.21,58.53,896.0,1345,675,465,97.03
2020-10-09,2020,10,9,4,283,41,4,0,0,3,Store_C,2,Clothing,Men,49.16,0,0,49.16,222,51.12,40.72,8.42,2.66,6.59,52.68,514.02,1102,429,333,59.98
2013-08-10,2013,8,10,5,222,32,3,1,0,1,Store_A,3,Home_Goods,Bedding,156.0,0,0,156.0,100,172.81,54.89,5.61,2.73,6.92,58.17,512.7,1027,477,537,30.6
2021-10-13,2021,10,13,2,286,41,4,0,0,4,Store_D,3,Home_Goods,Kitchen,154.24,0,0,154.24,138,142.25,41.56,6.72,2.88,6.55,54.54,556.44,1075,425,238,29.83
2016-10-10,2016,10,10,0,284,41,4,0,0,1,Store_A,2,Clothing,Kids,51.51,0,0,51.51,182,55.76,33.62,1.2,1.82,6.62,50.13,485.87,1098,473,298,33.13
2016-12-17,2016,12,17,5,352,50,4,1,0,5,Store_E,3,Home_Goods,Furniture,145.77,0,0,145.77,401,163.02,55.37,1.15,1.92,6.09,60.8,560.69,1270,442,474,30.21
2013-05-31,2013,5,31,4,151,22,2,0,0,4,Store_D,2,Clothing,Kids,51.38,0,0,51.38,196,45.28,71.59,8.56,2.63,6.73,71.34,445.66,1292,474,281,68.67
2013-04-23,2013,4,23,1,113,17,2,0,0,4,Store_D,5,Sports,Accessories,83.3,0,0,83.3,191,78.93,73.94,1.42,2.92,6.79,76.87,524.11,1560,533,271,50.95
2010-08-05,2010,8,5,3,217,31,3,0,0,2,Store_B,5,Sports,Accessories,76.74,0,0,76.74,334,68.67,44.78,2.63,2.1,5.92,59.88,406.93,1248,457,326,21.13
2021-10-02,2021,10,2,5,275,39,4,1,0,5,Store_E,4,Food,Fresh,21.87,0,0,21.87,243,24.15,42.88,2.06,2.2,6.66,59.19,493.27,984,581,400,110.96
2018-05-21,2018,5,21,0,141,21,2,0,0,3,Store_C,4,Food,Beverages,20.68,0,0,20.68,126,20.31,78.92,8.28,2.43,5.96,73.59,485.28,1332,525,252,94.47
2013-05-24,2013,5,24,4,144,21,2,0,0,1,Store_A,5,Sports,Apparel,81.49,0,0,81.49,80,84.31,78.2,0.45,2.41,6.63,65.81,567.05,1581,505,298,48.15
2016-04-08,2016,4,8,4,99,14,2,0,0,3,Store_C,1,Electronics,Laptops,475.52,0,0,475.52,80,473.97,81.73,12.06,1.83,6.38,77.06,499.62,1495,496,290,57.64
2017-07-03,2017,7,3,0,184,27,3,0,0,3,Store_C,5,Sports,Apparel,75.12,0,0,75.12,353,84.49,54.32,15.04,2.16,6.54,58.69,418.42,1220,431,282,60.98
2010-10-03,2010,10,3,6,276,39,4,1,0,4,Store_D,5,Sports,Footwear,72.72,0,0,72.72,262,67.29,38.89,4.79,2.25,5.92,57.73,530.76,1186,422,435,36.59
2011-05-05,2011,5,5,3,125,18,2,0,0,2,Store_B,5,Sports,Equipment,82.0,0,0,82.0,493,75.26,70.78,0.37,3.39,6.53,73.02,502.64,1379,534,359,44.38
2012-11-01,2012,11,1,3,306,44,4,0,0,5,Store_E,1,Electronics,Tablets,478.08,0,0,478.08,167,485.45,38.58,11.31,2.83,6.74,57.56,509.07,1018,442,315,21.95
2013-05-14,2013,5,14,1,134,20,2,0,0,5,Store_E,2,Clothing,Men,51.54,0,0,51.54,267,58.55,75.46,15.6,2.67,6.86,72.7,434.76,1414,468,358,88.48
2022-07-22,2022,7,22,4,203,29,3,0,0,4,Store_D,4,Food,Snacks,20.79,0,0,20.79,99,23.24,42.24,8.77,3.05,6.89,63.42,474.22,1161,586,298,95.89
2012-10-05,2012,10,5,4,279,40,4,0,0,3,Store_C,3,Home_Goods,Bedding,160.98,15,1,136.83,326,124.21,41.41,10.87,2.84,6.31,56.23,880.47,1237,611,369,40.84
2022-11-03,2022,11,3,3,307,44,4,0,0,4,Store_D,4,Food,Fresh,20.18,0,0,20.18,155,18.46,46.37,23.68,2.95,7.39,56.63,531.35,1021,468,348,90.28
2021-01-09,2021,1,9,5,9,1,1,1,0,2,Store_B,5,Sports,Apparel,82.29,0,0,82.29,196,90.64,62.18,3.05,2.8,6.86,65.47,526.55,1280,562,395,79.56
2018-09-18,2018,9,18,1,261,38,3,0,0,2,Store_B,1,Electronics,Tablets,541.03,0,0,541.03,317,470.57,38.28,14.91,1.79,5.52,52.94,554.51,1188,562,250,37.94
2016-12-07,2016,12,7,2,342,49,4,0,0,1,Store_A,2,Clothing,Accessories,48.99,0,0,48.99,327,47.73,64.45,3.24,2.45,6.53,59.22,427.42,1285,515,299,60.4
2021-06-01,2021,6,1,1,152,22,2,0,0,2,Store_B,2,Clothing,Accessories,45.12,0,0,45.12,56,49.35,69.03,7.36,2.63,6.61,71.12,529.54,1235,586,262,82.8
2012-11-24,2012,11,24,5,329,47,4,1,1,3,Store_C,5,Sports,Footwear,79.79,10,1,71.81,122,69.17,39.41,3.85,2.61,6.7,58.84,808.91,1318,628,653,84.51
2015-12-07,2015,12,7,0,341,50,4,0,0,3,Store_C,4,Food,Fresh,21.24,0,0,21.24,278,20.06,46.51,1.39,2.24,6.67,61.64,518.39,1103,446,311,88.89
2022-07-15,2022,7,15,4,196,28,3,0,0,5,Store_E,2,Clothing,Kids,53.58,0,0,53.58,496,55.61,47.1,6.83,2.63,6.92,62.78,583.82,1315,430,384,74.09
2010-10-09,2010,10,9,5,282,40,4,1,0,5,Store_E,3,Home_Goods,Furniture,161.09,0,0,161.09,468,163.14,33.77,4.5,2.76,5.78,55.0,448.51,1068,489,412,19.3
2019-10-06,2019,10,6,6,279,40,4,1,0,3,Store_C,3,Home_Goods,Bedding,157.65,0,0,157.65,307,167.09,31.29,3.95,2.03,6.2,54.09,550.14,862,536,461,47.31
2013-08-09,2013,8,9,4,221,32,3,0,0,3,Store_C,4,Food,Packaged,19.22,0,0,19.22,461,21.86,40.71,7.0,3.33,7.01,54.67,404.92,1127,506,337,77.73
2023-08-19,2023,8,19,5,231,33,3,1,0,3,Store_C,1,Electronics,Accessories,502.0,0,0,502.0,176,555.98,44.06,1.36,3.2,6.94,55.67,544.7,1123,460,490,59.71
2012-08-26,2012,8,26,6,239,34,3,1,0,3,Store_C,3,Home_Goods,Decor,150.23,0,0,150.23,346,146.09,41.17,3.3,3.0,6.5,60.18,510.46,1149,470,470,30.94
2018-07-24,2018,7,24,1,205,30,3,0,0,5,Store_E,5,Sports,Footwear,74.85,5,1,71.11,424,80.6,53.71,8.33,1.83,6.15,63.03,821.92,1429,593,293,66.07
2020-09-25,2020,9,25,4,269,39,3,0,0,2,Store_B,5,Sports,Equipment,75.81,0,0,75.81,306,86.36,39.13,4.46,2.71,6.25,56.72,547.75,1139,545,299,46.03
2018-09-02,2018,9,2,6,245,35,3,1,0,2,Store_B,1,Electronics,Accessories,549.54,0,0,549.54,369,468.56,50.16,14.95,2.12,5.83,55.9,525.31,1111,459,541,50.56
2019-08-21,2019,8,21,2,233,34,3,0,0,3,Store_C,5,Sports,Apparel,75.47,0,0,75.47,150,67.93,47.0,10.77,1.95,6.15,51.62,598.45,1081,427,284,42.52
2011-09-12,2011,9,12,0,255,37,3,0,0,4,Store_D,5,Sports,Accessories,73.84,0,0,73.84,64,75.12,35.05,2.58,2.88,5.93,50.47,552.22,1157,498,266,9.43
2019-03-01,2019,3,1,4,60,9,1,0,0,2,Store_B,3,Home_Goods,Bedding,161.09,0,0,161.09,498,177.95,80.62,16.04,2.38,6.09,76.04,572.81,1440,551,295,65.99
2014-10-09,2014,10,9,3,282,41,4,0,0,3,Store_C,3,Home_Goods,Bedding,137.23,0,0,137.23,155,140.45,46.29,6.58,2.63,7.05,51.19,406.49,1178,475,251,16.52
2013-10-22,2013,10,22,1,295,43,4,0,0,1,Store_A,4,Food,Packaged,19.67,0,0,19.67,200,19.24,38.11,0.16,2.43,6.88,58.56,420.97,862,536,220,68.74
2021-02-02,2021,2,2,1,33,5,1,0,0,1,Store_A,1,Electronics,Accessories,464.7,10,1,418.23,268,355.73,69.72,10.0,3.25,6.95,69.43,706.21,1512,573,249,69.25
2015-01-22,2015,1,22,3,22,4,1,0,0,5,Store_E,5,Sports,Accessories,72.49,0,0,72.49,147,82.72,62.64,2.56,2.17,7.13,67.22,428.28,1327,447,242,52.92
2014-04-29,2014,4,29,1,119,18,2,0,0,2,Store_B,1,Electronics,Tablets,530.6,5,1,504.07,170,436.49,81.26,3.69,2.97,6.99,76.53,653.43,1578,587,299,62.06
2014-07-14,2014,7,14,0,195,29,3,0,0,1,Store_A,2,Clothing,Kids,54.96,0,0,54.96,284,55.8,60.18,0.83,2.67,6.89,60.99,519.54,1271,472,286,53.56
2016-06-10,2016,6,10,4,162,23,2,0,0,2,Store_B,3,Home_Goods,Furniture,142.49,0,0,142.49,162,139.62,72.7,2.13,1.96,6.53,67.71,529.86,1537,508,316,48.21
2016-01-22,2016,1,22,4,22,3,1,0,0,4,Store_D,1,Electronics,Accessories,508.76,0,0,508.76,350,459.04,74.97,2.32,2.21,6.24,71.78,543.95,1468,557,250,57.2
2015-07-14,2015,7,14,1,195,29,3,0,0,1,Store_A,2,Clothing,Women,45.26,0,0,45.26,307,52.0,57.26,0.61,1.9,7.16,70.02,569.76,1169,440,257,56.17
2023-08-13,2023,8,13,6,225,32,3,1,0,4,Store_D,4,Food,Beverages,18.62,0,0,18.62,90,19.61,48.83,2.77,2.69,6.66,62.33,498.88,1061,477,499,100.25
2015-05-11,2015,5,11,0,131,20,2,0,0,1,Store_A,4,Food,Fresh,19.76,0,0,19.76,309,17.84,77.78,1.19,2.61,7.01,77.24,549.01,1492,556,308,106.09
2013-07-31,2013,7,31,2,212,31,3,0,0,5,Store_E,3,Home_Goods,Decor,162.95,0,0,162.95,437,171.27,53.48,0.99,2.96,7.01,65.53,434.55,1083,479,327,18.46
2015-06-27,2015,6,27,5,178,26,2,1,0,2,Store_B,1,Electronics,Phones,452.65,0,0,452.65,219,403.98,68.6,18.4,2.54,6.64,66.01,562.14,1316,504,342,59.55
2022-03-14,2022,3,14,0,73,11,1,0,0,5,Store_E,5,Sports,Footwear,80.26,0,0,80.26,236,75.57,74.19,6.49,3.03,7.04,77.6,432.58,1240,564,340,71.8
2011-07-30,2011,7,30,5,211,30,3,1,0,2,Store_B,1,Electronics,Accessories,534.77,0,0,534.77,374,517.51,43.51,11.26,2.47,6.65,60.04,436.16,949,515,487,43.79
2021-03-13,2021,3,13,5,72,10,1,1,0,1,Store_A,4,Food,Snacks,20.87,0,0,20.87,475,23.1,76.0,1.86,3.42,6.84,74.89,451.03,1413,573,425,126.05
2021-10-29,2021,10,29,4,302,43,4,0,0,4,Store_D,4,Food,Beverages,19.1,0,0,19.1,371,17.51,44.97,8.06,2.8,7.15,57.83,505.13,1113,467,260,91.45
2022-02-23,2022,2,23,2,54,8,1,0,0,4,Store_D,3,Home_Goods,Kitchen,144.11,0,0,144.11,476,145.17,72.83,3.45,3.01,6.99,72.15,593.27,1535,544,324,74.09
2014-09-03,2014,9,3,2,246,36,3,0,0,2,Store_B,5,Sports,Equipment,73.53,0,0,73.53,397,84.33,37.09,0.29,3.03,7.21,58.54,531.89,1106,386,305,37.53
2020-03-31,2020,3,31,1,91,14,1,0,0,1,Store_A,4,Food,Beverages,20.89,0,0,20.89,251,18.31,81.17,1.29,3.28,6.45,78.63,515.86,1409,472,299,122.44
2019-07-03,2019,7,3,2,184,27,3,0,0,2,Store_B,1,Electronics,Tablets,477.2,0,0,477.2,246,540.38,57.56,3.83,2.5,6.47,66.78,533.21,1306,480,284,60.28
2013-07-04,2013,7,4,3,185,27,3,0,1,3,Store_C,3,Home_Goods,Kitchen,159.66,5,1,151.68,268,161.19,55.09,4.39,3.16,6.53,66.73,620.62,1178,580,504,60.07
2012-05-11,2012,5,11,4,132,19,2,0,0,2,Store_B,1,Electronics,Accessories,534.1,0,0,534.1,430,481.96,73.07,9.16,3.32,6.49,74.12,511.87,1468,508,332,42.59
2021-05-08,2021,5,8,5,128,18,2,1,0,1,Store_A,1,Electronics,Laptops,548.09,0,0,548.09,354,514.66,82.47,6.89,2.52,6.97,75.58,592.69,1570,555,434,85.42
2014-12-07,2014,12,7,6,341,49,4,1,0,3,Store_C,2,Clothing,Kids,47.44,0,0,47.44,207,46.04,46.1,0.37,2.94,7.08,54.2,512.4,1281,610,490,58.28
2014-06-17,2014,6,17,1,168,25,2,0,0,4,Store_D,4,Food,Snacks,21.31,0,0,21.31,351,22.78,65.59,12.49,2.4,6.88,67.69,517.94,1282,475,289,92.42
2015-06-17,2015,6,17,2,168,25,2,0,0,5,Store_E,2,Clothing,Accessories,45.54,0,0,45.54,476,38.77,62.07,12.3,2.77,6.95,66.39,413.73,1206,481,285,66.01
2017-03-24,2017,3,24,4,83,12,1,0,0,3,Store_C,1,Electronics,Laptops,492.62,0,0,492.62,130,534.66,74.06,5.57,2.04,6.43,79.32,550.96,1529,454,303,68.59
2010-09-27,2010,9,27,0,270,39,3,0,0,1,Store_A,4,Food,Packaged,18.61,0,0,18.61,436,18.57,43.96,2.71,2.63,6.08,54.49,503.14,919,499,221,80.28
2011-09-22,2011,9,22,3,265,38,3,0,0,2,Store_B,1,Electronics,Laptops,477.12,0,0,477.12,330,422.5,38.38,2.96,2.86,5.99,56.75,457.13,1024,496,302,25.37
2018-06-09,2018,6,9,5,160,23,2,1,0,4,Store_D,1,Electronics,Accessories,453.15,0,0,453.15,60,500.34,72.27,0.18,2.03,6.21,67.46,441.99,1190,441,494,70.42
2016-05-23,2016,5,23,0,144,21,2,0,0,3,Store_C,3,Home_Goods,Furniture,158.52,0,0,158.52,270,177.77,73.54,4.09,2.11,6.4,70.07,460.2,1390,523,264,51.96
2018-02-14,2018,2,14,2,45,7,1,0,0,4,Store_D,5,Sports,Apparel,72.75,0,0,72.75,253,74.96,71.27,0.4,2.25,6.16,73.62,500.34,1372,565,294,54.36
2010-10-28,2010,10,28,3,301,43,4,0,0,3,Store_C,1,Electronics,Accessories,477.51,0,0,477.51,228,468.45,49.45,4.62,2.45,5.65,52.92,404.33,1051,469,301,27.21
2011-04-05,2011,4,5,1,95,14,2,0,0,4,Store_D,5,Sports,Apparel,86.2,0,0,86.2,125,90.38,78.82,9.81,2.85,5.81,77.92,563.17,1524,519,294,57.6
2013-12-18,2013,12,18,2,352,51,4,0,0,5,Store_E,4,Food,Beverages,18.78,0,0,18.78,123,21.25,46.08,6.55,2.92,6.99,64.48,406.22,1195,478,364,83.48
2014-01-12,2014,1,12,6,12,2,1,1,0,5,Store_E,3,Home_Goods,Decor,163.96,0,0,163.96,155,168.57,62.37,3.23,2.58,6.76,70.53,568.06,1281,493,478,58.02
2015-08-09,2015,8,9,6,221,32,3,1,0,3,Store_C,5,Sports,Apparel,87.64,0,0,87.64,436,82.57,49.1,0.19,2.66,6.85,63.26,589.09,1259,414,531,52.12
2021-07-30,2021,7,30,4,211,30,3,0,0,5,Store_E,4,Food,Fresh,21.34,0,0,21.34,99,19.82,47.56,5.38,2.84,7.12,60.47,594.55,1240,531,228,93.33
2020-04-22,2020,4,22,2,113,17,2,0,0,3,Store_C,4,Food,Packaged,18.86,0,0,18.86,238,21.35,78.89,0.03,2.11,6.28,73.5,526.28,1337,572,336,115.85
2015-10-15,2015,10,15,3,288,42,4,0,0,4,Store_D,1,Electronics,Phones,490.7,0,0,490.7,337,490.41,48.01,4.98,3.03,6.79,55.84,592.26,1110,509,216,32.58
2010-01-28,2010,1,28,3,28,4,1,0,0,4,Store_D,3,Home_Goods,Decor,135.97,0,0,135.97,261,140.16,66.04,0.4,2.38,5.98,71.58,516.23,1365,551,284,27.17
2020-07-06,2020,7,6,0,188,28,3,0,0,5,Store_E,1,Electronics,Laptops,499.64,0,0,499.64,335,540.06,57.97,6.36,3.05,6.76,61.6,417.15,1218,488,252,48.24
2022-05-20,2022,5,20,4,140,20,2,0,0,3,Store_C,1,Electronics,Laptops,542.73,0,0,542.73,189,579.9,81.79,6.18,2.75,6.71,74.96,566.43,1385,575,290,67.03
2012-04-17,2012,4,17,1,108,16,2,0,0,2,Store_B,3,Home_Goods,Decor,148.87,0,0,148.87,324,153.08,75.98,1.18,3.22,6.64,77.71,536.2,1666,585,254,57.23
2020-06-23,2020,6,23,1,175,26,2,0,0,5,Store_E,4,Food,Fresh,19.32,0,0,19.32,335,21.17,52.26,3.14,2.91,6.72,67.32,408.35,1100,438,192,110.13
2015-07-02,2015,7,2,3,183,27,3,0,0,4,Store_D,3,Home_Goods,Decor,143.79,0,0,143.79,160,130.29,48.88,8.55,2.52,6.95,62.83,462.42,1070,547,324,31.86
2023-06-09,2023,6,9,4,160,23,2,0,0,4,Store_D,3,Home_Goods,Furniture,162.31,0,0,162.31,147,146.67,58.27,5.55,3.02,6.7,67.18,516.31,1329,501,358,62.39
2011-05-19,2011,5,19,3,139,20,2,0,0,1,Store_A,3,Home_Goods,Kitchen,156.49,0,0,156.49,438,166.92,75.29,5.94,2.43,6.41,68.66,576.84,1192,472,330,34.11
2018-10-12,2018,10,12,4,285,41,4,0,0,3,Store_C,1,Electronics,Tablets,485.43,0,0,485.43,455,495.27,38.19,4.17,2.22,6.14,52.23,517.38,1266,540,240,34.28
2021-10-14,2021,10,14,3,287,41,4,0,0,1,Store_A,1,Electronics,Laptops,545.75,0,0,545.75,62,501.26,43.77,14.79,2.68,7.05,61.81,554.95,1050,572,272,34.74
2011-01-16,2011,1,16,6,16,2,1,1,0,1,Store_A,1,Electronics,Phones,494.76,0,0,494.76,154,558.56,56.24,0.64,1.86,6.02,69.96,579.92,1546,511,427,50.82
2015-01-26,2015,1,26,0,26,5,1,0,0,5,Store_E,4,Food,Snacks,18.94,0,0,18.94,393,17.27,67.79,22.75,2.45,6.59,72.44,449.8,1333,518,294,108.11
2014-03-06,2014,3,6,3,65,10,1,0,0,3,Store_C,4,Food,Packaged,21.9,0,0,21.9,189,22.83,77.12,3.72,2.53,7.13,72.91,567.53,1250,495,271,109.02
2016-06-23,2016,6,23,3,175,25,2,0,0,2,Store_B,4,Food,Snacks,21.46,0,0,21.46,329,23.84,56.99,10.39,2.59,6.24,69.72,586.47,1288,581,306,100.1
2021-05-10,2021,5,10,0,130,19,2,0,0,4,Store_D,1,Electronics,Laptops,526.94,0,0,526.94,318,479.43,68.45,1.8,2.87,6.66,74.56,418.17,1449,511,277,59.18
2018-05-11,2018,5,11,4,131,19,2,0,0,3,Store_C,4,Food,Beverages,18.89,0,0,18.89,243,20.4,78.17,2.09,2.4,6.39,68.68,438.91,1430,557,335,112.3
2017-11-24,2017,11,24,4,328,47,4,0,1,4,Store_D,4,Food,Snacks,18.33,10,1,16.5,132,18.23,50.75,0.05,1.55,6.05,63.96,853.74,1430,610,571,132.19
2016-05-29,2016,5,29,6,150,21,2,1,0,3,Store_C,1,Electronics,Tablets,482.75,0,0,482.75,171,552.29,80.35,2.13,2.31,6.29,66.55,407.72,1227,472,350,43.81
2011-01-10,2011,1,10,0,10,2,1,0,0,4,Store_D,2,Clothing,Kids,45.53,0,0,45.53,126,43.04,63.36,1.86,3.27,6.21,67.46,534.6,1310,470,273,60.35
2018-12-05,2018,12,5,2,339,49,4,0,0,4,Store_D,2,Clothing,Women,48.72,0,0,48.72,329,54.4,45.78,6.45,2.23,6.19,62.93,578.43,1188,457,359,70.02
2016-07-09,2016,7,9,5,191,27,3,1,0,4,Store_D,2,Clothing,Women,47.22,20,1,37.78,464,33.94,60.97,10.34,1.6,6.59,66.8,640.0,1407,621,552,95.96
2021-10-19,2021,10,19,1,292,42,4,0,0,4,Store_D,4,Food,Fresh,19.27,0,0,19.27,311,18.86,44.34,4.72,3.08,7.02,50.87,518.91,981,503,234,88.39
2012-07-28,2012,7,28,5,210,30,3,1,0,4,Store_D,2,Clothing,Accessories,46.39,0,0,46.39,64,46.6,63.09,3.26,2.84,6.58,59.83,415.35,1275,547,547,57.24
2021-06-30,2021,6,30,2,181,26,2,0,0,3,Store_C,5,Sports,Footwear,87.37,0,0,87.37,247,87.52,62.21,3.95,2.1,6.75,66.89,569.37,1423,463,362,53.49
2021-05-28,2021,5,28,4,148,21,2,0,0,5,Store_E,3,Home_Goods,Furniture,151.12,0,0,151.12,343,137.7,64.56,1.49,3.08,7.19,72.87,450.6,1206,452,289,54.87
2017-08-31,2017,8,31,3,243,35,3,0,0,5,Store_E,4,Food,Beverages,18.33,0,0,18.33,314,16.41,42.75,6.64,1.85,6.26,53.6,509.28,1220,440,290,73.86
2015-11-18,2015,11,18,2,322,47,4,0,0,4,Store_D,2,Clothing,Men,49.65,0,0,49.65,266,54.94,46.86,7.4,2.68,6.6,61.14,517.5,1122,550,342,73.04
2020-06-14,2020,6,14,6,166,24,2,1,0,4,Store_D,4,Food,Beverages,21.72,0,0,21.72,326,20.79,60.89,0.17,2.31,6.47,69.96,573.88,1349,415,481,114.55
2022-06-07,2022,6,7,1,158,23,2,0,0,1,Store_A,4,Food,Beverages,19.53,0,0,19.53,160,19.15,58.3,5.54,3.24,7.06,70.93,513.87,1287,515,237,126.51
2021-07-18,2021,7,18,6,199,28,3,1,0,1,Store_A,4,Food,Snacks,20.42,0,0,20.42,220,18.44,53.2,6.82,2.69,7.48,60.12,522.44,1139,510,308,115.62
2015-08-31,2015,8,31,0,243,36,3,0,0,4,Store_D,1,Electronics,Phones,510.82,0,0,510.82,202,512.8,41.97,6.55,2.3,6.93,57.58,595.45,1010,498,271,31.11
2011-06-14,2011,6,14,1,165,24,2,0,0,4,Store_D,2,Clothing,Accessories,45.83,0,0,45.83,214,48.54,61.15,2.27,3.49,6.41,63.76,550.25,1231,530,373,60.83
2022-08-10,2022,8,10,2,222,32,3,0,0,5,Store_E,5,Sports,Footwear,86.82,0,0,86.82,270,97.83,52.2,4.63,2.66,6.8,56.38,588.77,1268,568,264,45.18
2011-09-29,2011,9,29,3,272,39,3,0,0,2,Store_B,2,Clothing,Kids,50.89,0,0,50.89,67,47.24,41.18,2.85,2.55,6.33,47.33,472.28,1003,504,290,40.67
2013-06-23,2013,6,23,6,174,25,2,1,0,5,Store_E,3,Home_Goods,Furniture,148.35,0,0,148.35,167,154.55,58.72,8.49,3.32,6.94,67.09,542.39,1285,498,429,56.9
2010-07-05,2010,7,5,0,186,27,3,0,0,3,Store_C,1,Electronics,Accessories,506.95,0,0,506.95,188,572.21,60.63,1.19,1.87,6.22,66.05,543.02,1200,506,397,27.53
2021-11-28,2021,11,28,6,332,47,4,1,1,4,Store_D,3,Home_Goods,Bedding,157.66,10,1,141.9,88,149.5,48.99,3.41,2.76,6.67,56.7,849.43,1241,653,659,91.62
2018-09-15,2018,9,15,5,258,37,3,1,0,4,Store_D,5,Sports,Accessories,73.01,0,0,73.01,221,82.46,32.63,2.14,2.32,6.25,54.13,442.09,984,540,481,50.24
2019-06-17,2019,6,17,0,168,25,2,0,0,2,Store_B,1,Electronics,Phones,456.02,0,0,456.02,353,406.16,63.14,5.47,2.03,5.97,67.79,488.46,1286,451,456,66.06
2014-12-03,2014,12,3,2,337,49,4,0,0,5,Store_E,4,Food,Snacks,18.67,0,0,18.67,417,19.01,51.12,0.52,2.71,6.86,59.07,427.48,1099,474,243,67.64
2018-02-27,2018,2,27,1,58,9,1,0,0,3,Store_C,1,Electronics,Accessories,500.08,0,0,500.08,152,567.04,79.76,0.5,2.12,5.97,68.13,564.32,1415,463,321,56.84
2013-12-12,2013,12,12,3,346,50,4,0,0,4,Store_D,2,Clothing,Kids,52.79,0,0,52.79,244,49.56,56.51,12.37,3.04,7.13,58.54,470.94,1253,528,278,70.85
2019-05-21,2019,5,21,1,141,21,2,0,0,4,Store_D,4,Food,Fresh,18.77,5,1,17.83,254,17.38,72.44,0.55,2.42,5.96,66.13,652.98,1443,582,217,119.98
2023-05-07,2023,5,7,6,127,18,2,1,0,3,Store_C,1,Electronics,Accessories,468.36,0,0,468.36,197,523.27,73.06,2.33,3.12,6.92,71.58,494.18,1328,472,426,95.23
2014-03-16,2014,3,16,6,75,11,1,1,0,5,Store_E,1,Electronics,Phones,507.49,0,0,507.49,208,448.34,84.44,8.99,2.71,7.18,74.76,428.59,1284,538,415,66.2
2019-06-06,2019,6,6,3,157,23,2,0,0,1,Store_A,2,Clothing,Accessories,54.93,0,0,54.93,272,60.33,71.22,0.5,2.07,6.54,72.95,469.17,1298,429,286,88.56
2013-06-27,2013,6,27,3,178,26,2,0,0,3,Store_C,4,Food,Packaged,21.87,0,0,21.87,91,19.88,62.04,0.65,2.37,6.64,62.45,400.82,1132,484,232,84.16
2016-10-03,2016,10,3,0,277,40,4,0,0,4,Store_D,4,Food,Fresh,21.93,5,1,20.84,104,18.6,51.3,0.49,2.33,6.72,59.67,881.97,1235,624,209,84.26
2011-08-31,2011,8,31,2,243,35,3,0,0,1,Store_A,3,Home_Goods,Kitchen,164.49,0,0,164.49,344,156.03,46.87,1.61,2.72,5.96,53.14,522.46,1256,477,315,25.35
2019-08-15,2019,8,15,3,227,33,3,0,0,1,Store_A,2,Clothing,Men,47.53,0,0,47.53,204,43.29,43.48,0.87,2.29,5.64,57.15,563.01,1187,458,203,68.91
2014-09-09,2014,9,9,1,252,37,3,0,0,1,Store_A,3,Home_Goods,Furniture,155.54,0,0,155.54,240,138.64,42.72,6.01,2.74,7.06,51.76,586.95,1000,473,296,28.06
2016-01-09,2016,1,9,5,9,1,1,1,0,1,Store_A,4,Food,Packaged,20.96,0,0,20.96,90,19.03,68.9,12.11,2.24,6.75,65.33,456.1,1133,424,436,83.98
2012-08-13,2012,8,13,0,226,33,3,0,0,1,Store_A,3,Home_Goods,Decor,145.18,0,0,145.18,172,148.11,44.81,1.35,2.96,6.38,57.19,526.31,1045,453,296,28.55
2017-01-23,2017,1,23,0,23,4,1,0,0,2,Store_B,3,Home_Goods,Furniture,153.31,0,0,153.31,330,145.61,68.1,4.06,2.28,6.39,70.96,587.86,1344,555,243,46.96
2020-09-02,2020,9,2,2,246,36,3,0,0,2,Store_B,5,Sports,Equipment,82.8,0,0,82.8,291,78.08,48.64,3.07,2.58,6.94,58.69,558.52,997,523,233,49.84
2022-02-12,2022,2,12,5,43,6,1,1,0,2,Store_B,1,Electronics,Laptops,466.81,0,0,466.81,126,408.83,77.81,5.22,2.63,6.83,68.01,409.96,1327,516,512,66.05
2019-04-04,2019,4,4,3,94,14,2,0,0,5,Store_E,4,Food,Snacks,18.63,0,0,18.63,265,17.27,79.85,2.48,2.01,6.42,74.82,585.89,1240,519,306,106.49
2020-02-03,2020,2,3,0,34,6,1,0,0,4,Store_D,4,Food,Beverages,18.72,0,0,18.72,152,20.11,75.96,1.69,2.57,6.32,70.47,540.0,1514,373,274,121.94
2011-02-08,2011,2,8,1,39,6,1,0,0,5,Store_E,5,Sports,Footwear,81.11,0,0,81.11,361,83.63,78.0,15.25,2.8,6.18,63.51,594.3,1509,466,335,45.17
2015-09-03,2015,9,3,3,246,36,3,0,0,5,Store_E,5,Sports,Accessories,87.37,5,1,83.0,187,83.35,51.55,0.12,2.87,6.9,54.2,709.34,1164,586,278,37.64
2023-01-08,2023,1,8,6,8,1,1,1,0,3,Store_C,3,Home_Goods,Furniture,151.3,0,0,151.3,266,130.29,63.78,5.14,2.6,6.8,65.21,479.13,1215,511,533,64.18
2015-06-01,2015,6,1,0,152,23,2,0,0,4,Store_D,2,Clothing,Kids,50.56,0,0,50.56,156,52.84,74.61,0.38,2.87,6.96,70.62,414.9,1466,470,243,74.52
2010-06-08,2010,6,8,1,159,23,2,0,0,1,Store_A,3,Home_Goods,Bedding,164.17,0,0,164.17,243,173.89,66.27,12.69,3.04,6.22,71.71,572.34,1448,469,272,27.43
2014-10-15,2014,10,15,2,288,42,4,0,0,5,Store_E,4,Food,Packaged,21.89,20,1,17.51,105,15.64,25.14,3.64,3.33,6.99,59.24,870.16,1284,649,288,99.47
2017-12-19,2017,12,19,1,353,51,4,0,0,2,Store_B,4,Food,Packaged,20.98,0,0,20.98,124,20.33,52.98,4.36,2.24,6.41,63.66,478.8,1231,488,320,100.19
2019-09-05,2019,9,5,3,248,36,3,0,0,5,Store_E,4,Food,Beverages,21.69,0,0,21.69,412,18.97,41.77,11.62,2.89,6.11,54.78,447.76,1019,543,303,94.98
2012-06-21,2012,6,21,3,173,25,2,0,0,4,Store_D,1,Electronics,Phones,533.28,0,0,533.28,308,569.0,64.29,5.8,2.83,6.45,68.93,516.98,1294,463,274,46.57
2010-12-19,2010,12,19,6,353,50,4,1,0,1,Store_A,4,Food,Packaged,21.2,0,0,21.2,177,22.03,51.94,3.85,2.7,6.15,67.11,494.34,1215,511,462,92.71
2013-05-15,2013,5,15,2,135,20,2,0,0,5,Store_E,4,Food,Packaged,21.43,0,0,21.43,333,23.27,83.08,4.61,2.73,7.18,70.69,565.89,1322,441,238,100.79
2022-10-15,2022,10,15,5,288,41,4,1,0,2,Store_B,3,Home_Goods,Bedding,150.72,0,0,150.72,441,130.18,40.73,0.99,2.94,6.99,55.01,587.4,1034,525,449,46.12
2015-11-11,2015,11,11,2,315,46,4,0,0,1,Store_A,3,Home_Goods,Decor,155.89,0,0,155.89,202,141.95,44.21,3.34,2.42,6.83,60.54,532.63,1116,418,294,24.08
2011-03-21,2011,3,21,0,80,12,1,0,0,2,Store_B,4,Food,Snacks,19.65,0,0,19.65,473,17.77,77.72,1.18,2.55,5.45,73.81,580.3,1483,495,382,118.57
2023-07-20,2023,7,20,3,201,29,3,0,0,2,Store_B,1,Electronics,Accessories,533.14,0,0,533.14,381,584.11,40.55,2.05,3.0,6.74,62.65,571.24,1158,566,327,55.16
2012-01-25,2012,1,25,2,25,4,1,0,0,4,Store_D,5,Sports,Footwear,79.58,0,0,79.58,236,74.8,67.23,1.4,2.58,6.15,69.83,572.9,1311,552,249,37.74
2014-10-04,2014,10,4,5,277,40,4,1,0,4,Store_D,3,Home_Goods,Decor,154.36,0,0,154.36,417,136.88,41.36,4.55,3.05,6.96,56.12,448.03,1191,660,486,25.92
2018-02-19,2018,2,19,0,50,8,1,0,0,4,Store_D,3,Home_Goods,Kitchen,148.3,0,0,148.3,107,160.83,77.56,5.3,2.27,5.75,72.34,458.89,1232,449,273,54.72
2023-08-20,2023,8,20,6,232,33,3,1,0,2,Store_B,5,Sports,Equipment,81.6,0,0,81.6,284,69.88,39.97,5.03,3.55,7.0,61.21,493.14,1094,468,428,51.48
2017-12-30,2017,12,30,5,364,52,4,1,0,4,Store_D,1,Electronics,Tablets,453.71,0,0,453.71,151,416.26,59.36,5.95,2.36,5.8,57.19,564.43,1205,537,524,64.64
2010-11-08,2010,11,8,0,312,45,4,0,0,2,Store_B,2,Clothing,Accessories,54.41,0,0,54.41,350,50.15,41.79,10.42,3.19,5.91,54.08,463.14,1138,552,280,28.8
2011-07-03,2011,7,3,6,184,26,3,1,0,3,Store_C,1,Electronics,Phones,533.39,0,0,533.39,189,519.24,56.86,5.61,2.8,5.9,58.33,574.73,1242,498,443,32.96
2021-02-04,2021,2,4,3,35,5,1,0,0,3,Store_C,1,Electronics,Tablets,515.02,0,0,515.02,130,480.58,70.65,29.52,2.88,7.04,73.14,424.28,1122,434,251,66.64
2023-01-14,2023,1,14,5,14,2,1,1,0,5,Store_E,2,Clothing,Accessories,47.16,0,0,47.16,365,44.04,62.93,7.25,2.54,6.7,68.77,548.27,1425,502,396,116.18
2015-06-13,2015,6,13,5,164,24,2,1,0,1,Store_A,1,Electronics,Accessories,548.77,0,0,548.77,115,483.86,72.16,5.56,3.13,6.59,63.34,509.12,1298,535,466,70.08
2010-11-03,2010,11,3,2,307,44,4,0,0,2,Store_B,2,Clothing,Kids,53.09,0,0,53.09,453,58.68,47.68,1.89,2.09,5.76,57.45,542.44,1049,467,343,44.87
2016-05-24,2016,5,24,1,145,21,2,0,0,3,Store_C,3,Home_Goods,Decor,154.82,0,0,154.82,435,161.89,68.31,2.93,2.35,6.4,66.44,415.44,1306,506,323,60.68
2011-11-26,2011,11,26,5,330,47,4,1,1,3,Store_C,3,Home_Goods,Decor,163.26,10,1,146.93,478,134.3,52.01,2.8,2.76,5.98,53.32,755.84,1383,626,715,77.53
2016-06-14,2016,6,14,1,166,24,2,0,0,5,Store_E,2,Clothing,Women,45.59,0,0,45.59,162,51.24,65.85,2.49,2.17,6.8,64.15,570.09,1432,560,134,65.45
2015-04-12,2015,4,12,6,102,15,2,1,0,1,Store_A,2,Clothing,Men,46.18,0,0,46.18,230,49.66,77.85,3.92,2.49,6.88,74.94,408.16,1307,501,466,78.63
2011-11-16,2011,11,16,2,320,46,4,0,0,4,Store_D,1,Electronics,Tablets,452.83,0,0,452.83,168,483.64,49.14,5.54,3.12,6.18,64.25,472.67,1004,552,185,35.33
2012-01-20,2012,1,20,4,20,3,1,0,0,4,Store_D,3,Home_Goods,Decor,157.87,0,0,157.87,269,176.77,72.84,7.13,2.73,6.27,73.3,521.68,1306,457,393,43.04
2020-12-22,2020,12,22,1,357,52,4,0,0,2,Store_B,4,Food,Packaged,18.9,0,0,18.9,209,18.44,55.44,4.1,2.83,6.03,65.93,476.21,1339,431,212,94.45
2013-06-20,2013,6,20,3,171,25,2,0,0,1,Store_A,1,Electronics,Tablets,483.74,0,0,483.74,81,432.61,58.67,8.08,2.73,6.49,68.2,497.82,1226,472,304,38.34
2018-12-30,2018,12,30,6,364,52,4,1,0,1,Store_A,1,Electronics,Tablets,516.07,0,0,516.07,279,475.08,66.67,3.14,1.84,5.99,60.37,554.4,1267,433,477,68.5
2019-08-31,2019,8,31,5,243,35,3,1,0,5,Store_E,4,Food,Fresh,21.2,0,0,21.2,421,23.34,43.42,5.37,2.32,6.25,58.72,521.24,965,468,423,112.0
2022-02-10,2022,2,10,3,41,6,1,0,0,5,Store_E,3,Home_Goods,Furniture,164.32,20,1,131.45,379,131.55,70.98,6.32,2.93,7.11,70.88,744.94,1526,591,203,95.87
2020-11-28,2020,11,28,5,333,48,4,1,1,3,Store_C,1,Electronics,Phones,469.54,0,0,469.54,389,402.79,53.79,9.77,2.16,6.58,57.3,468.0,1069,411,661,95.89
2018-06-11,2018,6,11,0,162,24,2,0,0,3,Store_C,4,Food,Snacks,20.04,0,0,20.04,484,20.07,60.03,8.66,1.76,6.11,69.9,443.82,1237,505,317,123.32
2018-05-20,2018,5,20,6,140,20,2,1,0,4,Store_D,2,Clothing,Accessories,54.78,0,0,54.78,324,62.45,71.04,3.36,2.18,5.98,70.7,426.42,1378,511,512,89.29
2018-04-14,2018,4,14,5,104,15,2,1,0,5,Store_E,3,Home_Goods,Kitchen,160.65,0,0,160.65,67,137.68,75.46,1.98,2.04,6.01,78.86,440.48,1458,585,425,65.42
2012-08-28,2012,8,28,1,241,35,3,0,0,4,Store_D,1,Electronics,Laptops,536.92,0,0,536.92,445,577.38,46.13,5.25,2.65,6.57,59.8,476.09,1084,480,281,12.04
2010-01-14,2010,1,14,3,14,2,1,0,0,3,Store_C,4,Food,Beverages,21.07,30,1,14.75,207,16.76,63.66,0.08,2.71,5.98,69.61,890.0,1408,524,277,122.51
2012-05-23,2012,5,23,2,144,21,2,0,0,2,Store_B,2,Clothing,Accessories,50.23,0,0,50.23,414,51.99,73.64,5.95,3.13,6.86,74.66,560.74,1330,520,328,77.85
2012-03-19,2012,3,19,0,79,12,1,0,0,5,Store_E,5,Sports,Accessories,73.6,0,0,73.6,222,77.92,68.18,2.35,2.91,6.34,74.8,536.46,1343,467,258,53.56
2018-10-04,2018,10,4,3,277,40,4,0,0,3,Store_C,1,Electronics,Phones,547.49,0,0,547.49,485,623.52,45.38,3.52,2.38,5.64,55.99,430.91,1000,575,336,27.59
2011-05-30,2011,5,30,0,150,22,2,0,0,1,Store_A,3,Home_Goods,Furniture,140.6,0,0,140.6,424,152.69,63.53,3.0,2.25,5.95,74.1,462.0,1203,542,374,42.32
2022-03-31,2022,3,31,3,90,13,1,0,0,4,Store_D,1,Electronics,Laptops,453.82,5,1,431.13,263,426.52,93.79,12.53,2.82,7.02,71.92,612.94,1671,603,285,64.66
2011-02-14,2011,2,14,0,45,7,1,0,0,5,Store_E,1,Electronics,Tablets,482.02,0,0,482.02,321,521.29,74.95,4.61,2.87,6.27,70.98,568.12,1367,498,276,50.24
2019-05-02,2019,5,2,3,122,18,2,0,0,2,Store_B,5,Sports,Accessories,80.86,0,0,80.86,372,88.34,78.32,5.21,2.88,6.46,68.54,593.91,1441,479,215,74.91
2021-11-21,2021,11,21,6,325,46,4,1,0,4,Store_D,3,Home_Goods,Bedding,152.69,0,0,152.69,75,132.97,45.68,5.63,2.56,6.91,54.48,440.23,1041,449,445,47.42
2010-07-27,2010,7,27,1,208,30,3,0,0,5,Store_E,5,Sports,Footwear,84.5,0,0,84.5,212,72.25,48.83,2.73,2.57,6.13,61.2,462.36,1222,437,223,39.66
2020-02-09,2020,2,9,6,40,6,1,1,0,3,Store_C,1,Electronics,Laptops,464.85,0,0,464.85,147,481.56,79.21,13.67,2.23,6.61,72.52,447.43,1362,390,330,54.42
2011-04-04,2011,4,4,0,94,14,2,0,0,5,Store_E,3,Home_Goods,Bedding,147.73,0,0,147.73,183,130.35,89.58,3.77,2.76,6.46,70.77,593.73,1474,459,375,30.42
2019-07-04,2019,7,4,3,185,27,3,0,1,1,Store_A,5,Sports,Accessories,77.72,15,1,66.06,427,65.56,63.09,0.74,1.8,6.18,62.8,739.02,1294,619,500,86.57
2016-08-27,2016,8,27,5,240,34,3,1,0,2,Store_B,5,Sports,Equipment,81.33,0,0,81.33,84,90.68,31.37,0.38,2.4,6.38,54.66,412.54,1194,513,416,39.26
2020-01-06,2020,1,6,0,6,2,1,0,0,1,Store_A,4,Food,Snacks,19.78,0,0,19.78,94,17.81,54.65,1.9,1.97,6.58,67.57,548.74,1230,471,268,90.64
2010-04-21,2010,4,21,2,111,16,2,0,0,1,Store_A,1,Electronics,Laptops,458.17,0,0,458.17,114,448.36,80.88,1.22,2.23,6.33,73.64,458.12,1387,511,303,44.36
2022-07-26,2022,7,26,1,207,30,3,0,0,5,Store_E,1,Electronics,Phones,459.86,0,0,459.86,310,400.46,52.65,4.14,3.12,6.69,54.82,459.4,1079,503,270,45.99
2021-01-27,2021,1,27,2,27,4,1,0,0,5,Store_E,4,Food,Packaged,21.03,0,0,21.03,434,23.34,63.69,3.07,3.05,6.42,75.51,416.78,1210,539,330,119.32
2015-02-27,2015,2,27,4,58,9,1,0,0,3,Store_C,3,Home_Goods,Decor,143.37,0,0,143.37,368,148.12,85.42,3.21,2.14,7.2,73.09,522.75,1366,411,343,42.58
2014-09-10,2014,9,10,2,253,37,3,0,0,2,Store_B,4,Food,Beverages,19.61,5,1,18.63,68,16.26,38.89,2.79,3.53,6.96,55.6,778.88,1304,624,305,69.35
2020-11-02,2020,11,2,0,307,45,4,0,0,4,Store_D,3,Home_Goods,Kitchen,144.04,0,0,144.04,59,160.89,44.89,12.66,2.04,6.76,53.2,568.37,1052,462,284,33.97
2019-04-23,2019,4,23,1,113,17,2,0,0,5,Store_E,3,Home_Goods,Kitchen,156.33,0,0,156.33,63,154.86,72.57,2.35,1.46,6.08,69.59,409.24,1466,465,324,61.83
2011-07-07,2011,7,7,3,188,27,3,0,0,5,Store_E,1,Electronics,Accessories,487.96,0,0,487.96,121,540.74,65.21,4.34,2.76,6.01,67.47,566.28,1299,413,293,21.3
2013-12-10,2013,12,10,1,344,50,4,0,0,4,Store_D,1,Electronics,Laptops,479.05,0,0,479.05,51,549.99,55.28,8.86,2.81,6.85,61.63,574.82,1145,498,362,45.84
2016-03-20,2016,3,20,6,80,11,1,1,0,3,Store_C,3,Home_Goods,Kitchen,153.98,0,0,153.98,296,156.88,90.12,3.48,1.82,6.33,73.53,450.53,1485,453,478,71.41
2018-08-11,2018,8,11,5,223,32,3,1,0,5,Store_E,2,Clothing,Women,50.21,0,0,50.21,455,52.0,51.14,0.81,1.88,6.25,58.18,596.73,1070,483,482,75.04
2017-09-22,2017,9,22,4,265,38,3,0,0,1,Store_A,2,Clothing,Women,52.92,0,0,52.92,355,53.3,37.32,1.48,1.84,6.06,45.71,574.3,1109,545,341,49.59
2023-02-03,2023,2,3,4,34,5,1,0,0,5,Store_E,5,Sports,Footwear,87.15,0,0,87.15,312,86.38,69.01,1.62,2.86,6.66,69.78,594.63,1321,502,311,68.21
2015-04-10,2015,4,10,4,100,15,2,0,0,5,Store_E,5,Sports,Equipment,87.59,0,0,87.59,219,83.32,72.05,20.73,2.77,7.04,70.06,443.99,1682,529,290,61.51
2011-09-27,2011,9,27,1,270,39,3,0,0,5,Store_E,4,Food,Fresh,20.96,0,0,20.96,335,21.85,45.43,1.27,2.77,5.93,54.81,479.02,993,445,277,68.85
2023-02-27,2023,2,27,0,58,9,1,0,0,4,Store_D,4,Food,Snacks,18.01,0,0,18.01,104,18.35,71.32,2.96,2.66,6.93,73.68,495.55,1531,603,337,134.78
2010-11-13,2010,11,13,5,317,45,4,1,0,3,Store_C,2,Clothing,Women,52.51,0,0,52.51,338,51.6,40.86,8.39,2.73,5.73,58.89,447.34,1186,521,372,49.3
2021-07-19,2021,7,19,0,200,29,3,0,0,3,Store_C,1,Electronics,Accessories,534.1,0,0,534.1,57,532.72,42.45,9.55,2.47,6.94,60.64,585.66,1183,418,333,60.7
2022-11-13,2022,11,13,6,317,45,4,1,0,4,Store_D,1,Electronics,Laptops,485.2,0,0,485.2,62,444.68,50.52,2.19,3.21,7.01,58.29,420.0,1174,408,455,54.16
2013-08-21,2013,8,21,2,233,34,3,0,0,2,Store_B,4,Food,Packaged,20.03,0,0,20.03,487,17.25,33.51,1.39,3.51,6.64,58.65,456.77,1054,574,206,79.47
2011-03-04,2011,3,4,4,63,9,1,0,0,4,Store_D,3,Home_Goods,Furniture,142.82,0,0,142.82,204,148.33,73.15,18.95,3.15,6.13,72.26,422.63,1583,541,277,40.51
2021-12-23,2021,12,23,3,357,51,4,0,0,2,Store_B,1,Electronics,Phones,487.27,20,1,389.82,270,443.58,56.04,1.63,2.39,6.95,64.78,740.77,1423,619,260,85.6
2010-04-16,2010,4,16,4,106,15,2,0,0,4,Store_D,1,Electronics,Tablets,530.14,0,0,530.14,362,599.02,74.24,5.06,3.06,5.93,75.46,481.98,1397,554,394,63.8
2018-04-30,2018,4,30,0,120,18,2,0,0,1,Store_A,2,Clothing,Kids,49.5,5,1,47.03,255,42.23,75.21,5.89,2.39,6.19,71.85,631.57,1610,624,363,97.25
2010-05-23,2010,5,23,6,143,20,2,1,0,1,Store_A,5,Sports,Apparel,80.83,0,0,80.83,435,73.85,70.72,10.61,3.13,6.13,68.07,521.55,1312,479,513,69.86
2015-12-10,2015,12,10,3,344,50,4,0,0,1,Store_A,3,Home_Goods,Furniture,146.35,0,0,146.35,345,142.23,58.58,0.14,2.28,6.82,64.42,500.85,1041,541,381,41.5
2019-06-21,2019,6,21,4,172,25,2,0,0,5,Store_E,3,Home_Goods,Furniture,158.39,0,0,158.39,342,145.49,69.76,2.57,2.38,6.55,66.98,432.53,1416,405,275,45.17
2010-03-31,2010,3,31,2,90,13,1,0,0,1,Store_A,2,Clothing,Women,53.17,0,0,53.17,265,53.69,76.48,1.19,2.63,5.89,77.94,404.58,1358,472,304,73.08
2017-12-28,2017,12,28,3,362,52,4,0,0,4,Store_D,4,Food,Beverages,21.04,0,0,21.04,217,22.95,60.55,6.27,2.4,6.11,65.94,421.3,1219,401,364,91.59
2018-11-12,2018,11,12,0,316,46,4,0,0,5,Store_E,5,Sports,Footwear,82.42,0,0,82.42,436,93.81,40.47,3.11,2.21,6.26,48.75,568.02,958,553,267,50.16
2016-02-20,2016,2,20,5,51,7,1,1,0,4,Store_D,4,Food,Snacks,18.61,0,0,18.61,124,19.68,73.33,2.99,1.61,6.69,73.01,517.07,1592,504,468,108.17
2018-09-10,2018,9,10,0,253,37,3,0,0,5,Store_E,2,Clothing,Kids,48.15,0,0,48.15,68,51.62,48.96,29.14,2.11,6.28,56.73,534.38,904,459,238,65.85
2019-05-06,2019,5,6,0,126,19,2,0,0,1,Store_A,3,Home_Goods,Furniture,147.72,0,0,147.72,261,139.61,80.66,1.53,2.13,5.91,77.46,478.47,1440,510,273,52.8
2015-12-04,2015,12,4,4,338,49,4,0,0,1,Store_A,5,Sports,Apparel,76.98,0,0,76.98,72,67.54,56.82,4.76,2.85,6.79,63.28,580.45,1370,420,303,35.55
2017-03-21,2017,3,21,1,80,12,1,0,0,4,Store_D,3,Home_Goods,Decor,159.91,0,0,159.91,442,183.64,76.33,0.14,2.03,6.15,78.32,473.36,1333,450,289,57.34
2015-05-04,2015,5,4,0,124,19,2,0,0,3,Store_C,2,Clothing,Kids,49.78,0,0,49.78,197,51.69,78.57,1.99,3.2,7.04,74.88,430.76,1511,439,338,80.8
2014-11-04,2014,11,4,1,308,45,4,0,0,2,Store_B,3,Home_Goods,Kitchen,163.85,0,0,163.85,372,162.95,44.86,9.46,2.88,7.27,55.57,570.05,924,478,328,28.92
2021-09-30,2021,9,30,3,273,39,3,0,0,4,Store_D,4,Food,Packaged,19.56,0,0,19.56,323,21.86,30.67,7.53,2.73,6.68,55.02,577.55,1060,504,296,102.24
2016-03-22,2016,3,22,1,82,12,1,0,0,2,Store_B,5,Sports,Footwear,78.73,0,0,78.73,224,74.45,84.51,4.66,2.65,6.74,73.74,586.01,1377,537,312,70.8
2010-01-02,2010,1,2,5,2,53,1,1,0,1,Store_A,3,Home_Goods,Kitchen,147.0,25,1,110.25,320,108.79,57.54,3.61,2.68,5.89,65.68,782.26,1337,647,464,62.44
2018-12-27,2018,12,27,3,361,52,4,0,0,4,Store_D,1,Electronics,Tablets,480.56,0,0,480.56,131,492.42,70.27,3.79,1.49,5.93,61.81,550.56,1364,572,320,46.71
2023-07-29,2023,7,29,5,210,30,3,1,0,2,Store_B,2,Clothing,Women,52.04,0,0,52.04,234,47.14,48.43,1.31,2.8,6.51,55.78,425.52,1150,401,417,69.98
2015-05-06,2015,5,6,2,126,19,2,0,0,1,Store_A,5,Sports,Footwear,87.72,0,0,87.72,125,89.64,76.23,1.83,2.59,6.84,73.08,503.71,1457,578,281,64.93
2012-07-24,2012,7,24,1,206,30,3,0,0,4,Store_D,3,Home_Goods,Bedding,148.41,0,0,148.41,209,154.12,51.11,0.8,2.96,6.58,60.47,599.18,1178,504,298,20.27
2021-10-06,2021,10,6,2,279,40,4,0,0,2,Store_B,5,Sports,Equipment,80.59,0,0,80.59,404,68.55,47.44,1.28,2.72,6.58,53.94,538.53,965,549,164,38.64
2017-06-13,2017,6,13,1,164,24,2,0,0,5,Store_E,5,Sports,Apparel,75.43,0,0,75.43,434,73.77,64.7,5.93,2.42,6.66,66.08,448.21,1351,453,295,59.84
2022-03-06,2022,3,6,6,65,9,1,1,0,5,Store_E,5,Sports,Apparel,74.76,0,0,74.76,131,72.14,78.51,6.91,2.79,6.61,75.48,566.95,1450,472,490,75.9
2013-01-14,2013,1,14,0,14,3,1,0,0,1,Store_A,4,Food,Packaged,20.52,0,0,20.52,178,19.7,63.53,0.2,2.68,6.72,62.78,495.63,1122,516,363,117.93
2020-11-04,2020,11,4,2,309,45,4,0,0,2,Store_B,3,Home_Goods,Furniture,157.98,0,0,157.98,216,146.88,48.81,17.91,2.48,6.22,58.65,476.14,968,468,368,37.51
2011-08-15,2011,8,15,0,227,33,3,0,0,2,Store_B,3,Home_Goods,Furniture,163.48,0,0,163.48,468,183.38,47.76,1.04,2.3,6.38,57.08,532.2,1273,468,243,20.93
2014-08-23,2014,8,23,5,235,34,3,1,0,4,Store_D,4,Food,Packaged,18.37,10,1,16.53,144,16.32,51.25,6.41,2.84,6.75,62.62,837.73,1365,612,505,103.73
2019-06-13,2019,6,13,3,164,24,2,0,0,1,Store_A,1,Electronics,Tablets,518.24,0,0,518.24,403,442.45,58.47,5.67,2.53,6.17,65.62,571.05,1262,499,305,57.07
2018-01-15,2018,1,15,0,15,3,1,0,0,2,Store_B,2,Clothing,Accessories,46.34,0,0,46.34,472,43.45,66.88,0.15,1.92,6.13,72.85,554.31,1418,519,320,61.21
2021-07-06,2021,7,6,1,187,27,3,0,0,5,Store_E,5,Sports,Footwear,83.96,0,0,83.96,435,72.54,60.75,7.72,2.57,6.72,66.82,591.73,1276,492,287,57.46
2019-05-05,2019,5,5,6,125,18,2,1,0,5,Store_E,4,Food,Snacks,18.86,0,0,18.86,240,20.79,71.58,0.81,2.67,6.1,72.77,432.02,1231,476,498,128.97
2014-04-26,2014,4,26,5,116,17,2,1,0,4,Store_D,5,Sports,Accessories,78.14,0,0,78.14,477,86.11,76.68,6.85,3.13,7.11,72.52,416.69,1469,471,450,88.04
2020-10-29,2020,10,29,3,303,44,4,0,0,2,Store_B,1,Electronics,Laptops,487.59,0,0,487.59,113,487.27,42.94,0.59,2.0,6.3,49.81,540.8,1262,449,133,43.1
2010-08-02,2010,8,2,0,214,31,3,0,0,1,Store_A,1,Electronics,Laptops,465.96,0,0,465.96,315,428.75,52.13,13.05,2.39,5.88,59.52,407.88,909,565,303,22.9
2012-02-18,2012,2,18,5,49,7,1,1,0,1,Store_A,3,Home_Goods,Furniture,152.64,0,0,152.64,433,169.47,68.97,4.56,2.61,6.38,69.9,483.33,1427,391,516,73.96
2013-11-16,2013,11,16,5,320,46,4,1,0,5,Store_E,1,Electronics,Laptops,459.4,0,0,459.4,432,518.82,46.62,4.15,2.8,7.17,54.04,589.47,1145,483,410,28.07
2020-04-17,2020,4,17,4,108,16,2,0,0,2,Store_B,5,Sports,Apparel,80.56,0,0,80.56,167,84.19,75.53,4.13,2.54,6.47,74.49,581.9,1518,418,298,93.57
2015-08-06,2015,8,6,3,218,32,3,0,0,4,Store_D,5,Sports,Equipment,73.97,0,0,73.97,181,73.91,49.09,0.18,2.05,6.73,60.41,422.34,949,475,434,39.12
2017-10-19,2017,10,19,3,292,42,4,0,0,2,Store_B,4,Food,Snacks,21.18,0,0,21.18,61,20.86,41.95,5.95,2.26,6.41,58.98,528.21,1091,464,305,70.29
2022-06-04,2022,6,4,5,155,22,2,1,0,2,Store_B,4,Food,Snacks,18.1,5,1,17.19,406,14.63,72.74,1.44,3.44,6.95,67.21,868.92,1442,583,433,142.28
2019-08-07,2019,8,7,2,219,32,3,0,0,2,Store_B,2,Clothing,Women,55.0,10,1,49.5,338,48.24,47.92,2.42,2.09,6.12,60.51,850.44,1251,621,305,78.97
2020-06-10,2020,6,10,2,162,24,2,0,0,1,Store_A,2,Clothing,Men,48.5,0,0,48.5,101,48.88,69.84,1.63,2.67,6.61,71.03,570.15,1362,516,361,89.0
2014-04-17,2014,4,17,3,107,16,2,0,0,1,Store_A,4,Food,Fresh,19.78,0,0,19.78,208,17.59,80.15,1.05,2.58,6.78,74.95,410.69,1390,448,358,115.51
2010-06-15,2010,6,15,1,166,24,2,0,0,1,Store_A,3,Home_Goods,Bedding,142.49,0,0,142.49,132,125.64,68.36,1.13,2.6,6.33,69.98,536.02,1301,497,223,35.67
2022-11-28,2022,11,28,0,332,48,4,0,1,3,Store_C,2,Clothing,Men,52.74,0,0,52.74,262,52.36,44.74,5.27,3.29,6.97,62.95,531.46,1205,536,488,96.57
2021-09-12,2021,9,12,6,255,36,3,1,0,1,Store_A,3,Home_Goods,Decor,149.62,20,1,119.7,323,121.81,38.53,6.63,2.6,6.71,53.83,711.55,1125,573,430,73.72
2023-06-28,2023,6,28,2,179,26,2,0,0,1,Store_A,4,Food,Beverages,20.16,0,0,20.16,218,21.98,65.02,3.84,3.17,7.05,69.74,562.62,1295,594,362,105.63
2013-09-05,2013,9,5,3,248,36,3,0,0,4,Store_D,1,Electronics,Laptops,476.14,5,1,452.33,227,475.52,46.62,3.76,3.04,6.89,56.65,622.76,1189,544,211,29.21
2015-07-07,2015,7,7,1,188,28,3,0,0,1,Store_A,2,Clothing,Women,47.87,0,0,47.87,219,50.29,62.23,3.27,2.85,6.92,62.75,406.16,1198,502,271,62.19
2010-10-01,2010,10,1,4,274,39,4,0,0,2,Store_B,5,Sports,Apparel,80.93,0,0,80.93,216,90.48,32.43,6.45,2.26,6.03,55.43,463.2,1045,474,290,17.67
2010-03-13,2010,3,13,5,72,10,1,1,0,5,Store_E,5,Sports,Apparel,72.49,0,0,72.49,381,65.41,78.45,9.36,2.65,6.28,76.73,553.54,1776,517,579,69.73
2020-08-23,2020,8,23,6,236,34,3,1,0,2,Store_B,5,Sports,Equipment,85.28,0,0,85.28,327,96.39,45.0,0.44,2.52,6.54,57.64,487.6,893,414,420,60.09
2012-12-23,2012,12,23,6,358,51,4,1,0,4,Store_D,4,Food,Fresh,19.76,0,0,19.76,174,21.9,45.67,4.64,3.04,6.65,68.7,584.05,1357,515,362,102.15
2011-01-30,2011,1,30,6,30,4,1,1,0,3,Store_C,3,Home_Goods,Decor,141.44,0,0,141.44,268,124.37,77.34,1.04,3.43,6.4,70.04,469.96,1230,489,464,41.94
2011-08-07,2011,8,7,6,219,31,3,1,0,3,Store_C,1,Electronics,Phones,469.62,0,0,469.62,231,448.3,46.62,2.16,2.86,6.1,57.6,474.48,1167,569,513,41.87
2013-09-29,2013,9,29,6,272,39,3,1,0,2,Store_B,3,Home_Goods,Furniture,157.85,0,0,157.85,384,162.96,34.18,5.62,2.82,6.99,54.0,439.87,1157,596,436,19.71
2023-08-28,2023,8,28,0,240,35,3,0,0,4,Store_D,3,Home_Goods,Furniture,143.36,0,0,143.36,51,143.19,40.16,2.75,2.52,6.58,62.35,520.03,1083,481,262,40.01
2021-03-12,2021,3,12,4,71,10,1,0,0,4,Store_D,4,Food,Packaged,18.89,0,0,18.89,213,19.35,84.76,4.3,2.81,6.94,74.41,589.12,1540,474,459,128.01
2016-12-23,2016,12,23,4,358,51,4,0,0,2,Store_B,3,Home_Goods,Decor,143.82,0,0,143.82,323,141.87,56.18,4.39,2.06,6.2,71.11,461.26,1402,483,284,35.67
2012-10-10,2012,10,10,2,284,41,4,0,0,2,Store_B,4,Food,Snacks,18.09,0,0,18.09,281,15.5,46.89,0.47,2.67,6.4,54.42,401.01,1178,438,347,68.37
2023-05-30,2023,5,30,1,150,22,2,0,0,5,Store_E,2,Clothing,Women,53.68,0,0,53.68,131,51.57,73.06,6.32,3.24,6.79,68.77,472.78,1249,440,367,82.3
2018-03-23,2018,3,23,4,82,12,1,0,0,4,Store_D,3,Home_Goods,Bedding,138.57,0,0,138.57,480,142.0,78.14,4.35,2.27,5.74,75.83,598.39,1620,561,349,54.76
2023-02-10,2023,2,10,4,41,6,1,0,0,5,Store_E,4,Food,Fresh,18.73,0,0,18.73,250,17.38,69.75,5.71,3.12,6.71,76.93,576.4,1411,447,371,125.73
2022-01-25,2022,1,25,1,25,4,1,0,0,2,Store_B,4,Food,Packaged,20.23,0,0,20.23,137,17.94,76.58,1.73,3.52,6.83,68.77,426.15,1282,564,267,103.73
2019-09-03,2019,9,3,1,246,36,3,0,0,4,Store_D,5,Sports,Apparel,83.95,0,0,83.95,217,93.78,44.07,1.63,2.28,6.01,57.15,523.24,1192,447,320,35.16
2014-10-30,2014,10,30,3,303,44,4,0,0,1,Store_A,3,Home_Goods,Furniture,137.28,0,0,137.28,57,143.06,42.72,3.78,3.08,6.8,59.8,407.38,954,461,322,17.09
2015-02-19,2015,2,19,3,50,8,1,0,0,2,Store_B,5,Sports,Footwear,86.23,0,0,86.23,209,86.59,76.06,1.09,2.01,6.66,74.54,588.46,1493,475,369,66.51
2013-06-13,2013,6,13,3,164,24,2,0,0,2,Store_B,5,Sports,Apparel,74.16,0,0,74.16,277,63.97,63.31,0.34,2.8,6.7,72.47,576.88,1320,418,343,53.7
2022-05-28,2022,5,28,5,148,21,2,1,0,4,Store_D,4,Food,Fresh,19.46,0,0,19.46,253,22.14,69.52,1.46,3.11,6.95,74.83,459.56,1405,415,462,133.38
2016-03-03,2016,3,3,3,63,9,1,0,0,1,Store_A,2,Clothing,Kids,50.1,0,0,50.1,146,46.88,67.64,1.21,2.51,6.53,75.33,411.53,1324,515,239,91.24
2017-08-13,2017,8,13,6,225,32,3,1,0,4,Store_D,1,Electronics,Phones,515.08,0,0,515.08,421,564.44,58.1,11.2,1.77,6.45,56.8,446.65,1041,550,498,49.09
2019-11-02,2019,11,2,5,306,44,4,1,0,2,Store_B,2,Clothing,Men,50.54,10,1,45.49,274,44.15,37.89,10.44,2.24,6.21,55.76,755.62,1064,633,447,67.06
2011-06-11,2011,6,11,5,162,23,2,1,0,3,Store_C,4,Food,Packaged,19.08,0,0,19.08,306,16.62,69.63,0.01,2.85,6.32,72.26,546.46,1450,475,441,89.56
2021-09-03,2021,9,3,4,246,35,3,0,0,4,Store_D,5,Sports,Footwear,79.97,0,0,79.97,348,78.85,49.81,1.65,2.96,6.93,53.54,502.14,939,509,368,54.07
2018-01-25,2018,1,25,3,25,4,1,0,0,4,Store_D,4,Food,Packaged,21.91,0,0,21.91,281,24.49,67.87,14.68,2.31,5.96,67.67,497.77,1482,451,310,96.54
2011-01-13,2011,1,13,3,13,2,1,0,0,4,Store_D,2,Clothing,Kids,51.67,0,0,51.67,98,56.64,68.06,2.49,2.44,6.44,64.22,477.44,1383,477,314,50.76
2014-04-09,2014,4,9,2,99,15,2,0,0,4,Store_D,1,Electronics,Laptops,518.83,0,0,518.83,110,533.04,79.35,3.9,2.87,6.91,78.39,493.06,1526,520,346,34.37
2020-06-17,2020,6,17,2,169,25,2,0,0,4,Store_D,3,Home_Goods,Decor,146.14,0,0,146.14,113,152.13,68.41,1.62,2.15,6.85,65.8,534.98,1191,481,212,48.75
2015-05-18,2015,5,18,0,138,21,2,0,0,3,Store_C,5,Sports,Footwear,84.12,0,0,84.12,76,79.44,73.31,0.74,2.75,6.67,74.53,433.7,1413,384,307,48.45
2022-12-16,2022,12,16,4,350,50,4,0,0,4,Store_D,3,Home_Goods,Furniture,144.14,0,0,144.14,177,152.24,57.53,0.83,2.68,6.92,56.58,527.23,1460,455,307,48.07
2010-12-15,2010,12,15,2,349,50,4,0,0,3,Store_C,4,Food,Beverages,18.79,30,1,13.15,423,13.09,54.98,9.2,2.29,6.13,61.45,657.37,1135,685,294,106.22
2016-08-31,2016,8,31,2,244,35,3,0,0,1,Store_A,2,Clothing,Men,48.73,0,0,48.73,393,43.0,48.22,0.51,1.57,6.83,56.68,401.65,1021,468,290,40.51
2016-02-25,2016,2,25,3,56,8,1,0,0,2,Store_B,1,Electronics,Laptops,471.17,0,0,471.17,411,457.81,76.76,1.55,1.67,6.52,72.87,540.46,1447,491,276,72.28
2021-05-29,2021,5,29,5,149,21,2,1,0,3,Store_C,2,Clothing,Kids,46.01,0,0,46.01,349,51.75,68.08,2.82,3.03,6.73,69.44,567.72,1184,499,427,84.37
2014-09-06,2014,9,6,5,249,36,3,1,0,5,Store_E,5,Sports,Footwear,74.69,0,0,74.69,298,74.25,38.37,0.09,2.27,6.89,56.77,503.81,960,499,463,41.19
2012-11-16,2012,11,16,4,321,46,4,0,0,3,Store_C,1,Electronics,Phones,533.51,0,0,533.51,214,569.72,41.33,0.3,3.17,6.87,59.4,599.65,1240,486,376,19.67
2011-08-14,2011,8,14,6,226,32,3,1,0,2,Store_B,1,Electronics,Laptops,473.01,0,0,473.01,104,444.16,38.12,17.41,3.32,6.17,56.35,571.66,1135,499,411,24.16
2011-06-04,2011,6,4,5,155,22,2,1,0,1,Store_A,3,Home_Goods,Bedding,146.56,0,0,146.56,150,154.85,71.65,1.61,2.72,6.4,70.85,558.34,1427,447,450,39.58
2023-01-05,2023,1,5,3,5,1,1,0,0,2,Store_B,3,Home_Goods,Furniture,137.03,0,0,137.03,142,152.27,58.61,5.71,2.71,6.75,70.76,422.53,1204,532,351,46.35
2021-10-18,2021,10,18,0,291,42,4,0,0,2,Store_B,5,Sports,Footwear,87.98,0,0,87.98,371,81.06,47.87,2.05,3.42,6.79,56.48,563.41,1106,525,231,55.74
2016-10-13,2016,10,13,3,287,41,4,0,0,1,Store_A,2,Clothing,Men,49.67,0,0,49.67,335,46.37,39.76,0.25,2.19,6.38,56.27,495.16,1012,551,342,48.7
2012-12-19,2012,12,19,2,354,51,4,0,0,4,Store_D,4,Food,Fresh,19.99,0,0,19.99,474,20.18,57.52,6.66,2.89,6.41,63.2,496.25,1165,429,320,93.96
2019-10-29,2019,10,29,1,302,44,4,0,0,5,Store_E,2,Clothing,Women,49.83,0,0,49.83,206,56.58,42.72,4.8,1.94,6.03,56.64,465.57,1142,442,258,61.5
2023-01-31,2023,1,31,1,31,5,1,0,0,4,Store_D,5,Sports,Footwear,81.51,0,0,81.51,375,70.67,55.39,2.45,3.14,6.91,68.93,447.99,1428,494,295,74.25
2022-05-07,2022,5,7,5,127,18,2,1,0,1,Store_A,2,Clothing,Kids,50.77,0,0,50.77,384,55.08,71.08,7.92,2.55,6.68,78.51,569.11,1452,571,411,83.98
2013-07-18,2013,7,18,3,199,29,3,0,0,5,Store_E,2,Clothing,Accessories,47.64,0,0,47.64,191,49.03,48.28,5.79,2.54,6.98,56.58,455.84,1154,437,312,51.72
2014-12-15,2014,12,15,0,349,51,4,0,0,2,Store_B,4,Food,Fresh,18.6,0,0,18.6,242,18.76,57.9,3.76,3.2,7.23,60.38,437.92,1216,569,352,75.84
2012-03-02,2012,3,2,4,62,9,1,0,0,2,Store_B,1,Electronics,Phones,452.5,0,0,452.5,490,389.84,67.67,19.05,3.37,7.09,75.05,542.47,1292,495,333,57.53
2012-03-03,2012,3,3,5,63,9,1,1,0,4,Store_D,1,Electronics,Laptops,532.99,0,0,532.99,66,529.75,70.4,7.45,3.61,6.55,78.88,417.47,1377,539,517,46.59
2021-04-07,2021,4,7,2,97,14,2,0,0,3,Store_C,2,Clothing,Men,50.74,0,0,50.74,314,50.1,81.42,2.74,2.57,6.51,71.96,433.77,1473,454,253,100.08
2015-01-30,2015,1,30,4,30,5,1,0,0,4,Store_D,2,Clothing,Accessories,45.32,0,0,45.32,81,51.49,65.65,0.8,2.3,6.97,75.25,490.79,1283,457,359,62.72
2023-01-10,2023,1,10,1,10,2,1,0,0,1,Store_A,3,Home_Goods,Decor,162.71,0,0,162.71,291,146.19,60.28,0.14,3.37,6.8,60.46,589.89,1414,508,230,62.2
2015-06-04,2015,6,4,3,155,23,2,0,0,1,Store_A,3,Home_Goods,Furniture,162.49,0,0,162.49,412,164.13,73.25,4.1,3.11,6.94,70.33,477.52,1426,504,180,36.88
2018-11-08,2018,11,8,3,312,45,4,0,0,2,Store_B,1,Electronics,Laptops,470.17,0,0,470.17,407,401.14,39.46,0.57,2.0,6.07,59.79,529.05,949,413,270,25.77
2020-09-13,2020,9,13,6,257,37,3,1,0,5,Store_E,1,Electronics,Phones,464.15,0,0,464.15,280,450.25,37.41,21.66,3.05,7.03,53.67,527.25,1168,368,343,57.62
2023-08-25,2023,8,25,4,237,34,3,0,0,2,Store_B,3,Home_Goods,Bedding,164.56,0,0,164.56,221,156.87,34.4,7.29,2.57,6.68,57.11,417.58,1022,455,260,28.83
2019-02-11,2019,2,11,0,42,7,1,0,0,1,Store_A,2,Clothing,Women,51.42,0,0,51.42,217,49.69,75.54,4.2,2.32,6.2,66.04,567.28,1319,422,349,82.69
2014-03-11,2014,3,11,1,70,11,1,0,0,4,Store_D,5,Sports,Apparel,82.82,0,0,82.82,330,73.21,78.55,0.64,2.81,6.9,72.96,418.13,1393,571,326,60.67
2013-11-11,2013,11,11,0,315,46,4,0,0,5,Store_E,2,Clothing,Accessories,49.0,0,0,49.0,339,47.19,47.31,3.72,3.77,6.96,59.99,592.14,1098,518,342,61.17
2021-10-04,2021,10,4,0,277,40,4,0,0,5,Store_E,4,Food,Packaged,18.29,0,0,18.29,150,17.93,43.02,0.44,2.65,6.71,53.23,590.68,1238,542,295,87.89
2022-09-23,2022,9,23,4,266,38,3,0,0,5,Store_E,3,Home_Goods,Decor,154.48,15,1,131.31,83,126.52,34.44,3.4,3.16,7.28,57.1,623.88,1336,673,277,51.53
2010-03-25,2010,3,25,3,84,12,1,0,0,1,Store_A,2,Clothing,Kids,52.81,0,0,52.81,68,58.37,84.99,7.28,2.67,5.95,71.54,430.6,1464,481,423,49.36
2012-05-18,2012,5,18,4,139,20,2,0,0,4,Store_D,4,Food,Packaged,19.0,0,0,19.0,229,16.35,75.14,5.79,3.04,6.38,70.71,476.43,1328,550,309,100.37
2016-06-08,2016,6,8,2,160,23,2,0,0,4,Store_D,4,Food,Beverages,21.79,0,0,21.79,153,21.16,66.94,22.07,1.98,6.93,66.46,540.2,1369,604,320,93.77
2010-01-21,2010,1,21,3,21,3,1,0,0,5,Store_E,4,Food,Beverages,21.28,0,0,21.28,92,19.34,64.64,1.92,2.56,5.88,71.09,423.63,1377,572,318,90.39
2019-05-18,2019,5,18,5,138,20,2,1,0,3,Store_C,4,Food,Snacks,18.98,0,0,18.98,76,20.43,69.72,4.81,2.45,6.21,76.31,555.8,1390,514,492,106.91
2017-08-27,2017,8,27,6,239,34,3,1,0,1,Store_A,3,Home_Goods,Furniture,137.71,0,0,137.71,196,124.07,41.69,0.6,2.6,6.15,56.36,523.73,1151,533,431,44.28
2022-07-09,2022,7,9,5,190,27,3,1,0,1,Store_A,1,Electronics,Tablets,543.46,0,0,543.46,429,585.94,62.89,0.92,3.24,7.16,61.56,533.58,1299,548,470,81.37
2014-04-12,2014,4,12,5,102,15,2,1,0,4,Store_D,2,Clothing,Men,51.73,0,0,51.73,293,45.64,74.79,15.24,2.59,7.2,74.12,563.62,1423,530,355,83.61
2018-06-21,2018,6,21,3,172,25,2,0,0,4,Store_D,3,Home_Goods,Furniture,164.03,0,0,164.03,64,185.61,59.69,1.71,1.88,5.87,65.04,496.96,1234,562,313,39.77
2018-08-22,2018,8,22,2,234,34,3,0,0,5,Store_E,3,Home_Goods,Decor,147.31,0,0,147.31,425,156.0,42.86,5.35,1.87,6.11,57.17,438.5,1072,479,338,20.06
2012-08-31,2012,8,31,4,244,35,3,0,0,1,Store_A,2,Clothing,Men,49.67,0,0,49.67,281,53.97,38.08,2.86,3.21,6.35,55.29,566.85,1346,496,390,48.41
2014-09-07,2014,9,7,6,250,36,3,1,0,1,Store_A,4,Food,Packaged,18.04,0,0,18.04,85,18.19,41.07,1.97,2.52,7.07,50.51,496.72,977,498,445,94.75
2018-10-07,2018,10,7,6,280,40,4,1,0,1,Store_A,2,Clothing,Women,53.76,0,0,53.76,434,56.96,42.86,2.57,2.07,5.85,54.77,430.45,910,538,487,74.73
2021-12-20,2021,12,20,0,354,51,4,0,0,4,Store_D,4,Food,Fresh,21.91,0,0,21.91,359,20.37,52.55,1.24,3.2,6.8,65.23,582.9,1244,524,263,118.44
2023-03-13,2023,3,13,0,72,11,1,0,0,2,Store_B,1,Electronics,Phones,537.72,0,0,537.72,102,515.79,83.55,6.13,2.77,7.09,76.09,572.63,1489,525,287,65.85
2013-01-03,2013,1,3,3,3,1,1,0,0,5,Store_E,1,Electronics,Tablets,504.37,0,0,504.37,161,528.14,59.37,10.66,2.42,6.91,67.62,546.51,1294,476,330,35.26
2021-05-24,2021,5,24,0,144,21,2,0,0,4,Store_D,5,Sports,Footwear,74.27,0,0,74.27,248,83.34,78.46,7.47,3.43,6.97,78.52,443.47,1292,534,238,69.85
2017-10-15,2017,10,15,6,288,41,4,1,0,4,Store_D,3,Home_Goods,Decor,144.22,0,0,144.22,62,139.81,44.15,0.98,1.99,6.16,55.26,520.41,1096,503,442,33.52
2012-06-05,2012,6,5,1,157,23,2,0,0,3,Store_C,1,Electronics,Laptops,462.27,5,1,439.16,437,445.11,78.85,2.89,3.23,6.36,70.22,888.38,1599,666,255,55.03
2023-07-03,2023,7,3,0,184,27,3,0,0,1,Store_A,5,Sports,Footwear,83.76,0,0,83.76,400,95.76,64.88,4.99,2.68,6.64,62.26,411.71,1267,430,292,55.5
2020-01-27,2020,1,27,0,27,5,1,0,0,3,Store_C,1,Electronics,Accessories,516.45,0,0,516.45,236,582.2,69.82,1.28,2.66,6.77,69.95,471.61,1498,580,328,57.13
2022-07-17,2022,7,17,6,198,28,3,1,0,5,Store_E,5,Sports,Footwear,73.05,0,0,73.05,180,69.58,61.01,0.7,2.27,6.59,62.89,451.33,992,540,436,75.32
2019-10-07,2019,10,7,0,280,41,4,0,0,1,Store_A,1,Electronics,Laptops,510.18,0,0,510.18,207,484.74,44.69,5.1,2.74,5.97,56.05,426.7,943,509,202,27.6
2022-01-19,2022,1,19,2,19,3,1,0,0,4,Store_D,3,Home_Goods,Bedding,162.96,0,0,162.96,241,151.3,64.05,9.92,3.11,7.02,70.46,451.87,1429,488,296,74.22
2011-05-31,2011,5,31,1,151,22,2,0,0,4,Store_D,1,Electronics,Tablets,474.88,0,0,474.88,140,452.13,74.6,3.43,2.87,6.07,73.74,420.48,1160,443,348,48.33
2022-08-26,2022,8,26,4,238,34,3,0,0,2,Store_B,5,Sports,Apparel,77.81,0,0,77.81,153,77.08,36.23,0.61,2.97,7.05,56.34,579.41,1119,514,255,55.02
2012-01-08,2012,1,8,6,8,1,1,1,0,3,Store_C,1,Electronics,Laptops,463.59,0,0,463.59,252,509.19,60.84,5.35,2.91,6.36,67.18,463.77,1172,534,439,46.92
2013-12-24,2013,12,24,1,358,52,4,0,0,1,Store_A,4,Food,Fresh,20.02,0,0,20.02,401,18.84,63.71,3.37,2.5,6.95,68.88,560.71,1210,354,244,96.98
2020-11-15,2020,11,15,6,320,46,4,1,0,1,Store_A,5,Sports,Accessories,72.57,0,0,72.57,146,68.22,48.27,0.25,2.32,6.72,57.32,590.82,1072,448,376,59.1
2022-11-14,2022,11,14,0,318,46,4,0,0,5,Store_E,1,Electronics,Laptops,536.18,15,1,455.75,202,497.05,53.94,8.5,2.74,6.97,59.0,662.19,1150,611,355,68.84
2016-11-11,2016,11,11,4,316,45,4,0,0,1,Store_A,4,Food,Packaged,19.87,0,0,19.87,444,17.86,43.08,0.54,2.07,6.57,58.72,430.27,1155,572,254,80.42
2018-03-14,2018,3,14,2,73,11,1,0,0,2,Store_B,5,Sports,Apparel,75.21,5,1,71.45,316,61.63,79.57,9.18,1.76,5.97,72.05,891.13,1555,631,307,77.62
2015-10-28,2015,10,28,2,301,44,4,0,0,2,Store_B,1,Electronics,Laptops,474.02,0,0,474.02,488,443.13,46.07,12.66,2.88,6.96,58.62,462.91,1121,499,263,29.56
2018-01-05,2018,1,5,4,5,1,1,0,0,5,Store_E,2,Clothing,Men,54.57,0,0,54.57,91,59.34,58.19,0.54,1.68,5.82,67.73,539.74,1315,516,269,78.88
2022-12-29,2022,12,29,3,363,52,4,0,0,3,Store_C,5,Sports,Footwear,78.49,0,0,78.49,159,69.98,56.16,0.1,3.07,6.85,63.84,535.64,1287,450,241,59.08
2012-06-25,2012,6,25,0,177,26,2,0,0,3,Store_C,4,Food,Beverages,21.23,0,0,21.23,484,22.0,61.18,1.29,2.72,6.51,60.89,562.49,1356,575,182,104.98
2019-12-27,2019,12,27,4,361,52,4,0,0,4,Store_D,3,Home_Goods,Bedding,149.39,0,0,149.39,152,149.37,53.54,1.96,2.82,6.11,60.48,483.5,1276,476,244,54.16
2012-10-27,2012,10,27,5,301,43,4,1,0,5,Store_E,4,Food,Packaged,18.17,0,0,18.17,335,15.57,38.8,4.0,2.99,6.37,57.18,538.98,1225,489,347,89.31
2016-11-12,2016,11,12,5,317,45,4,1,0,3,Store_C,4,Food,Fresh,19.28,0,0,19.28,121,17.24,41.38,8.1,2.32,6.52,60.06,593.24,1008,469,445,81.41
2016-08-25,2016,8,25,3,238,34,3,0,0,5,Store_E,4,Food,Snacks,20.15,0,0,20.15,144,22.62,43.12,1.81,2.49,6.62,55.91,464.95,1244,504,266,73.74
2012-08-05,2012,8,5,6,218,31,3,1,0,2,Store_B,2,Clothing,Accessories,53.57,0,0,53.57,342,53.94,44.76,15.89,2.89,6.32,63.16,598.97,1080,460,510,63.65
2020-06-03,2020,6,3,2,155,23,2,0,0,1,Store_A,4,Food,Fresh,19.57,0,0,19.57,204,19.95,80.3,3.83,2.71,6.64,68.47,495.12,1370,509,299,108.46
2023-01-07,2023,1,7,5,7,1,1,1,0,1,Store_A,1,Electronics,Tablets,508.14,0,0,508.14,449,496.82,62.78,6.44,3.22,7.04,67.39,562.48,1355,467,502,72.18
2011-12-17,2011,12,17,5,351,50,4,1,0,4,Store_D,5,Sports,Equipment,82.86,0,0,82.86,134,86.25,50.42,1.1,2.79,6.35,62.45,513.28,1096,563,371,61.81
2021-02-07,2021,2,7,6,38,5,1,1,0,2,Store_B,5,Sports,Equipment,85.24,0,0,85.24,361,90.82,71.16,2.04,2.99,6.39,76.07,571.76,1431,468,484,86.7
2011-11-18,2011,11,18,4,322,46,4,0,0,5,Store_E,4,Food,Beverages,19.0,0,0,19.0,448,20.09,43.35,5.87,3.32,6.23,58.31,432.49,1059,625,330,73.02
2011-12-05,2011,12,5,0,339,49,4,0,0,5,Store_E,3,Home_Goods,Decor,145.29,0,0,145.29,359,149.49,46.66,18.57,2.54,6.2,61.67,425.6,1049,534,254,10.01
2019-02-24,2019,2,24,6,55,8,1,1,0,5,Store_E,3,Home_Goods,Bedding,158.22,0,0,158.22,107,160.44,77.19,0.63,2.33,6.03,74.43,599.72,1457,395,402,66.64
2016-06-11,2016,6,11,5,163,23,2,1,0,1,Store_A,3,Home_Goods,Bedding,145.8,0,0,145.8,128,125.71,67.94,9.65,2.02,6.44,64.94,470.85,1192,524,528,57.64
2016-03-07,2016,3,7,0,67,10,1,0,0,4,Store_D,5,Sports,Accessories,75.94,0,0,75.94,58,72.54,82.84,0.27,2.55,6.65,70.81,454.28,1349,457,292,67.93
2019-09-22,2019,9,22,6,265,38,3,1,0,3,Store_C,1,Electronics,Phones,525.7,25,1,394.28,73,358.62,36.12,0.46,2.28,5.95,54.14,881.78,1143,597,486,84.75
2011-04-19,2011,4,19,1,109,16,2,0,0,2,Store_B,4,Food,Beverages,19.93,0,0,19.93,270,21.51,78.4,24.15,2.29,6.32,75.98,482.97,1407,484,355,97.73
2010-01-22,2010,1,22,4,22,3,1,0,0,5,Store_E,1,Electronics,Accessories,467.74,0,0,467.74,241,478.4,64.32,1.44,2.61,6.21,69.38,512.37,1406,444,256,46.04
2017-07-15,2017,7,15,5,196,28,3,1,0,1,Store_A,5,Sports,Apparel,85.66,0,0,85.66,224,96.92,51.71,0.94,2.24,6.29,66.68,574.42,1145,447,404,66.29
2012-06-04,2012,6,4,0,156,23,2,0,0,4,Store_D,3,Home_Goods,Furniture,138.68,0,0,138.68,344,133.15,75.87,3.09,2.93,6.66,69.66,514.47,1354,462,229,44.92
2016-09-14,2016,9,14,2,258,37,3,0,0,5,Store_E,5,Sports,Footwear,73.72,0,0,73.72,478,74.51,44.88,18.48,1.89,6.6,59.03,513.5,918,497,246,25.75
2012-07-06,2012,7,6,4,188,27,3,0,0,5,Store_E,4,Food,Fresh,19.42,0,0,19.42,111,18.38,50.58,0.77,3.1,6.78,61.86,583.24,1483,468,372,87.19
2020-04-15,2020,4,15,2,106,16,2,0,0,1,Store_A,1,Electronics,Tablets,475.51,0,0,475.51,197,471.34,80.25,3.55,2.82,6.25,72.37,482.35,1322,384,338,70.64
2020-04-09,2020,4,9,3,100,15,2,0,0,5,Store_E,4,Food,Snacks,21.03,0,0,21.03,89,22.45,81.6,0.19,2.49,6.42,77.28,584.34,1562,458,204,106.54
2016-02-18,2016,2,18,3,49,7,1,0,0,1,Store_A,3,Home_Goods,Bedding,148.85,0,0,148.85,107,126.86,73.59,1.95,1.74,6.87,73.91,480.91,1315,525,260,33.15
2020-07-11,2020,7,11,5,193,28,3,1,0,4,Store_D,2,Clothing,Kids,45.91,0,0,45.91,351,39.94,60.17,1.29,2.03,6.65,66.59,598.18,1407,522,462,83.85
2019-04-19,2019,4,19,4,109,16,2,0,0,4,Store_D,5,Sports,Accessories,74.65,0,0,74.65,332,77.85,80.95,2.22,1.88,6.05,77.83,595.31,1368,597,234,73.3
2013-06-19,2013,6,19,2,170,25,2,0,0,5,Store_E,3,Home_Goods,Kitchen,143.88,0,0,143.88,169,134.58,74.57,9.31,2.81,6.68,64.25,577.03,1349,463,322,24.85
2011-04-29,2011,4,29,4,119,17,2,0,0,5,Store_E,4,Food,Fresh,21.02,0,0,21.02,257,20.74,69.96,6.05,3.21,6.25,76.56,502.52,1640,469,330,115.56
2021-11-16,2021,11,16,1,320,46,4,0,0,5,Store_E,4,Food,Snacks,21.78,0,0,21.78,81,22.32,47.45,2.75,2.83,6.83,56.96,548.05,1088,520,330,89.78
2018-02-11,2018,2,11,6,42,6,1,1,0,1,Store_A,4,Food,Snacks,21.49,0,0,21.49,73,22.02,76.52,1.67,2.53,5.86,70.14,409.4,1218,487,452,115.92
2013-05-04,2013,5,4,5,124,18,2,1,0,3,Store_C,2,Clothing,Accessories,46.17,0,0,46.17,113,42.32,81.35,12.19,3.01,6.69,70.91,418.98,1517,411,513,97.57
2010-10-05,2010,10,5,1,278,40,4,0,0,2,Store_B,5,Sports,Footwear,77.49,0,0,77.49,428,68.25,41.86,6.8,2.57,6.23,55.34,538.98,1028,547,276,30.33
2012-09-15,2012,9,15,5,259,37,3,1,0,3,Store_C,5,Sports,Accessories,77.95,20,1,62.36,179,71.1,43.47,6.17,2.83,6.52,56.84,625.55,1284,643,424,44.39
2015-09-16,2015,9,16,2,259,38,3,0,0,1,Store_A,3,Home_Goods,Kitchen,149.88,0,0,149.88,217,149.17,47.01,1.6,2.24,6.63,53.59,593.0,1094,484,300,19.0
2013-05-30,2013,5,30,3,150,22,2,0,0,4,Store_D,5,Sports,Footwear,78.84,0,0,78.84,300,81.63,70.25,6.69,2.75,6.76,68.1,446.4,1192,474,365,47.02
2016-07-10,2016,7,10,6,192,27,3,1,0,1,Store_A,5,Sports,Equipment,86.13,15,1,73.21,487,79.06,59.84,0.73,2.98,6.99,57.91,787.37,1245,592,473,73.55
2011-07-26,2011,7,26,1,207,30,3,0,0,3,Store_C,4,Food,Packaged,21.42,0,0,21.42,80,20.85,51.74,4.04,2.87,5.75,61.9,415.0,1133,504,318,71.77
2013-12-06,2013,12,6,4,340,49,4,0,0,4,Store_D,1,Electronics,Accessories,517.75,0,0,517.75,351,530.79,63.3,8.27,2.42,7.17,64.46,594.29,1065,573,353,46.47
2012-09-20,2012,9,20,3,264,38,3,0,0,2,Store_B,5,Sports,Apparel,78.39,0,0,78.39,333,69.7,35.09,6.61,3.42,6.84,51.32,553.97,1262,611,291,23.19
2020-10-05,2020,10,5,0,279,41,4,0,0,2,Store_B,1,Electronics,Tablets,493.57,0,0,493.57,86,550.61,40.0,2.2,2.77,6.45,56.41,559.37,1103,520,283,36.49
2019-06-10,2019,6,10,0,161,24,2,0,0,4,Store_D,1,Electronics,Accessories,479.83,0,0,479.83,117,414.23,55.91,2.6,1.71,6.26,71.25,421.48,1403,414,236,48.79
2011-08-09,2011,8,9,1,221,32,3,0,0,5,Store_E,5,Sports,Apparel,80.11,0,0,80.11,288,81.72,54.6,0.2,2.64,6.4,57.57,504.54,1038,505,319,25.74
2020-01-07,2020,1,7,1,7,2,1,0,0,2,Store_B,3,Home_Goods,Decor,148.73,0,0,148.73,436,128.0,52.28,1.31,2.23,6.7,62.11,554.03,1180,436,237,52.56
2016-11-19,2016,11,19,5,324,46,4,1,0,4,Store_D,4,Food,Fresh,21.14,0,0,21.14,450,22.45,43.06,2.38,2.02,6.45,55.79,420.46,949,496,461,89.67
2013-09-11,2013,9,11,2,254,37,3,0,0,2,Store_B,4,Food,Fresh,19.13,5,1,18.18,127,18.51,37.36,0.77,3.07,6.98,55.42,708.24,1306,682,271,73.51
2012-10-04,2012,10,4,3,278,40,4,0,0,1,Store_A,5,Sports,Accessories,72.5,0,0,72.5,404,80.86,42.79,2.06,3.35,6.67,56.47,518.97,1129,539,210,36.42
2011-11-06,2011,11,6,6,310,44,4,1,0,5,Store_E,1,Electronics,Tablets,463.09,0,0,463.09,492,506.35,35.17,0.18,3.11,5.7,59.38,420.22,1116,527,414,30.62
2016-08-09,2016,8,9,1,222,32,3,0,0,2,Store_B,5,Sports,Footwear,74.03,0,0,74.03,366,82.59,45.89,1.35,2.27,6.64,57.95,595.99,1152,461,276,37.75
2017-12-13,2017,12,13,2,347,50,4,0,0,2,Store_B,4,Food,Beverages,20.57,0,0,20.57,151,18.68,46.68,0.62,1.6,6.38,60.22,453.23,1090,513,299,86.7
2011-03-24,2011,3,24,3,83,12,1,0,0,1,Store_A,4,Food,Packaged,18.71,0,0,18.71,464,20.36,80.04,5.11,2.8,6.11,76.86,415.73,1461,398,253,109.98
2020-07-01,2020,7,1,2,183,27,3,0,0,5,Store_E,4,Food,Packaged,19.25,0,0,19.25,126,17.42,55.99,1.74,2.62,6.28,64.39,457.47,1308,600,294,101.54
2020-04-16,2020,4,16,3,107,16,2,0,0,5,Store_E,2,Clothing,Accessories,45.11,0,0,45.11,324,49.91,83.7,0.92,1.97,6.71,74.25,596.83,1566,537,284,93.57
2020-02-21,2020,2,21,4,52,8,1,0,0,4,Store_D,1,Electronics,Tablets,511.03,15,1,434.38,232,411.7,79.58,1.21,2.83,6.31,76.86,860.57,1526,567,301,93.38
2010-12-26,2010,12,26,6,360,51,4,1,0,4,Store_D,2,Clothing,Women,47.27,0,0,47.27,247,52.86,55.28,11.44,2.03,6.06,66.12,571.8,1172,473,426,50.77
2015-08-27,2015,8,27,3,239,35,3,0,0,4,Store_D,2,Clothing,Women,45.51,0,0,45.51,148,42.38,43.41,13.14,2.52,6.77,55.25,511.56,1219,432,364,45.91
2022-03-08,2022,3,8,1,67,10,1,0,0,5,Store_E,4,Food,Beverages,20.56,0,0,20.56,135,22.01,76.62,0.78,2.72,7.16,70.04,403.32,1323,602,297,107.44
2020-06-07,2020,6,7,6,159,23,2,1,0,2,Store_B,5,Sports,Footwear,84.28,0,0,84.28,144,71.83,65.2,2.3,2.89,6.38,67.5,565.69,1361,463,382,67.16
2014-08-18,2014,8,18,0,230,34,3,0,0,4,Store_D,4,Food,Fresh,18.49,0,0,18.49,152,18.16,45.93,14.89,2.91,7.19,60.56,518.37,1119,442,255,72.29
2021-11-05,2021,11,5,4,309,44,4,0,0,4,Store_D,4,Food,Fresh,20.2,0,0,20.2,182,20.75,38.51,2.01,2.61,6.5,54.38,576.92,1070,496,356,78.88
2014-03-29,2014,3,29,5,88,13,1,1,0,3,Store_C,2,Clothing,Men,47.34,0,0,47.34,325,49.85,81.56,7.28,2.36,7.1,77.19,485.19,1407,540,436,88.62
2013-06-01,2013,6,1,5,152,22,2,1,0,3,Store_C,1,Electronics,Accessories,542.2,0,0,542.2,388,497.27,69.48,0.21,3.19,6.6,71.08,499.71,1468,474,427,45.57
2015-06-09,2015,6,9,1,160,24,2,0,0,3,Store_C,5,Sports,Footwear,84.82,0,0,84.82,83,76.22,71.78,4.18,2.25,6.58,69.97,525.81,1378,514,325,64.18
2010-10-22,2010,10,22,4,295,42,4,0,0,3,Store_C,5,Sports,Accessories,79.74,0,0,79.74,318,80.81,39.41,1.36,2.3,5.92,51.56,540.81,1025,437,314,25.03
2014-03-28,2014,3,28,4,87,13,1,0,0,1,Store_A,1,Electronics,Tablets,540.52,0,0,540.52,194,604.14,76.33,0.12,2.93,7.07,75.98,549.27,1560,431,274,41.22
2015-07-06,2015,7,6,0,187,28,3,0,0,2,Store_B,4,Food,Snacks,18.61,0,0,18.61,373,18.42,48.23,0.28,2.59,6.69,65.22,470.81,1123,479,250,98.25
2011-08-12,2011,8,12,4,224,32,3,0,0,1,Store_A,2,Clothing,Men,45.8,0,0,45.8,207,48.42,46.57,3.79,3.16,6.14,52.67,426.4,1127,600,298,56.22
2019-02-12,2019,2,12,1,43,7,1,0,0,3,Store_C,3,Home_Goods,Furniture,151.0,0,0,151.0,205,165.61,73.38,5.58,2.68,6.21,68.93,562.16,1400,483,284,53.19
2016-07-31,2016,7,31,6,213,30,3,1,0,2,Store_B,4,Food,Snacks,19.54,0,0,19.54,174,16.8,43.53,7.11,2.11,6.26,63.54,409.16,1160,453,467,96.99
2015-10-31,2015,10,31,5,304,44,4,1,0,4,Store_D,5,Sports,Apparel,82.43,0,0,82.43,185,82.12,54.47,7.29,2.39,7.08,60.78,474.33,982,513,386,40.57
2022-01-06,2022,1,6,3,6,1,1,0,0,5,Store_E,2,Clothing,Men,51.87,0,0,51.87,420,46.78,63.75,2.28,2.91,7.04,66.91,549.88,1237,537,326,82.19
2016-08-07,2016,8,7,6,220,31,3,1,0,2,Store_B,1,Electronics,Tablets,533.99,0,0,533.99,180,515.41,44.1,2.07,2.11,6.9,57.94,452.42,1102,547,530,30.4
2017-06-12,2017,6,12,0,163,24,2,0,0,3,Store_C,3,Home_Goods,Furniture,138.49,20,1,110.79,96,102.76,68.77,0.83,2.19,6.04,68.43,874.68,1534,555,331,59.87
2011-03-02,2011,3,2,2,61,9,1,0,0,3,Store_C,2,Clothing,Men,50.13,0,0,50.13,254,54.98,74.97,1.9,2.4,5.93,72.74,500.71,1397,568,359,69.03
2017-01-26,2017,1,26,3,26,4,1,0,0,5,Store_E,1,Electronics,Phones,484.82,20,1,387.86,322,357.62,72.79,0.55,1.2,6.2,68.84,716.95,1375,629,304,77.01
2012-11-20,2012,11,20,1,325,47,4,0,0,5,Store_E,5,Sports,Footwear,84.47,0,0,84.47,215,87.74,41.96,0.93,2.96,6.74,62.39,519.54,1099,431,317,47.22
2020-11-10,2020,11,10,1,315,46,4,0,0,4,Store_D,1,Electronics,Accessories,487.78,0,0,487.78,215,448.01,45.85,2.59,2.89,6.59,54.77,563.63,899,416,300,55.07
2022-06-29,2022,6,29,2,180,26,2,0,0,3,Store_C,3,Home_Goods,Decor,152.93,0,0,152.93,64,165.54,67.66,1.61,3.15,7.0,65.21,527.94,1335,450,245,40.99
2011-07-11,2011,7,11,0,192,28,3,0,0,3,Store_C,3,Home_Goods,Decor,164.94,0,0,164.94,127,140.37,51.57,1.77,3.34,6.27,62.92,485.42,1129,505,281,37.28
2021-12-07,2021,12,7,1,341,49,4,0,0,2,Store_B,1,Electronics,Laptops,503.48,0,0,503.48,219,548.08,62.94,12.81,2.91,6.92,55.47,512.71,1042,428,289,67.86
2020-10-13,2020,10,13,1,287,42,4,0,0,4,Store_D,3,Home_Goods,Kitchen,146.2,0,0,146.2,423,139.81,36.38,9.0,2.34,6.38,57.35,569.74,1064,531,258,33.95
2022-11-26,2022,11,26,5,330,47,4,1,1,2,Store_B,4,Food,Fresh,19.67,5,1,18.69,83,21.31,51.61,0.28,3.04,6.98,60.79,641.02,1321,637,678,158.02
2016-10-05,2016,10,5,2,279,40,4,0,0,2,Store_B,1,Electronics,Accessories,523.21,0,0,523.21,284,493.83,36.95,0.06,2.26,6.48,54.65,439.57,991,574,408,25.9
2022-11-24,2022,11,24,3,328,47,4,0,1,5,Store_E,1,Electronics,Phones,509.73,5,1,484.24,266,552.02,46.0,4.26,2.86,7.11,55.99,857.53,1115,558,548,93.47
2010-12-22,2010,12,22,2,356,51,4,0,0,5,Store_E,1,Electronics,Laptops,506.21,0,0,506.21,277,526.99,56.1,12.99,2.33,6.42,63.58,582.52,1260,553,203,26.48
2013-04-08,2013,4,8,0,98,15,2,0,0,1,Store_A,1,Electronics,Accessories,469.69,0,0,469.69,342,434.87,72.65,7.32,3.36,6.78,77.77,505.12,1430,451,244,53.72
2014-09-13,2014,9,13,5,256,37,3,1,0,5,Store_E,4,Food,Snacks,19.82,0,0,19.82,158,17.44,41.26,19.8,2.81,6.96,59.09,537.73,858,488,515,90.01
2019-05-10,2019,5,10,4,130,19,2,0,0,3,Store_C,4,Food,Packaged,19.74,0,0,19.74,168,22.13,71.09,0.6,2.49,6.15,69.57,478.19,1400,608,251,120.28
2017-02-17,2017,2,17,4,48,7,1,0,0,5,Store_E,3,Home_Goods,Kitchen,145.45,0,0,145.45,455,139.64,69.94,1.77,1.83,6.07,73.38,448.22,1476,544,240,68.72
2021-04-22,2021,4,22,3,112,16,2,0,0,4,Store_D,3,Home_Goods,Decor,137.35,0,0,137.35,135,137.69,80.88,0.68,3.09,6.43,76.4,441.37,1287,578,323,74.06
2017-09-29,2017,9,29,4,272,39,3,0,0,1,Store_A,5,Sports,Accessories,86.07,10,1,77.47,386,80.38,46.29,1.35,1.75,5.98,54.34,725.85,1241,552,250,54.59
2014-09-01,2014,9,1,0,244,36,3,0,0,2,Store_B,3,Home_Goods,Kitchen,150.0,0,0,150.0,152,161.95,36.59,3.3,2.66,6.95,59.66,427.36,937,445,360,16.39
2017-11-03,2017,11,3,4,307,44,4,0,0,2,Store_B,4,Food,Packaged,21.62,0,0,21.62,113,20.72,39.71,2.04,2.01,6.01,53.42,589.48,944,462,369,90.59
2017-03-03,2017,3,3,4,62,9,1,0,0,1,Store_A,1,Electronics,Tablets,484.45,0,0,484.45,386,519.88,81.22,5.07,2.55,6.25,74.06,501.83,1348,623,344,65.58
2016-07-28,2016,7,28,3,210,30,3,0,0,1,Store_A,1,Electronics,Phones,504.19,0,0,504.19,150,535.89,46.87,5.85,1.75,6.5,56.36,547.54,1309,545,265,35.45
2015-11-10,2015,11,10,1,314,46,4,0,0,3,Store_C,4,Food,Packaged,20.59,0,0,20.59,200,22.26,37.81,0.86,2.97,7.08,54.79,476.39,1313,460,290,82.62
2018-11-14,2018,11,14,2,318,46,4,0,0,1,Store_A,2,Clothing,Kids,51.48,10,1,46.33,103,46.38,40.49,2.29,1.9,5.94,65.1,771.01,1087,621,302,57.91
2016-07-11,2016,7,11,0,193,28,3,0,0,5,Store_E,1,Electronics,Laptops,480.7,0,0,480.7,251,470.43,50.16,3.14,2.31,5.94,63.75,452.49,931,433,306,41.49
2018-10-24,2018,10,24,2,297,43,4,0,0,4,Store_D,5,Sports,Accessories,77.54,0,0,77.54,483,88.65,34.1,14.35,1.97,5.58,54.49,442.76,923,464,282,33.68
2020-10-10,2020,10,10,5,284,41,4,1,0,2,Store_B,3,Home_Goods,Bedding,163.3,0,0,163.3,322,174.96,38.65,0.99,2.39,6.42,51.06,463.08,960,491,527,46.82
2013-07-09,2013,7,9,1,190,28,3,0,0,5,Store_E,4,Food,Fresh,19.17,15,1,16.29,273,14.03,59.01,7.65,3.44,6.97,64.54,865.75,1394,673,303,89.24
2020-05-24,2020,5,24,6,145,21,2,1,0,3,Store_C,3,Home_Goods,Kitchen,150.82,0,0,150.82,491,170.0,66.41,4.65,2.69,6.61,71.27,438.06,1352,473,511,66.27
2023-05-27,2023,5,27,5,147,21,2,1,0,1,Store_A,5,Sports,Apparel,78.04,0,0,78.04,349,85.26,68.11,5.44,2.78,6.63,72.39,543.93,1473,486,386,81.3
2022-03-27,2022,3,27,6,86,12,1,1,0,5,Store_E,2,Clothing,Women,51.73,0,0,51.73,481,55.54,74.57,1.53,2.66,6.9,72.32,590.57,1478,487,406,104.76
2015-09-19,2015,9,19,5,262,38,3,1,0,2,Store_B,2,Clothing,Accessories,51.09,10,1,45.98,206,46.56,40.11,0.66,2.51,6.9,50.13,634.4,1156,620,453,74.25
2015-03-05,2015,3,5,3,64,10,1,0,0,3,Store_C,1,Electronics,Accessories,492.32,0,0,492.32,458,466.71,81.15,10.84,2.02,6.59,75.98,572.75,1339,529,360,56.85
2022-08-28,2022,8,28,6,240,34,3,1,0,3,Store_C,1,Electronics,Tablets,536.75,0,0,536.75,85,494.42,45.53,0.53,2.27,7.19,56.83,575.53,1230,511,392,47.3
2014-05-11,2014,5,11,6,131,19,2,1,0,4,Store_D,5,Sports,Accessories,78.5,0,0,78.5,86,80.2,66.01,2.73,3.16,6.87,75.39,574.28,1470,537,477,77.34
2013-09-08,2013,9,8,6,251,36,3,1,0,1,Store_A,2,Clothing,Women,47.38,0,0,47.38,465,52.19,41.61,1.27,2.89,6.72,52.29,441.29,1137,511,468,48.91
2022-02-18,2022,2,18,4,49,7,1,0,0,4,Store_D,5,Sports,Apparel,85.19,0,0,85.19,243,82.59,75.23,0.73,2.81,6.62,71.32,452.17,1339,463,343,78.24
2015-12-03,2015,12,3,3,337,49,4,0,0,3,Store_C,2,Clothing,Accessories,52.32,0,0,52.32,250,50.63,48.66,0.22,2.3,6.89,60.42,568.74,1397,523,286,48.64
2016-07-24,2016,7,24,6,206,29,3,1,0,2,Store_B,4,Food,Fresh,18.38,0,0,18.38,250,19.74,58.48,11.52,2.52,6.72,63.37,443.2,1132,542,470,95.33
2023-01-21,2023,1,21,5,21,3,1,1,0,4,Store_D,4,Food,Fresh,19.61,0,0,19.61,373,19.13,63.39,0.64,3.64,7.1,70.45,506.24,1325,467,438,119.35
2016-03-21,2016,3,21,0,81,12,1,0,0,3,Store_C,4,Food,Packaged,19.54,0,0,19.54,462,21.93,79.72,3.6,1.96,6.52,76.86,535.81,1462,455,294,122.07
2022-04-18,2022,4,18,0,108,16,2,0,0,5,Store_E,5,Sports,Footwear,74.11,5,1,70.41,65,65.27,71.7,1.22,3.14,7.11,75.04,660.83,1530,532,281,74.81
2018-07-09,2018,7,9,0,190,28,3,0,0,4,Store_D,5,Sports,Apparel,81.07,0,0,81.07,302,69.11,49.04,0.61,1.82,5.9,60.59,537.33,1170,509,245,47.44
2013-02-11,2013,2,11,0,42,7,1,0,0,3,Store_C,3,Home_Goods,Decor,142.22,5,1,135.11,446,123.49,74.57,6.4,2.81,7.17,66.35,811.8,1581,660,316,51.04
2020-08-31,2020,8,31,0,244,36,3,0,0,5,Store_E,5,Sports,Accessories,84.18,0,0,84.18,338,72.05,36.42,10.08,2.72,6.41,57.16,420.69,966,480,238,51.84
2012-08-30,2012,8,30,3,243,35,3,0,0,5,Store_E,4,Food,Packaged,20.49,5,1,19.47,324,17.67,42.33,8.22,3.23,6.69,55.27,847.4,1266,561,297,85.96
2012-03-06,2012,3,6,1,66,10,1,0,0,2,Store_B,1,Electronics,Phones,543.15,0,0,543.15,358,593.73,86.81,2.85,2.79,6.8,72.66,434.97,1283,466,237,47.44
2018-04-09,2018,4,9,0,99,15,2,0,0,3,Store_C,1,Electronics,Phones,541.12,5,1,514.07,115,464.68,70.94,6.67,2.26,6.06,71.53,600.0,1430,575,321,67.26
2014-09-08,2014,9,8,0,251,37,3,0,0,3,Store_C,5,Sports,Apparel,84.31,5,1,80.1,283,70.66,41.64,0.5,2.65,6.89,56.31,697.45,1129,485,314,29.31
2019-04-11,2019,4,11,3,101,15,2,0,0,5,Store_E,5,Sports,Footwear,85.04,0,0,85.04,102,96.64,85.37,4.69,1.87,6.27,75.91,446.63,1238,460,275,70.1
2010-02-06,2010,2,6,5,37,5,1,1,0,5,Store_E,4,Food,Packaged,18.75,0,0,18.75,144,16.25,75.88,0.03,2.54,6.0,72.3,544.58,1447,541,362,122.43
2011-03-30,2011,3,30,2,89,13,1,0,0,5,Store_E,4,Food,Packaged,20.52,0,0,20.52,172,22.27,84.56,0.01,2.47,6.14,69.76,483.99,1385,447,344,108.61
2012-07-02,2012,7,2,0,184,27,3,0,0,1,Store_A,3,Home_Goods,Bedding,151.45,5,1,143.88,93,150.41,58.92,1.2,3.07,6.79,71.86,777.31,1391,588,366,37.89
2021-03-05,2021,3,5,4,64,9,1,0,0,5,Store_E,4,Food,Beverages,21.26,0,0,21.26,471,18.44,81.71,6.17,2.36,7.06,80.28,416.26,1329,550,384,111.58
2013-04-14,2013,4,14,6,104,15,2,1,0,5,Store_E,3,Home_Goods,Bedding,157.31,0,0,157.31,215,172.74,77.91,7.36,2.61,6.58,69.92,491.98,1315,540,364,55.01
2013-06-28,2013,6,28,4,179,26,2,0,0,3,Store_C,4,Food,Snacks,19.83,0,0,19.83,72,21.61,67.3,3.55,2.87,6.66,62.36,444.77,1204,483,307,92.82
2016-07-03,2016,7,3,6,185,26,3,1,0,3,Store_C,3,Home_Goods,Decor,163.14,0,0,163.14,464,155.08,64.53,0.3,1.75,6.64,63.38,581.87,1186,470,435,46.55
2010-02-07,2010,2,7,6,38,5,1,1,0,4,Store_D,5,Sports,Apparel,87.49,0,0,87.49,261,87.69,69.88,4.72,2.41,6.13,66.1,430.87,1615,419,442,54.73
2012-09-01,2012,9,1,5,245,35,3,1,0,2,Store_B,3,Home_Goods,Decor,157.01,0,0,157.01,72,147.84,44.23,2.74,3.18,6.67,58.8,408.01,1139,569,514,10.8
2018-10-01,2018,10,1,0,274,40,4,0,0,2,Store_B,1,Electronics,Phones,540.2,0,0,540.2,249,522.49,49.78,1.52,1.66,5.98,50.2,407.13,1111,523,288,46.7
2012-09-10,2012,9,10,0,254,37,3,0,0,1,Store_A,5,Sports,Accessories,77.16,0,0,77.16,406,71.52,37.85,6.68,2.79,6.45,56.76,417.05,1129,435,339,13.22
2020-09-09,2020,9,9,2,253,37,3,0,0,3,Store_C,3,Home_Goods,Kitchen,157.0,0,0,157.0,145,138.82,41.27,10.22,2.64,6.57,56.02,514.1,1160,422,366,30.4
2021-02-21,2021,2,21,6,52,7,1,1,0,3,Store_C,5,Sports,Apparel,87.07,0,0,87.07,84,82.29,72.94,5.48,3.1,6.76,69.52,550.23,1373,480,380,80.28
2013-11-19,2013,11,19,1,323,47,4,0,0,2,Store_B,3,Home_Goods,Furniture,154.14,0,0,154.14,255,148.99,52.12,0.24,2.5,6.72,62.94,592.7,1311,518,176,28.86
2019-02-15,2019,2,15,4,46,7,1,0,0,1,Store_A,1,Electronics,Tablets,464.66,0,0,464.66,146,416.84,77.19,5.09,1.88,5.77,70.48,522.55,1439,450,334,63.52
2014-04-10,2014,4,10,3,100,15,2,0,0,2,Store_B,2,Clothing,Men,54.74,0,0,54.74,429,47.46,81.36,0.16,2.9,7.22,69.19,454.07,1370,456,283,66.95
2010-02-09,2010,2,9,1,40,6,1,0,0,5,Store_E,3,Home_Goods,Furniture,157.52,0,0,157.52,340,141.65,75.43,3.7,2.81,6.17,70.38,478.49,1341,565,266,22.73
2014-01-26,2014,1,26,6,26,4,1,1,0,5,Store_E,1,Electronics,Tablets,500.92,0,0,500.92,134,528.27,67.27,0.15,3.02,7.06,67.91,458.97,1280,506,399,49.95
2020-08-19,2020,8,19,2,232,34,3,0,0,2,Store_B,2,Clothing,Accessories,49.78,15,1,42.31,285,45.12,45.19,2.7,2.51,6.45,58.39,735.38,1305,595,356,67.9
2010-06-19,2010,6,19,5,170,24,2,1,0,5,Store_E,1,Electronics,Laptops,528.74,0,0,528.74,494,588.02,69.54,3.46,2.63,5.77,67.48,556.8,1321,364,473,64.12
2013-09-17,2013,9,17,1,260,38,3,0,0,2,Store_B,4,Food,Snacks,19.56,0,0,19.56,429,17.61,36.33,1.39,2.92,7.0,48.66,446.11,1100,464,296,78.68
2017-08-17,2017,8,17,3,229,33,3,0,0,3,Store_C,4,Food,Fresh,21.4,0,0,21.4,314,24.22,48.14,8.39,1.95,6.02,57.46,589.54,1029,538,409,92.6
2019-12-12,2019,12,12,3,346,50,4,0,0,5,Store_E,1,Electronics,Tablets,496.83,0,0,496.83,75,433.85,57.34,2.47,2.46,6.18,65.58,495.07,1153,425,316,42.3
2023-01-01,2023,1,1,6,1,52,1,1,1,4,Store_D,5,Sports,Footwear,73.98,15,1,62.88,62,68.1,55.06,1.1,2.81,6.86,68.4,782.61,1434,587,736,123.95
2020-12-18,2020,12,18,4,353,51,4,0,0,3,Store_C,5,Sports,Footwear,82.18,0,0,82.18,206,72.86,64.05,0.04,2.65,6.91,60.24,547.62,1350,551,345,57.93
2017-05-06,2017,5,6,5,126,18,2,1,0,2,Store_B,1,Electronics,Accessories,526.46,0,0,526.46,264,522.85,74.6,2.4,1.58,5.93,71.34,551.83,1439,504,411,71.83
2022-11-18,2022,11,18,4,322,46,4,0,0,2,Store_B,5,Sports,Apparel,78.79,0,0,78.79,121,88.45,49.93,9.91,2.75,6.94,54.81,459.01,1078,502,264,44.33
2021-01-08,2021,1,8,4,8,1,1,0,0,2,Store_B,5,Sports,Equipment,79.85,0,0,79.85,122,91.43,61.83,1.8,2.57,6.59,63.92,476.53,1222,464,261,70.03
2014-06-29,2014,6,29,6,180,26,2,1,0,3,Store_C,5,Sports,Equipment,74.29,0,0,74.29,317,68.27,59.31,8.08,3.02,7.2,65.43,563.86,1326,489,418,59.29
2013-07-14,2013,7,14,6,195,28,3,1,0,4,Store_D,4,Food,Fresh,18.53,5,1,17.6,422,17.19,56.45,0.4,2.85,6.85,60.76,887.34,1211,551,450,108.67
2013-10-12,2013,10,12,5,285,41,4,1,0,5,Store_E,3,Home_Goods,Kitchen,150.98,0,0,150.98,457,135.11,40.23,24.76,2.99,6.74,60.86,584.01,1062,568,486,39.67
2015-04-18,2015,4,18,5,108,16,2,1,0,3,Store_C,2,Clothing,Kids,52.81,0,0,52.81,134,49.91,87.84,3.97,2.8,6.98,69.92,466.49,1313,437,519,88.45
2011-08-03,2011,8,3,2,215,31,3,0,0,2,Store_B,5,Sports,Accessories,86.21,0,0,86.21,339,77.56,50.3,19.79,3.32,6.06,59.83,520.78,1189,478,297,44.6
2021-07-22,2021,7,22,3,203,29,3,0,0,5,Store_E,1,Electronics,Tablets,477.01,0,0,477.01,52,449.97,48.41,0.85,3.47,6.92,62.0,571.2,1133,467,302,56.69
2018-08-27,2018,8,27,0,239,35,3,0,0,2,Store_B,2,Clothing,Kids,50.14,0,0,50.14,420,44.5,45.6,3.37,1.96,6.12,53.45,481.09,1216,505,284,67.98
2015-07-24,2015,7,24,4,205,30,3,0,0,2,Store_B,2,Clothing,Kids,46.34,0,0,46.34,130,41.16,54.54,8.02,2.68,6.67,58.87,407.47,896,472,324,61.88
2012-06-11,2012,6,11,0,163,24,2,0,0,1,Store_A,2,Clothing,Men,48.61,25,1,36.46,341,39.62,68.09,9.84,2.87,6.61,69.14,650.16,1623,577,352,90.18
2020-10-26,2020,10,26,0,300,44,4,0,0,2,Store_B,3,Home_Goods,Kitchen,163.49,0,0,163.49,212,148.06,49.56,3.96,1.9,6.25,58.59,526.91,1051,487,294,43.95
2012-02-20,2012,2,20,0,51,8,1,0,0,2,Store_B,2,Clothing,Accessories,51.8,0,0,51.8,138,50.42,81.24,2.09,3.01,6.27,72.9,443.93,1316,498,180,58.24
2010-06-09,2010,6,9,2,160,23,2,0,0,4,Store_D,4,Food,Fresh,21.43,0,0,21.43,125,22.53,75.72,1.87,1.86,6.26,58.62,477.45,1274,514,324,96.36
2010-01-03,2010,1,3,6,3,53,1,1,0,4,Store_D,5,Sports,Accessories,72.55,0,0,72.55,469,65.63,58.8,1.17,2.96,5.91,65.72,568.46,1076,447,458,57.88
2016-03-13,2016,3,13,6,73,10,1,1,0,1,Store_A,1,Electronics,Accessories,497.85,0,0,497.85,320,551.76,72.31,0.99,2.09,6.42,73.01,510.13,1330,556,349,76.46
2018-10-22,2018,10,22,0,295,43,4,0,0,2,Store_B,3,Home_Goods,Kitchen,140.25,0,0,140.25,357,138.7,36.33,5.97,1.68,5.89,63.94,440.55,1063,520,282,22.84
2015-10-11,2015,10,11,6,284,41,4,1,0,5,Store_E,1,Electronics,Accessories,506.48,0,0,506.48,461,559.23,38.22,4.67,2.56,6.55,59.51,464.54,1026,464,469,40.69
2012-04-29,2012,4,29,6,120,17,2,1,0,1,Store_A,2,Clothing,Accessories,52.93,0,0,52.93,310,57.91,79.36,7.15,3.36,6.42,72.58,572.56,1297,499,483,86.4
2017-06-30,2017,6,30,4,181,26,2,0,0,3,Store_C,5,Sports,Footwear,77.65,0,0,77.65,345,77.61,59.66,12.45,2.0,5.77,63.61,510.38,1094,486,360,54.61
2016-10-02,2016,10,2,6,276,39,4,1,0,2,Store_B,4,Food,Beverages,20.2,0,0,20.2,491,19.64,33.28,0.05,2.11,6.31,53.78,484.35,1065,473,520,87.3
2019-12-30,2019,12,30,0,364,1,4,0,0,1,Store_A,3,Home_Goods,Kitchen,159.92,0,0,159.92,484,138.72,48.73,0.15,2.45,5.83,67.52,464.4,1211,492,194,68.76
2014-05-16,2014,5,16,4,136,20,2,0,0,2,Store_B,3,Home_Goods,Decor,144.82,0,0,144.82,479,134.99,78.72,6.16,2.79,7.23,74.93,531.93,1338,530,276,43.65
2014-11-12,2014,11,12,2,316,46,4,0,0,3,Store_C,1,Electronics,Accessories,535.49,0,0,535.49,272,521.3,39.63,3.24,2.66,6.77,56.3,489.98,991,488,317,22.77
2015-03-29,2015,3,29,6,88,13,1,1,0,5,Store_E,2,Clothing,Men,47.64,0,0,47.64,483,45.87,78.9,3.2,2.63,6.68,77.58,436.36,1417,492,441,95.64
2012-11-09,2012,11,9,4,314,45,4,0,0,3,Store_C,4,Food,Packaged,19.13,0,0,19.13,292,18.56,40.35,18.54,2.92,6.42,54.64,463.86,1040,543,316,69.25
2022-11-27,2022,11,27,6,331,47,4,1,1,3,Store_C,4,Food,Snacks,19.1,10,1,17.19,336,18.18,50.07,8.04,3.23,7.02,62.5,814.52,1461,628,721,153.36
2014-03-25,2014,3,25,1,84,13,1,0,0,4,Store_D,3,Home_Goods,Furniture,139.89,10,1,125.9,73,126.97,87.81,1.88,2.82,6.95,72.86,647.7,1530,623,342,57.79
2017-06-29,2017,6,29,3,180,26,2,0,0,3,Store_C,3,Home_Goods,Decor,149.81,0,0,149.81,430,144.23,62.39,3.78,2.16,5.86,58.63,576.93,1218,527,300,43.61
2020-02-24,2020,2,24,0,55,9,1,0,0,3,Store_C,2,Clothing,Accessories,46.08,0,0,46.08,469,41.0,75.6,0.95,2.65,6.23,78.05,443.59,1541,519,307,96.13
2022-08-23,2022,8,23,1,235,34,3,0,0,3,Store_C,1,Electronics,Accessories,540.33,0,0,540.33,225,586.94,41.62,11.48,3.05,6.8,55.12,497.5,1140,506,276,44.55
2010-02-23,2010,2,23,1,54,8,1,0,0,3,Store_C,2,Clothing,Accessories,48.61,20,1,38.89,494,42.27,77.11,0.45,3.08,6.26,75.08,817.23,1572,600,313,97.52
2014-12-02,2014,12,2,1,336,49,4,0,0,2,Store_B,2,Clothing,Men,45.82,0,0,45.82,257,41.08,58.21,22.24,2.86,7.13,58.73,433.86,1102,492,279,49.41
2015-03-27,2015,3,27,4,86,13,1,0,0,3,Store_C,2,Clothing,Accessories,50.12,0,0,50.12,422,44.45,77.33,2.31,2.68,6.48,72.47,480.89,1376,533,280,82.07
2016-04-25,2016,4,25,0,116,17,2,0,0,3,Store_C,4,Food,Snacks,21.36,0,0,21.36,378,23.15,77.09,6.83,1.88,6.81,80.42,431.49,1430,437,249,96.18
2016-12-28,2016,12,28,2,363,52,4,0,0,1,Store_A,3,Home_Goods,Furniture,154.26,0,0,154.26,337,131.6,60.98,7.7,2.4,6.16,62.58,473.73,1251,465,326,36.56
2017-09-01,2017,9,1,4,244,35,3,0,0,2,Store_B,2,Clothing,Accessories,48.98,0,0,48.98,470,42.59,39.62,28.52,1.61,5.99,59.12,552.48,1224,419,338,64.79
2021-03-10,2021,3,10,2,69,10,1,0,0,2,Store_B,5,Sports,Equipment,79.14,0,0,79.14,444,82.65,78.25,1.19,2.82,6.73,73.66,512.06,1549,524,294,73.23
2021-04-20,2021,4,20,1,110,16,2,0,0,1,Store_A,5,Sports,Accessories,87.9,0,0,87.9,447,75.66,85.23,0.82,2.33,7.1,78.1,580.54,1457,462,308,80.79
2012-04-04,2012,4,4,2,95,14,2,0,0,1,Store_A,4,Food,Beverages,20.5,0,0,20.5,384,22.88,79.39,2.57,2.97,6.59,71.48,535.87,1409,499,348,109.76
2022-12-17,2022,12,17,5,351,50,4,1,0,1,Store_A,4,Food,Fresh,20.97,0,0,20.97,373,19.29,58.37,0.02,3.47,7.25,64.49,546.58,1242,436,551,122.92
2018-09-14,2018,9,14,4,257,37,3,0,0,2,Store_B,2,Clothing,Women,46.93,5,1,44.58,473,44.61,40.46,15.85,1.88,5.81,54.32,691.56,1088,651,363,60.6
2019-04-25,2019,4,25,3,115,17,2,0,0,5,Store_E,4,Food,Beverages,20.22,0,0,20.22,154,22.39,76.69,4.82,2.82,6.07,71.96,556.14,1633,454,320,109.14
2013-10-21,2013,10,21,0,294,43,4,0,0,3,Store_C,4,Food,Packaged,20.25,30,1,14.17,78,15.14,44.09,2.14,2.78,7.32,57.57,782.81,1292,662,296,92.71
2019-10-05,2019,10,5,5,278,40,4,1,0,1,Store_A,4,Food,Beverages,19.28,0,0,19.28,265,20.92,41.91,0.1,1.87,6.03,53.57,431.23,1067,502,505,110.35
2023-05-09,2023,5,9,1,129,19,2,0,0,1,Store_A,5,Sports,Footwear,77.34,0,0,77.34,289,80.63,74.83,10.98,2.65,6.93,68.2,415.4,1344,427,287,82.11
2012-06-03,2012,6,3,6,155,22,2,1,0,3,Store_C,1,Electronics,Laptops,539.17,0,0,539.17,439,518.53,59.25,5.21,2.63,6.5,71.14,597.38,1354,443,418,57.12
2020-06-02,2020,6,2,1,154,23,2,0,0,5,Store_E,3,Home_Goods,Furniture,162.88,0,0,162.88,491,144.01,63.42,4.72,2.52,6.48,65.49,522.26,1161,477,324,64.18
2014-05-27,2014,5,27,1,147,22,2,0,0,4,Store_D,1,Electronics,Laptops,540.19,0,0,540.19,411,488.7,73.54,0.47,2.77,6.84,71.34,431.4,1217,605,351,54.36
2014-05-14,2014,5,14,2,134,20,2,0,0,2,Store_B,5,Sports,Footwear,78.16,0,0,78.16,202,78.32,75.32,0.66,3.16,7.08,67.65,516.64,1330,506,316,59.31
2012-02-11,2012,2,11,5,42,6,1,1,0,2,Store_B,1,Electronics,Tablets,530.61,0,0,530.61,497,566.62,74.48,2.93,2.71,6.51,69.56,416.56,1384,554,396,63.6
2017-02-24,2017,2,24,4,55,8,1,0,0,4,Store_D,1,Electronics,Phones,463.61,0,0,463.61,146,416.79,65.47,4.23,2.43,5.88,75.77,583.85,1346,559,345,62.8
2022-10-06,2022,10,6,3,279,40,4,0,0,5,Store_E,2,Clothing,Men,52.18,15,1,44.35,60,49.62,35.9,14.51,2.95,6.84,54.73,656.53,1107,586,285,61.1
2016-03-23,2016,3,23,2,83,12,1,0,0,5,Store_E,2,Clothing,Accessories,46.41,0,0,46.41,212,53.08,82.4,0.2,1.99,6.89,71.81,414.05,1223,473,500,65.83
2015-02-12,2015,2,12,3,43,7,1,0,0,3,Store_C,5,Sports,Equipment,72.41,0,0,72.41,132,67.29,74.32,3.19,2.27,6.78,69.96,536.49,1386,452,321,56.28
2012-12-21,2012,12,21,4,356,51,4,0,0,2,Store_B,4,Food,Beverages,18.49,20,1,14.79,327,16.2,52.25,1.29,3.53,6.51,61.16,897.1,1332,658,325,112.99
2010-01-11,2010,1,11,0,11,2,1,0,0,4,Store_D,4,Food,Fresh,20.76,0,0,20.76,387,22.87,69.61,1.17,2.76,6.37,68.07,445.71,1089,505,350,90.8
2019-11-21,2019,11,21,3,325,47,4,0,0,4,Store_D,1,Electronics,Tablets,530.24,0,0,530.24,486,489.84,51.72,3.03,2.31,6.25,55.19,439.39,1001,508,325,50.09
2013-08-18,2013,8,18,6,230,33,3,1,0,1,Store_A,5,Sports,Footwear,85.48,0,0,85.48,411,85.08,50.71,6.69,3.19,6.76,59.72,439.02,1025,405,470,50.68
2019-04-14,2019,4,14,6,104,15,2,1,0,5,Store_E,5,Sports,Apparel,81.23,0,0,81.23,347,82.25,76.02,0.48,2.57,6.41,76.12,593.91,1513,481,439,84.92
2014-01-03,2014,1,3,4,3,1,1,0,0,1,Store_A,2,Clothing,Men,51.72,0,0,51.72,471,46.44,61.52,2.12,2.64,6.81,64.81,549.65,1118,562,316,58.0
2012-03-17,2012,3,17,5,77,11,1,1,0,1,Store_A,2,Clothing,Women,51.46,0,0,51.46,374,53.7,80.36,8.23,3.2,6.39,67.72,573.77,1579,379,517,93.35
2021-08-31,2021,8,31,1,243,35,3,0,0,5,Store_E,2,Clothing,Kids,51.97,0,0,51.97,430,59.47,43.48,3.99,2.25,6.73,56.61,554.29,1126,434,285,67.62
2020-11-29,2020,11,29,6,334,48,4,1,0,4,Store_D,3,Home_Goods,Decor,138.62,0,0,138.62,58,142.32,53.51,1.29,2.31,6.52,62.61,416.37,1064,528,399,49.7
2020-04-29,2020,4,29,2,120,18,2,0,0,4,Store_D,3,Home_Goods,Bedding,141.39,0,0,141.39,366,137.67,78.03,0.29,2.28,6.34,74.83,511.24,1517,460,301,75.24
2015-10-10,2015,10,10,5,283,41,4,1,0,3,Store_C,2,Clothing,Kids,47.39,0,0,47.39,114,54.28,36.31,13.92,2.38,6.9,57.69,406.48,939,524,445,59.04
2021-08-06,2021,8,6,4,218,31,3,0,0,2,Store_B,3,Home_Goods,Kitchen,160.86,0,0,160.86,434,181.16,49.47,1.06,1.97,7.16,58.23,504.5,1457,538,318,40.95
2023-07-28,2023,7,28,4,209,30,3,0,0,1,Store_A,5,Sports,Footwear,74.62,5,1,70.89,136,65.13,61.45,5.48,2.85,7.29,58.18,887.7,1396,597,252,74.15
2016-02-13,2016,2,13,5,44,6,1,1,0,5,Store_E,5,Sports,Apparel,83.18,0,0,83.18,65,78.73,74.93,5.03,2.39,6.51,74.45,480.16,1328,480,431,69.63
2018-10-17,2018,10,17,2,290,42,4,0,0,3,Store_C,3,Home_Goods,Furniture,137.37,0,0,137.37,249,154.35,33.2,3.64,1.83,5.57,54.76,529.77,1013,511,379,34.86
2012-08-21,2012,8,21,1,234,34,3,0,0,4,Store_D,5,Sports,Footwear,82.31,0,0,82.31,374,72.38,46.69,6.31,3.06,6.75,58.44,530.03,1283,529,326,31.9
2019-05-09,2019,5,9,3,129,19,2,0,0,4,Store_D,5,Sports,Accessories,82.94,0,0,82.94,209,94.32,89.31,2.44,2.87,6.04,75.39,402.74,1440,499,252,59.74
2020-04-11,2020,4,11,5,102,15,2,1,0,4,Store_D,4,Food,Snacks,20.12,0,0,20.12,447,19.15,86.86,1.16,2.2,6.4,72.67,456.69,1248,442,459,126.0
2011-02-03,2011,2,3,3,34,5,1,0,0,4,Store_D,5,Sports,Footwear,75.47,0,0,75.47,363,71.68,61.31,3.63,2.53,6.36,67.14,572.79,1303,469,313,44.99
2017-03-17,2017,3,17,4,76,11,1,0,0,4,Store_D,3,Home_Goods,Bedding,156.08,0,0,156.08,367,162.95,71.25,1.58,2.06,5.65,73.56,463.19,1426,564,160,60.58
2023-04-14,2023,4,14,4,104,15,2,0,0,2,Store_B,1,Electronics,Tablets,495.99,0,0,495.99,296,483.26,78.95,29.11,2.82,6.38,71.49,537.56,1449,478,229,99.42
2018-03-16,2018,3,16,4,75,11,1,0,0,4,Store_D,3,Home_Goods,Kitchen,158.13,20,1,126.5,170,127.3,81.84,4.02,2.33,5.69,74.26,681.57,1497,604,294,80.41
2011-12-06,2011,12,6,1,340,49,4,0,0,5,Store_E,1,Electronics,Accessories,506.56,0,0,506.56,151,568.72,52.36,0.48,2.34,6.54,56.21,504.41,1218,400,281,27.97
2011-03-08,2011,3,8,1,67,10,1,0,0,2,Store_B,2,Clothing,Kids,45.96,0,0,45.96,298,44.64,79.65,0.29,2.6,6.33,75.53,479.76,1175,527,347,65.45
2010-10-20,2010,10,20,2,293,42,4,0,0,4,Store_D,1,Electronics,Accessories,482.1,0,0,482.1,199,448.37,39.56,0.56,2.37,5.95,56.27,549.46,1094,579,306,30.3
2023-04-30,2023,4,30,6,120,17,2,1,0,5,Store_E,2,Clothing,Accessories,53.44,0,0,53.44,364,48.82,75.09,2.65,2.89,6.81,74.31,419.85,1466,446,519,98.98
2010-05-26,2010,5,26,2,146,21,2,0,0,1,Store_A,2,Clothing,Kids,48.48,0,0,48.48,65,49.47,74.71,10.57,3.1,6.1,76.71,565.95,1245,539,276,57.41
2022-01-11,2022,1,11,1,11,2,1,0,0,1,Store_A,4,Food,Packaged,18.04,0,0,18.04,177,15.43,61.75,8.31,2.75,7.34,57.65,481.84,1312,496,314,112.96
2015-07-27,2015,7,27,0,208,31,3,0,0,2,Store_B,2,Clothing,Men,54.85,0,0,54.85,497,53.94,48.55,3.93,2.6,6.87,61.56,564.06,1277,467,289,44.8
2021-09-23,2021,9,23,3,266,38,3,0,0,2,Store_B,4,Food,Beverages,19.34,0,0,19.34,484,17.56,43.59,3.01,2.83,6.57,57.84,562.35,922,571,393,98.94
2013-03-11,2013,3,11,0,70,11,1,0,0,4,Store_D,3,Home_Goods,Kitchen,144.95,0,0,144.95,438,149.54,75.29,2.86,3.19,7.05,69.77,409.94,1483,451,245,72.4
2019-08-02,2019,8,2,4,214,31,3,0,0,1,Store_A,5,Sports,Equipment,76.48,0,0,76.48,56,83.84,48.34,3.42,2.07,6.12,58.13,470.02,1264,544,307,56.23
2015-08-13,2015,8,13,3,225,33,3,0,0,1,Store_A,4,Food,Packaged,18.3,0,0,18.3,344,16.78,36.77,0.5,2.6,6.68,59.06,514.02,1208,509,374,72.35
2017-03-09,2017,3,9,3,68,10,1,0,0,3,Store_C,5,Sports,Footwear,78.91,0,0,78.91,291,73.86,76.5,12.49,2.34,6.38,73.93,459.45,1624,461,340,57.1
2021-12-27,2021,12,27,0,361,52,4,0,0,1,Store_A,2,Clothing,Men,48.21,0,0,48.21,233,48.61,57.96,8.73,3.09,6.52,68.04,404.97,1312,552,279,77.04
2010-12-06,2010,12,6,0,340,49,4,0,0,1,Store_A,2,Clothing,Women,48.03,0,0,48.03,291,54.54,55.66,10.65,2.38,5.87,60.12,544.91,1292,465,263,26.11
2020-08-15,2020,8,15,5,228,33,3,1,0,1,Store_A,2,Clothing,Women,51.22,0,0,51.22,381,44.17,48.06,6.07,2.45,6.5,60.36,521.24,858,609,424,76.05
2022-09-07,2022,9,7,2,250,36,3,0,0,5,Store_E,2,Clothing,Women,51.74,0,0,51.74,119,48.13,40.97,4.25,3.13,6.82,58.36,478.69,1080,515,244,48.61
2018-02-21,2018,2,21,2,52,8,1,0,0,4,Store_D,1,Electronics,Phones,515.15,0,0,515.15,403,485.19,77.39,0.82,2.22,5.86,71.14,526.19,1365,493,336,61.53
2010-09-23,2010,9,23,3,266,38,3,0,0,5,Store_E,5,Sports,Apparel,75.22,0,0,75.22,206,71.58,44.93,0.25,2.57,5.95,50.08,445.4,1054,508,207,14.93
2016-08-21,2016,8,21,6,234,33,3,1,0,2,Store_B,3,Home_Goods,Furniture,141.12,0,0,141.12,392,147.45,35.77,1.05,2.2,6.52,58.95,520.84,1024,525,418,44.06
2013-06-16,2013,6,16,6,167,24,2,1,0,1,Store_A,1,Electronics,Phones,482.29,0,0,482.29,118,467.94,61.09,5.14,3.42,7.03,75.44,528.94,1525,525,469,53.61
2014-11-07,2014,11,7,4,311,45,4,0,0,2,Store_B,4,Food,Fresh,18.23,0,0,18.23,207,20.21,37.36,6.91,2.69,6.78,55.08,405.44,1039,524,324,71.73
2019-08-13,2019,8,13,1,225,33,3,0,0,4,Store_D,4,Food,Fresh,21.7,5,1,20.62,352,21.03,40.27,0.36,1.91,5.92,58.73,770.26,1155,703,288,89.92
2010-09-29,2010,9,29,2,272,39,3,0,0,2,Store_B,4,Food,Packaged,20.11,0,0,20.11,218,22.05,40.65,8.35,2.45,5.86,54.92,434.92,1120,550,309,73.88
2011-11-28,2011,11,28,0,332,48,4,0,1,4,Store_D,4,Food,Fresh,19.68,15,1,16.73,489,17.86,55.19,3.01,3.53,6.25,56.39,640.91,1360,697,569,133.83
2012-01-18,2012,1,18,2,18,3,1,0,0,2,Store_B,1,Electronics,Tablets,537.3,0,0,537.3,369,579.76,71.52,0.82,2.91,6.4,67.25,442.18,1302,493,293,38.8
2010-09-02,2010,9,2,3,245,35,3,0,0,1,Store_A,2,Clothing,Kids,46.65,0,0,46.65,409,43.1,45.01,4.43,1.95,6.38,52.53,416.31,883,504,264,29.15
2010-11-14,2010,11,14,6,318,45,4,1,0,4,Store_D,1,Electronics,Tablets,494.81,0,0,494.81,291,428.86,46.82,3.54,2.66,5.79,57.26,458.2,1163,573,484,29.0
2011-04-22,2011,4,22,4,112,16,2,0,0,5,Store_E,2,Clothing,Men,50.26,0,0,50.26,194,53.12,73.41,1.21,2.78,6.17,72.29,524.41,1584,501,316,77.72
2015-07-26,2015,7,26,6,207,30,3,1,0,2,Store_B,5,Sports,Footwear,73.61,0,0,73.61,449,76.65,57.93,4.95,2.33,7.1,61.95,448.93,1085,432,439,51.01
2012-08-15,2012,8,15,2,228,33,3,0,0,4,Store_D,1,Electronics,Laptops,476.75,0,0,476.75,413,502.03,41.02,6.26,2.92,6.38,56.4,471.66,973,534,172,21.59
2020-06-13,2020,6,13,5,165,24,2,1,0,2,Store_B,5,Sports,Equipment,78.81,0,0,78.81,270,76.62,61.76,10.85,2.56,6.52,72.15,436.68,1105,468,449,74.78
2012-03-24,2012,3,24,5,84,12,1,1,0,1,Store_A,1,Electronics,Phones,493.11,0,0,493.11,414,484.46,67.15,3.4,3.41,6.33,73.45,409.47,1438,434,422,70.19
2022-05-30,2022,5,30,0,150,22,2,0,0,2,Store_B,2,Clothing,Men,54.93,0,0,54.93,309,58.5,59.99,4.99,2.67,7.02,69.49,500.69,1450,498,306,96.97
2015-03-30,2015,3,30,0,89,14,1,0,0,2,Store_B,2,Clothing,Kids,47.95,0,0,47.95,444,47.6,75.82,8.06,2.74,6.71,76.87,581.66,1533,475,236,81.25
2022-08-08,2022,8,8,0,220,32,3,0,0,4,Store_D,2,Clothing,Kids,47.29,0,0,47.29,412,51.46,49.07,2.65,3.04,6.89,62.25,410.5,986,531,238,69.44
2019-07-20,2019,7,20,5,201,29,3,1,0,3,Store_C,5,Sports,Accessories,85.62,30,1,59.93,291,64.08,59.54,1.18,2.22,6.03,63.29,775.43,1270,585,457,111.38
2013-07-21,2013,7,21,6,202,29,3,1,0,3,Store_C,5,Sports,Equipment,75.66,0,0,75.66,276,77.44,53.59,0.45,2.86,6.89,62.4,594.47,1280,620,330,54.32
2021-01-13,2021,1,13,2,13,2,1,0,0,1,Store_A,5,Sports,Equipment,87.66,15,1,74.51,372,85.55,72.21,2.89,3.0,7.09,71.18,847.23,1567,642,261,106.48
2014-12-10,2014,12,10,2,344,50,4,0,0,5,Store_E,1,Electronics,Accessories,461.15,10,1,415.04,464,399.5,62.86,0.76,3.2,7.11,61.83,893.49,1388,607,275,54.45
2012-01-29,2012,1,29,6,29,4,1,1,0,2,Store_B,2,Clothing,Men,48.09,0,0,48.09,129,44.6,71.75,1.27,3.47,7.13,74.42,518.08,1433,496,461,71.03
2010-09-08,2010,9,8,2,251,36,3,0,0,3,Store_C,3,Home_Goods,Bedding,143.68,0,0,143.68,376,127.81,46.66,5.66,2.76,6.11,54.65,433.77,1039,492,359,15.86
2016-09-27,2016,9,27,1,271,39,3,0,0,2,Store_B,3,Home_Goods,Furniture,146.42,0,0,146.42,84,137.73,36.9,2.82,1.88,6.39,57.04,544.17,1054,532,261,24.85
2011-06-30,2011,6,30,3,181,26,2,0,0,5,Store_E,1,Electronics,Laptops,520.3,0,0,520.3,485,526.8,66.0,3.1,3.23,5.8,66.62,404.85,1070,534,359,47.73
2018-11-16,2018,11,16,4,320,46,4,0,0,5,Store_E,4,Food,Packaged,19.27,10,1,17.34,299,18.65,46.17,2.59,2.12,6.27,62.4,896.2,1205,655,326,96.84
2012-01-09,2012,1,9,0,9,2,1,0,0,3,Store_C,2,Clothing,Women,50.75,0,0,50.75,434,44.59,69.78,7.45,2.97,6.21,64.07,572.17,1270,499,259,77.8
2010-11-07,2010,11,7,6,311,44,4,1,0,4,Store_D,3,Home_Goods,Furniture,147.74,0,0,147.74,51,156.24,47.69,0.57,2.31,6.03,57.25,476.57,973,597,358,17.16
2020-05-08,2020,5,8,4,129,19,2,0,0,1,Store_A,5,Sports,Apparel,77.65,0,0,77.65,473,69.93,67.93,2.44,3.02,6.44,70.13,475.6,1253,577,219,71.26
2018-01-20,2018,1,20,5,20,3,1,1,0,1,Store_A,4,Food,Fresh,21.37,0,0,21.37,132,21.57,67.19,0.29,1.99,6.19,65.74,507.93,1308,527,528,115.75
2013-02-05,2013,2,5,1,36,6,1,0,0,2,Store_B,5,Sports,Apparel,79.51,0,0,79.51,492,85.61,65.08,6.72,3.12,6.91,63.07,579.53,1624,463,297,64.09
2013-12-20,2013,12,20,4,354,51,4,0,0,2,Store_B,5,Sports,Footwear,83.87,0,0,83.87,225,92.98,55.43,9.76,2.99,6.7,67.39,465.73,1305,496,278,39.14
2023-06-21,2023,6,21,2,172,25,2,0,0,4,Store_D,2,Clothing,Women,52.13,0,0,52.13,313,54.09,68.34,7.77,2.59,6.94,75.06,484.26,1298,550,249,80.26
2010-01-16,2010,1,16,5,16,2,1,1,0,5,Store_E,4,Food,Packaged,18.02,0,0,18.02,69,18.83,70.21,11.04,2.7,5.77,63.22,418.8,1215,504,565,79.51
2018-11-07,2018,11,7,2,311,45,4,0,0,2,Store_B,5,Sports,Apparel,75.4,0,0,75.4,415,69.11,46.86,1.44,1.86,5.98,55.37,563.47,1252,481,312,47.53
2017-08-01,2017,8,1,1,213,31,3,0,0,4,Store_D,4,Food,Fresh,20.32,0,0,20.32,359,18.37,51.25,12.64,2.25,6.2,60.74,504.88,1136,564,306,88.88
2019-07-01,2019,7,1,0,182,27,3,0,0,2,Store_B,5,Sports,Equipment,74.34,0,0,74.34,436,75.47,64.25,18.44,2.4,6.15,60.67,418.29,1298,446,290,68.84
2012-07-09,2012,7,9,0,191,28,3,0,0,4,Store_D,1,Electronics,Accessories,498.44,0,0,498.44,301,471.84,60.63,9.57,2.41,6.38,63.07,474.88,1183,505,291,35.67
2018-04-18,2018,4,18,2,108,16,2,0,0,5,Store_E,4,Food,Beverages,20.37,0,0,20.37,74,17.55,94.27,3.58,1.99,6.04,75.49,465.03,1420,440,268,101.24
2013-10-04,2013,10,4,4,277,40,4,0,0,3,Store_C,3,Home_Goods,Bedding,142.33,0,0,142.33,238,134.59,34.29,3.49,2.61,6.76,49.81,473.56,1102,574,242,22.84
2019-10-28,2019,10,28,0,301,44,4,0,0,5,Store_E,4,Food,Fresh,20.96,0,0,20.96,429,19.47,45.48,2.74,1.35,6.44,52.77,449.67,1090,506,361,64.71
2016-12-19,2016,12,19,0,354,51,4,0,0,1,Store_A,2,Clothing,Accessories,47.53,0,0,47.53,289,52.9,55.27,0.44,2.48,6.25,63.01,578.81,1101,523,211,66.49
2019-11-08,2019,11,8,4,312,45,4,0,0,5,Store_E,5,Sports,Equipment,76.99,10,1,69.29,155,74.42,48.98,7.73,1.85,6.19,61.51,724.07,1193,570,295,41.75
2010-02-08,2010,2,8,0,39,6,1,0,0,5,Store_E,2,Clothing,Accessories,47.02,0,0,47.02,133,43.56,77.97,4.53,2.73,5.51,68.83,469.77,1376,504,324,73.91
2010-12-30,2010,12,30,3,364,52,4,0,0,4,Store_D,2,Clothing,Kids,45.13,0,0,45.13,97,44.28,55.86,7.4,2.21,6.38,60.52,417.93,1139,486,224,47.41
2021-03-25,2021,3,25,3,84,12,1,0,0,3,Store_C,5,Sports,Apparel,72.55,0,0,72.55,119,66.18,75.12,5.83,3.13,6.92,77.89,461.77,1479,465,280,62.65
2010-07-02,2010,7,2,4,183,26,3,0,0,3,Store_C,4,Food,Beverages,19.06,0,0,19.06,256,20.65,56.34,0.46,2.67,5.81,69.22,486.47,1276,421,304,81.83
2018-04-22,2018,4,22,6,112,16,2,1,0,4,Store_D,3,Home_Goods,Kitchen,153.07,0,0,153.07,139,150.71,66.92,0.81,2.04,5.87,73.76,458.18,1433,486,472,67.76
2018-03-03,2018,3,3,5,62,9,1,1,0,3,Store_C,5,Sports,Apparel,73.32,0,0,73.32,281,70.14,79.27,6.91,1.73,6.08,74.12,486.17,1238,451,432,69.81
2013-04-09,2013,4,9,1,99,15,2,0,0,5,Store_E,5,Sports,Footwear,74.69,0,0,74.69,50,67.43,76.93,12.78,3.22,7.04,77.0,417.01,1530,515,376,62.68
2017-10-23,2017,10,23,0,296,43,4,0,0,2,Store_B,5,Sports,Equipment,85.54,0,0,85.54,114,73.94,33.74,2.42,2.05,5.55,54.58,549.62,1063,526,297,38.24
2022-06-09,2022,6,9,3,160,23,2,0,0,4,Store_D,3,Home_Goods,Furniture,156.16,0,0,156.16,387,178.33,70.45,4.68,2.86,6.65,67.91,430.8,1112,507,259,61.89
2013-01-26,2013,1,26,5,26,4,1,1,0,5,Store_E,1,Electronics,Tablets,521.12,0,0,521.12,427,581.37,61.28,5.48,3.42,6.82,65.38,501.51,1360,581,414,45.44
2016-02-14,2016,2,14,6,45,6,1,1,0,5,Store_E,5,Sports,Apparel,85.12,0,0,85.12,322,77.65,76.39,1.07,2.33,6.62,74.63,574.88,1268,502,442,77.08
2017-04-21,2017,4,21,4,111,16,2,0,0,3,Store_C,5,Sports,Accessories,84.63,0,0,84.63,367,88.3,78.62,1.73,2.51,6.16,76.77,537.76,1296,491,360,71.2
2020-02-17,2020,2,17,0,48,8,1,0,0,4,Store_D,3,Home_Goods,Furniture,156.02,0,0,156.02,412,133.95,74.29,4.14,2.79,6.49,69.29,506.67,1461,497,320,64.15
2018-10-29,2018,10,29,0,302,44,4,0,0,4,Store_D,2,Clothing,Accessories,53.52,0,0,53.52,346,52.45,46.75,0.17,1.92,5.71,56.68,473.63,1196,480,306,61.23
2013-03-28,2013,3,28,3,87,13,1,0,0,3,Store_C,4,Food,Fresh,18.89,0,0,18.89,405,19.41,80.53,3.69,3.05,6.78,71.69,517.02,1540,568,271,121.92
2021-06-16,2021,6,16,2,167,24,2,0,0,3,Store_C,2,Clothing,Men,48.81,15,1,41.49,58,36.79,66.95,1.05,3.07,6.67,69.15,769.62,1535,665,305,89.62
2021-10-03,2021,10,3,6,276,39,4,1,0,1,Store_A,4,Food,Fresh,20.15,0,0,20.15,70,19.96,37.44,7.47,2.57,6.92,53.88,534.7,1095,567,452,98.1
2011-09-07,2011,9,7,2,250,36,3,0,0,2,Store_B,3,Home_Goods,Furniture,140.09,0,0,140.09,302,137.79,37.12,6.6,2.89,6.07,50.76,576.63,1097,521,319,26.45
2023-06-10,2023,6,10,5,161,23,2,1,0,5,Store_E,2,Clothing,Accessories,48.09,0,0,48.09,90,48.03,65.08,0.01,3.13,6.9,67.89,483.01,1335,443,495,98.0
2014-01-06,2014,1,6,0,6,2,1,0,0,4,Store_D,1,Electronics,Tablets,470.25,0,0,470.25,224,526.45,64.86,0.12,3.07,7.05,67.83,462.41,1246,572,363,34.69
2011-02-06,2011,2,6,6,37,5,1,1,0,3,Store_C,1,Electronics,Accessories,472.52,0,0,472.52,482,521.5,69.61,11.59,2.83,6.36,71.45,566.89,1454,543,400,50.84
2018-05-01,2018,5,1,1,121,18,2,0,0,3,Store_C,2,Clothing,Women,45.66,0,0,45.66,189,41.01,73.2,0.37,1.83,5.79,74.18,542.62,1292,493,296,81.35
2012-07-23,2012,7,23,0,205,30,3,0,0,1,Store_A,2,Clothing,Men,51.39,0,0,51.39,279,52.85,52.23,5.81,3.1,6.47,70.78,412.94,1305,431,185,56.3
2016-08-16,2016,8,16,1,229,33,3,0,0,4,Store_D,5,Sports,Apparel,83.14,0,0,83.14,384,86.9,44.91,4.0,2.65,6.5,60.97,470.19,1080,516,372,49.93
2023-04-23,2023,4,23,6,113,16,2,1,0,2,Store_B,5,Sports,Footwear,78.37,0,0,78.37,377,79.49,72.74,3.7,3.16,6.77,70.07,525.37,1492,484,398,83.7
2023-06-12,2023,6,12,0,163,24,2,0,0,1,Store_A,3,Home_Goods,Furniture,157.8,0,0,157.8,246,157.16,67.87,4.46,2.79,6.89,67.7,534.72,1337,467,323,63.99
2017-03-26,2017,3,26,6,85,12,1,1,0,2,Store_B,5,Sports,Footwear,87.81,10,1,79.03,140,74.58,85.32,7.46,1.86,6.05,79.24,665.94,1345,557,417,79.32
2020-12-31,2020,12,31,3,366,53,4,0,0,3,Store_C,5,Sports,Equipment,72.52,0,0,72.52,304,81.61,57.17,13.08,2.37,6.54,70.11,595.88,1354,442,219,69.57
2011-12-28,2011,12,28,2,362,52,4,0,0,5,Store_E,1,Electronics,Accessories,463.12,0,0,463.12,422,457.65,55.52,8.05,2.38,6.04,67.1,493.8,1212,516,340,52.27
2012-04-06,2012,4,6,4,97,14,2,0,0,2,Store_B,1,Electronics,Phones,498.79,0,0,498.79,372,446.85,77.99,13.46,3.11,6.67,72.25,456.93,1311,444,318,68.13
2014-03-02,2014,3,2,6,61,9,1,1,0,1,Store_A,2,Clothing,Women,52.99,0,0,52.99,245,51.44,77.65,2.75,2.72,7.04,75.65,479.74,1456,487,458,88.31
2023-04-19,2023,4,19,2,109,16,2,0,0,4,Store_D,1,Electronics,Tablets,525.2,0,0,525.2,67,581.4,80.12,0.6,2.4,6.59,70.39,593.37,1396,466,276,74.07
2018-01-09,2018,1,9,1,9,2,1,0,0,2,Store_B,3,Home_Goods,Bedding,152.95,5,1,145.3,212,153.64,63.38,4.87,1.87,5.92,71.62,687.6,1436,648,312,61.43
2010-05-17,2010,5,17,0,137,20,2,0,0,2,Store_B,1,Electronics,Laptops,457.76,0,0,457.76,463,392.46,76.46,5.0,1.94,6.35,74.07,401.22,1270,516,276,52.33
2019-10-31,2019,10,31,3,304,44,4,0,0,2,Store_B,4,Food,Packaged,21.02,0,0,21.02,374,20.38,42.08,2.54,2.1,6.06,53.45,586.88,1103,556,261,94.77
2011-09-21,2011,9,21,2,264,38,3,0,0,4,Store_D,4,Food,Beverages,21.99,0,0,21.99,474,20.12,39.94,5.95,2.75,5.86,49.78,434.46,1039,451,266,72.61
2010-12-01,2010,12,1,2,335,48,4,0,0,2,Store_B,3,Home_Goods,Decor,139.68,0,0,139.68,93,122.65,50.73,0.01,2.65,6.01,62.98,452.53,928,491,332,26.03
2011-01-26,2011,1,26,2,26,4,1,0,0,4,Store_D,5,Sports,Equipment,86.63,0,0,86.63,444,81.97,65.52,0.22,2.82,6.06,74.49,451.26,1368,448,283,32.21
2022-01-05,2022,1,5,2,5,1,1,0,0,2,Store_B,4,Food,Beverages,21.25,0,0,21.25,190,18.9,58.93,8.4,2.74,6.88,63.9,530.4,1335,543,405,112.34
2023-06-06,2023,6,6,1,157,23,2,0,0,2,Store_B,1,Electronics,Laptops,479.9,10,1,431.91,359,417.85,76.49,1.93,2.86,6.88,66.49,785.06,1328,608,264,94.39
2020-06-29,2020,6,29,0,181,27,2,0,0,4,Store_D,4,Food,Snacks,21.54,0,0,21.54,377,24.17,56.16,0.66,2.4,6.51,67.5,493.26,1253,549,339,106.03
2014-12-23,2014,12,23,1,357,52,4,0,0,1,Store_A,5,Sports,Equipment,81.23,0,0,81.23,124,85.06,59.41,0.87,3.11,6.78,59.95,418.78,1263,582,269,62.03
2011-02-05,2011,2,5,5,36,5,1,1,0,5,Store_E,2,Clothing,Women,45.75,10,1,41.18,455,44.54,73.96,0.92,2.98,6.06,72.22,867.78,1745,577,404,91.65
2011-12-12,2011,12,12,0,346,50,4,0,0,2,Store_B,1,Electronics,Accessories,492.69,0,0,492.69,187,547.5,56.21,1.44,2.29,6.31,60.42,520.64,1240,464,284,18.43
2012-11-05,2012,11,5,0,310,45,4,0,0,4,Store_D,2,Clothing,Men,45.52,0,0,45.52,91,45.62,37.21,11.28,2.32,6.42,57.77,522.06,1166,535,237,29.61
2020-12-03,2020,12,3,3,338,49,4,0,0,4,Store_D,4,Food,Fresh,20.64,0,0,20.64,230,18.96,56.33,1.22,2.43,6.62,58.02,595.16,1005,464,321,97.22
2019-03-14,2019,3,14,3,73,11,1,0,0,1,Store_A,3,Home_Goods,Bedding,135.69,0,0,135.69,322,119.33,79.75,5.61,2.63,5.93,73.76,418.15,1456,520,324,58.97
2010-02-16,2010,2,16,1,47,7,1,0,0,3,Store_C,3,Home_Goods,Bedding,161.94,0,0,161.94,334,168.01,79.9,4.43,2.38,6.21,69.23,505.53,1244,639,379,41.23
2014-04-11,2014,4,11,4,101,15,2,0,0,5,Store_E,4,Food,Snacks,19.75,0,0,19.75,65,17.64,86.52,6.62,2.43,7.43,73.48,442.11,1469,403,269,120.46
2023-02-21,2023,2,21,1,52,8,1,0,0,2,Store_B,2,Clothing,Women,54.02,0,0,54.02,451,47.28,77.72,0.68,3.04,6.7,70.51,417.22,1497,470,401,96.05
2019-12-22,2019,12,22,6,356,51,4,1,0,3,Store_C,1,Electronics,Accessories,533.05,0,0,533.05,434,513.75,56.94,8.53,2.27,6.28,63.25,597.2,1297,545,354,61.87
2020-03-15,2020,3,15,6,75,11,1,1,0,1,Store_A,3,Home_Goods,Bedding,161.2,0,0,161.2,229,158.05,69.02,0.64,2.85,6.53,75.17,451.3,1584,481,505,76.91
2023-08-23,2023,8,23,2,235,34,3,0,0,3,Store_C,3,Home_Goods,Bedding,139.64,0,0,139.64,468,121.44,40.18,1.61,2.37,6.54,57.84,579.89,1109,444,283,39.96
2013-01-17,2013,1,17,3,17,3,1,0,0,3,Store_C,2,Clothing,Accessories,52.7,0,0,52.7,269,52.26,55.92,3.81,2.79,6.75,67.72,452.09,1325,483,370,68.2
2016-11-18,2016,11,18,4,323,46,4,0,0,5,Store_E,1,Electronics,Tablets,481.16,0,0,481.16,492,536.9,53.37,6.54,2.09,6.22,57.99,512.44,1136,547,273,54.78
2019-11-18,2019,11,18,0,322,47,4,0,0,2,Store_B,2,Clothing,Accessories,49.27,0,0,49.27,489,49.96,43.81,10.5,2.07,6.22,57.12,588.25,1130,495,355,57.94
2013-05-08,2013,5,8,2,128,19,2,0,0,4,Store_D,3,Home_Goods,Kitchen,142.32,0,0,142.32,181,132.28,74.13,1.52,2.76,6.94,73.46,537.15,1370,579,344,42.54
2021-02-12,2021,2,12,4,43,6,1,0,0,4,Store_D,3,Home_Goods,Kitchen,136.36,0,0,136.36,296,139.07,78.94,1.51,3.19,6.59,73.81,417.74,1247,480,240,61.83
2018-04-12,2018,4,12,3,102,15,2,0,0,1,Store_A,5,Sports,Equipment,86.45,0,0,86.45,152,82.04,73.0,8.63,1.98,5.88,78.4,400.53,1243,585,339,73.32
2016-08-18,2016,8,18,3,231,33,3,0,0,2,Store_B,1,Electronics,Tablets,457.16,0,0,457.16,215,522.12,56.11,1.11,2.16,6.47,51.91,571.24,1156,486,299,55.83
2014-02-17,2014,2,17,0,48,8,1,0,0,2,Store_B,4,Food,Packaged,20.54,0,0,20.54,260,22.7,78.71,0.72,2.83,6.84,71.83,422.7,1346,544,259,105.79
2014-10-17,2014,10,17,4,290,42,4,0,0,1,Store_A,3,Home_Goods,Bedding,146.19,0,0,146.19,156,147.27,37.86,15.41,2.81,6.88,58.23,426.12,1096,485,281,11.62
2023-03-31,2023,3,31,4,90,13,1,0,0,4,Store_D,4,Food,Packaged,18.26,10,1,16.43,98,16.15,77.25,1.79,3.39,6.92,76.72,790.33,1595,560,282,137.75
2021-03-20,2021,3,20,5,79,11,1,1,0,1,Store_A,3,Home_Goods,Decor,138.63,0,0,138.63,422,121.4,77.83,1.3,3.37,7.09,74.59,430.94,1424,436,390,93.72
2014-12-05,2014,12,5,4,339,49,4,0,0,3,Store_C,5,Sports,Equipment,84.7,20,1,67.76,307,76.05,53.35,5.94,2.02,6.73,60.94,695.12,1246,556,253,62.24
2010-12-05,2010,12,5,6,339,48,4,1,0,1,Store_A,2,Clothing,Men,50.49,0,0,50.49,232,54.66,58.34,9.47,2.98,6.28,61.24,501.78,1148,469,394,56.03
2010-08-04,2010,8,4,2,216,31,3,0,0,4,Store_D,5,Sports,Accessories,86.89,5,1,82.54,398,85.67,44.06,2.02,2.21,6.17,60.66,827.73,1292,688,325,55.06
2020-01-12,2020,1,12,6,12,2,1,1,0,5,Store_E,5,Sports,Apparel,77.53,0,0,77.53,195,72.82,56.54,1.74,2.08,6.7,70.95,568.66,1191,508,472,59.56
2013-09-03,2013,9,3,1,246,36,3,0,0,5,Store_E,3,Home_Goods,Kitchen,139.66,0,0,139.66,446,120.79,42.75,3.49,2.76,7.4,55.15,457.41,1054,605,349,19.84
2010-01-12,2010,1,12,1,12,2,1,0,0,1,Store_A,3,Home_Goods,Kitchen,156.78,0,0,156.78,201,152.29,68.37,2.33,3.04,5.8,63.77,497.12,1304,499,233,31.92
2014-03-01,2014,3,1,5,60,9,1,1,0,4,Store_D,5,Sports,Accessories,83.71,0,0,83.71,274,95.61,74.1,22.1,2.74,7.11,74.03,420.77,1294,481,381,69.6
2019-12-20,2019,12,20,4,354,51,4,0,0,2,Store_B,3,Home_Goods,Furniture,138.43,0,0,138.43,452,158.84,46.57,4.41,1.85,5.87,61.46,525.83,1388,463,317,50.03
2020-10-12,2020,10,12,0,286,42,4,0,0,4,Store_D,3,Home_Goods,Decor,161.17,0,0,161.17,448,178.26,49.25,2.88,2.54,6.51,56.16,550.71,1071,455,189,38.78
2022-02-14,2022,2,14,0,45,7,1,0,0,3,Store_C,3,Home_Goods,Kitchen,152.95,0,0,152.95,197,152.08,70.91,3.38,3.0,7.22,73.49,462.1,1340,505,233,54.48
2018-03-24,2018,3,24,5,83,12,1,1,0,3,Store_C,2,Clothing,Kids,49.14,0,0,49.14,481,52.24,82.7,0.77,2.33,6.3,76.6,427.4,1426,428,466,89.51
2017-11-04,2017,11,4,5,308,44,4,1,0,1,Store_A,3,Home_Goods,Decor,157.58,0,0,157.58,479,143.05,46.44,1.25,2.45,6.46,54.53,536.07,1138,502,448,35.67
2018-07-13,2018,7,13,4,194,28,3,0,0,2,Store_B,1,Electronics,Tablets,532.38,0,0,532.38,418,578.77,52.94,9.5,2.05,5.81,66.07,457.21,1165,500,380,30.4
2023-04-03,2023,4,3,0,93,14,2,0,0,1,Store_A,1,Electronics,Tablets,470.41,0,0,470.41,91,487.9,77.26,0.0,2.86,6.74,72.66,453.96,1335,521,296,71.4
2016-05-11,2016,5,11,2,132,19,2,0,0,5,Store_E,5,Sports,Accessories,74.67,0,0,74.67,394,68.91,73.22,0.25,1.88,6.42,69.38,447.75,1420,512,310,70.7
2017-01-15,2017,1,15,6,15,2,1,1,0,1,Store_A,1,Electronics,Laptops,453.43,15,1,385.42,396,408.32,73.44,4.75,2.25,5.63,69.34,613.41,1203,631,439,79.99
2017-12-23,2017,12,23,5,357,51,4,1,0,2,Store_B,5,Sports,Equipment,77.73,0,0,77.73,482,78.69,65.64,2.18,1.93,6.12,65.37,526.18,1306,447,343,66.99
2010-04-12,2010,4,12,0,102,15,2,0,0,5,Store_E,4,Food,Beverages,21.51,0,0,21.51,185,21.26,78.61,8.05,2.24,6.05,70.63,546.61,1350,522,359,92.82
2019-09-20,2019,9,20,4,263,38,3,0,0,5,Store_E,3,Home_Goods,Furniture,150.82,0,0,150.82,110,137.69,31.2,10.66,2.41,6.43,55.16,584.76,1175,482,272,31.09
2013-12-29,2013,12,29,6,363,52,4,1,0,4,Store_D,4,Food,Snacks,18.71,15,1,15.9,354,17.33,64.4,17.94,3.01,6.79,61.47,799.49,1284,554,456,129.51
2010-06-21,2010,6,21,0,172,25,2,0,0,5,Store_E,1,Electronics,Accessories,542.46,0,0,542.46,283,548.24,56.84,8.82,2.1,5.87,69.81,582.76,1314,516,304,19.94
2010-04-18,2010,4,18,6,108,15,2,1,0,2,Store_B,4,Food,Packaged,20.91,0,0,20.91,178,22.67,76.85,2.54,2.4,5.99,77.03,402.68,1481,465,446,107.99
2021-06-28,2021,6,28,0,179,26,2,0,0,4,Store_D,5,Sports,Accessories,87.14,0,0,87.14,446,82.96,65.39,0.93,3.04,7.13,65.2,593.36,1458,566,419,51.99
2019-10-10,2019,10,10,3,283,41,4,0,0,5,Store_E,5,Sports,Equipment,82.0,0,0,82.0,63,93.38,41.28,2.61,2.33,5.74,54.88,472.15,1338,515,327,42.33
2023-09-01,2023,9,1,4,244,35,3,0,0,1,Store_A,5,Sports,Apparel,79.1,0,0,79.1,288,84.76,42.12,1.09,2.9,6.42,55.15,523.56,900,588,350,51.2
2021-10-05,2021,10,5,1,278,40,4,0,0,2,Store_B,1,Electronics,Phones,506.57,0,0,506.57,147,439.4,44.66,5.11,2.23,6.37,58.93,597.08,1123,505,245,41.4
2021-02-15,2021,2,15,0,46,7,1,0,0,2,Store_B,2,Clothing,Accessories,51.43,0,0,51.43,402,54.82,81.6,3.07,3.43,6.88,77.92,510.04,1281,512,305,93.73
2020-07-28,2020,7,28,1,210,31,3,0,0,4,Store_D,4,Food,Fresh,18.79,0,0,18.79,486,18.47,39.39,18.89,2.43,6.56,57.4,549.8,1083,455,253,109.1
2021-04-15,2021,4,15,3,105,15,2,0,0,5,Store_E,1,Electronics,Tablets,522.54,30,1,365.78,267,393.24,71.52,9.65,3.15,7.04,75.21,676.25,1585,609,324,111.82
2022-09-04,2022,9,4,6,247,35,3,1,0,4,Store_D,2,Clothing,Accessories,51.36,0,0,51.36,272,58.46,46.51,10.56,2.6,6.56,59.88,442.28,996,479,538,56.67
2010-03-02,2010,3,2,1,61,9,1,0,0,5,Store_E,4,Food,Fresh,21.97,20,1,17.57,367,18.06,74.9,5.67,2.81,5.67,75.06,863.59,1664,655,341,124.22
2013-05-25,2013,5,25,5,145,21,2,1,0,4,Store_D,4,Food,Snacks,18.37,0,0,18.37,396,18.12,82.02,1.47,2.83,6.73,72.4,479.15,1461,524,483,118.71
2022-09-12,2022,9,12,0,255,37,3,0,0,1,Store_A,3,Home_Goods,Furniture,146.32,0,0,146.32,129,146.08,41.97,0.81,3.15,6.88,52.12,407.08,1032,472,387,34.45
2012-11-06,2012,11,6,1,311,45,4,0,0,5,Store_E,2,Clothing,Women,50.71,0,0,50.71,98,50.38,44.7,3.73,2.94,6.42,58.84,434.47,1378,456,326,44.96
2021-06-19,2021,6,19,5,170,24,2,1,0,4,Store_D,3,Home_Goods,Decor,135.46,0,0,135.46,249,149.43,55.48,0.63,2.67,7.05,68.32,533.88,1333,455,519,72.15
2017-07-23,2017,7,23,6,204,29,3,1,0,1,Store_A,3,Home_Goods,Furniture,163.48,0,0,163.48,232,144.44,55.2,6.04,1.43,5.96,63.95,402.78,1186,513,475,54.77
2015-10-22,2015,10,22,3,295,43,4,0,0,3,Store_C,2,Clothing,Women,53.65,10,1,48.29,236,52.41,50.91,0.02,2.48,6.9,54.15,687.06,1315,537,322,53.82
2014-03-05,2014,3,5,2,64,10,1,0,0,2,Store_B,4,Food,Fresh,18.91,0,0,18.91,481,19.37,85.31,18.85,2.77,6.88,73.4,419.68,1509,545,219,109.41
2019-08-23,2019,8,23,4,235,34,3,0,0,4,Store_D,2,Clothing,Accessories,46.48,0,0,46.48,445,46.26,55.69,3.98,2.72,6.08,60.7,402.19,1079,541,262,60.12
2010-06-03,2010,6,3,3,154,22,2,0,0,4,Store_D,1,Electronics,Laptops,540.22,0,0,540.22,453,475.69,61.79,0.2,2.51,5.92,71.77,590.09,1235,599,327,67.24
2016-02-27,2016,2,27,5,58,8,1,1,0,4,Store_D,4,Food,Beverages,18.64,0,0,18.64,318,19.95,81.31,8.93,1.92,6.35,71.58,429.06,1318,458,467,122.31
2011-04-27,2011,4,27,2,117,17,2,0,0,5,Store_E,1,Electronics,Laptops,525.58,0,0,525.58,362,582.91,77.07,9.97,2.92,6.24,69.47,454.91,1217,538,355,40.84
2021-08-04,2021,8,4,2,216,31,3,0,0,5,Store_E,3,Home_Goods,Bedding,159.92,0,0,159.92,82,145.73,50.59,4.52,2.58,7.18,60.97,450.23,1031,482,334,39.1
2021-10-15,2021,10,15,4,288,41,4,0,0,2,Store_B,4,Food,Beverages,21.86,25,1,16.39,465,14.65,30.78,0.0,2.95,7.13,46.19,700.97,1061,598,291,119.04
2019-10-19,2019,10,19,5,292,42,4,1,0,1,Store_A,2,Clothing,Kids,48.6,0,0,48.6,170,47.96,39.99,19.44,2.61,6.3,52.15,403.51,942,489,382,52.06
2021-04-18,2021,4,18,6,108,15,2,1,0,2,Store_B,5,Sports,Footwear,74.36,0,0,74.36,405,79.4,86.25,11.25,2.43,6.98,76.39,456.11,1293,518,485,79.45
2019-10-03,2019,10,3,3,276,40,4,0,0,3,Store_C,1,Electronics,Laptops,493.19,0,0,493.19,296,542.74,34.03,6.4,2.61,6.33,52.78,414.14,847,475,328,41.45
2019-01-29,2019,1,29,1,29,5,1,0,0,2,Store_B,2,Clothing,Kids,48.28,0,0,48.28,400,44.46,68.64,6.21,1.97,6.51,71.42,478.26,1326,405,313,75.5
2014-10-29,2014,10,29,2,302,44,4,0,0,1,Store_A,1,Electronics,Accessories,455.35,0,0,455.35,147,450.27,45.1,6.31,2.34,7.02,49.18,567.94,1122,441,366,18.04
2019-09-09,2019,9,9,0,252,37,3,0,0,4,Store_D,1,Electronics,Accessories,495.68,0,0,495.68,444,487.0,44.37,3.6,1.6,6.26,53.5,432.23,1189,487,269,53.57
2023-02-25,2023,2,25,5,56,8,1,1,0,2,Store_B,5,Sports,Apparel,86.02,0,0,86.02,217,77.11,74.83,12.56,2.34,6.67,76.15,489.29,1460,491,442,87.34
2012-01-21,2012,1,21,5,21,3,1,1,0,3,Store_C,1,Electronics,Phones,507.51,0,0,507.51,448,486.39,65.95,12.37,3.3,5.99,68.38,550.08,1327,608,522,45.48
2019-11-29,2019,11,29,4,333,48,4,0,0,4,Store_D,1,Electronics,Laptops,467.44,0,0,467.44,178,482.93,57.05,2.12,2.15,5.93,57.66,562.05,1211,433,164,45.1
2014-11-21,2014,11,21,4,325,47,4,0,0,4,Store_D,2,Clothing,Men,53.2,0,0,53.2,274,50.78,42.88,4.5,2.69,7.27,59.74,440.24,1037,485,269,37.25
2021-09-10,2021,9,10,4,253,36,3,0,0,4,Store_D,5,Sports,Apparel,72.22,0,0,72.22,76,76.02,46.2,0.44,2.96,6.55,54.13,532.16,1147,449,244,26.83
2019-04-07,2019,4,7,6,97,14,2,1,0,5,Store_E,2,Clothing,Women,52.52,10,1,47.27,283,49.46,79.9,1.53,2.29,6.27,75.64,605.16,1503,610,436,108.54
2021-11-27,2021,11,27,5,331,47,4,1,1,2,Store_B,3,Home_Goods,Furniture,147.53,0,0,147.53,469,165.26,50.14,13.23,2.5,6.86,57.99,449.29,1054,465,641,92.69
2011-02-10,2011,2,10,3,41,6,1,0,0,2,Store_B,5,Sports,Footwear,83.57,0,0,83.57,190,81.76,69.26,9.04,2.36,6.12,67.99,498.47,1417,518,334,46.73
2012-01-28,2012,1,28,5,28,4,1,1,0,5,Store_E,2,Clothing,Men,49.67,0,0,49.67,82,52.09,76.55,2.2,2.59,6.74,72.33,538.11,1393,460,373,56.25
2017-06-04,2017,6,4,6,155,22,2,1,0,4,Store_D,5,Sports,Accessories,75.38,0,0,75.38,410,79.76,70.24,0.1,2.08,6.07,69.22,444.97,1410,484,559,73.91
2017-04-24,2017,4,24,0,114,17,2,0,0,2,Store_B,1,Electronics,Tablets,514.98,0,0,514.98,131,553.63,71.48,7.23,2.02,6.1,71.22,525.64,1557,545,332,61.73
2020-11-27,2020,11,27,4,332,48,4,0,1,1,Store_A,3,Home_Goods,Furniture,146.86,0,0,146.86,358,156.31,40.59,3.16,2.57,6.21,61.05,570.81,1339,466,494,77.79
2010-04-08,2010,4,8,3,98,14,2,0,0,5,Store_E,2,Clothing,Women,45.83,0,0,45.83,386,43.01,82.9,2.41,2.89,5.94,74.18,523.0,1524,561,270,72.44
2013-08-26,2013,8,26,0,238,35,3,0,0,3,Store_C,1,Electronics,Accessories,454.0,0,0,454.0,53,444.62,41.44,3.9,2.98,6.92,58.23,540.18,1146,455,320,35.2
2022-03-10,2022,3,10,3,69,10,1,0,0,4,Store_D,1,Electronics,Phones,528.51,0,0,528.51,213,519.65,80.08,0.37,2.67,6.77,75.45,503.2,1348,604,278,79.9
2017-08-23,2017,8,23,2,235,34,3,0,0,5,Store_E,5,Sports,Accessories,75.01,0,0,75.01,235,72.31,43.4,4.9,2.05,6.03,58.28,539.61,1326,408,240,33.89
2017-10-25,2017,10,25,2,298,43,4,0,0,2,Store_B,4,Food,Beverages,19.0,0,0,19.0,312,16.96,35.08,2.05,1.97,5.96,58.18,536.98,995,499,348,81.76
2010-07-06,2010,7,6,1,187,27,3,0,0,2,Store_B,3,Home_Goods,Furniture,153.95,10,1,138.55,394,144.73,54.74,5.05,2.35,5.76,65.35,811.54,1588,573,283,45.82
2020-12-17,2020,12,17,3,352,51,4,0,0,3,Store_C,3,Home_Goods,Bedding,147.3,0,0,147.3,281,142.11,57.56,0.52,2.45,6.79,65.31,436.84,1212,478,368,38.52
2017-06-16,2017,6,16,4,167,24,2,0,0,5,Store_E,5,Sports,Equipment,78.51,0,0,78.51,279,78.0,58.49,13.08,2.46,6.42,71.58,474.89,1315,590,354,38.03
2019-10-24,2019,10,24,3,297,43,4,0,0,3,Store_C,4,Food,Packaged,20.57,0,0,20.57,218,23.36,42.4,2.9,1.79,5.88,50.61,580.72,1000,559,270,68.6
2015-08-21,2015,8,21,4,233,34,3,0,0,4,Store_D,2,Clothing,Men,51.67,0,0,51.67,202,47.27,42.56,2.2,2.78,6.93,59.53,458.76,1069,419,223,53.62
2013-08-12,2013,8,12,0,224,33,3,0,0,4,Store_D,3,Home_Goods,Decor,161.68,0,0,161.68,265,154.72,43.51,2.91,2.52,7.02,59.18,466.07,1102,470,292,18.95
2010-05-29,2010,5,29,5,149,21,2,1,0,1,Store_A,2,Clothing,Women,46.47,10,1,41.83,297,37.24,71.09,1.38,2.68,6.4,70.47,622.87,1504,569,559,68.07
2010-01-29,2010,1,29,4,29,4,1,0,0,2,Store_B,1,Electronics,Tablets,509.41,0,0,509.41,391,559.72,66.1,0.19,2.53,6.04,68.33,506.87,1381,509,379,49.19
2021-05-03,2021,5,3,0,123,18,2,0,0,1,Store_A,3,Home_Goods,Kitchen,157.65,0,0,157.65,323,163.58,77.67,9.14,2.99,7.23,75.63,513.56,1586,524,341,63.71
2020-12-23,2020,12,23,2,358,52,4,0,0,5,Store_E,5,Sports,Equipment,75.97,10,1,68.37,235,76.01,52.89,21.09,2.95,6.24,61.74,742.05,1362,621,262,72.19
2019-03-18,2019,3,18,0,77,12,1,0,0,5,Store_E,4,Food,Snacks,18.94,0,0,18.94,319,19.89,80.28,2.29,2.4,6.18,74.76,494.52,1430,505,292,113.01
2011-11-24,2011,11,24,3,328,47,4,0,1,2,Store_B,1,Electronics,Tablets,498.86,0,0,498.86,363,464.18,48.87,0.76,2.72,6.17,56.33,482.3,1111,591,411,44.61
2017-11-06,2017,11,6,0,310,45,4,0,0,4,Store_D,2,Clothing,Women,51.72,0,0,51.72,223,50.56,46.96,1.99,2.48,6.37,49.93,591.29,1162,524,380,50.56
2020-05-04,2020,5,4,0,125,19,2,0,0,2,Store_B,1,Electronics,Accessories,468.5,0,0,468.5,493,443.67,76.6,4.22,2.68,6.41,74.27,546.79,1355,423,264,68.21
2013-10-18,2013,10,18,4,291,42,4,0,0,5,Store_E,4,Food,Snacks,20.75,0,0,20.75,122,17.72,46.29,21.83,2.62,6.85,55.02,584.77,1084,500,266,81.03
2015-01-20,2015,1,20,1,20,4,1,0,0,2,Store_B,4,Food,Packaged,21.01,0,0,21.01,454,23.46,57.0,0.54,2.28,6.75,67.77,560.56,1312,564,272,100.28
2022-12-14,2022,12,14,2,348,50,4,0,0,5,Store_E,4,Food,Packaged,20.6,0,0,20.6,312,21.37,47.56,0.47,2.74,7.1,62.41,561.13,1209,490,320,105.04
2010-05-10,2010,5,10,0,130,19,2,0,0,2,Store_B,4,Food,Snacks,21.95,0,0,21.95,437,19.76,75.85,0.73,2.63,5.98,72.38,585.13,1272,427,258,97.17
2014-05-19,2014,5,19,0,139,21,2,0,0,5,Store_E,5,Sports,Equipment,84.55,0,0,84.55,144,89.3,75.42,4.13,3.04,7.2,74.32,437.19,1351,382,323,55.57
2019-12-09,2019,12,9,0,343,50,4,0,0,1,Store_A,5,Sports,Accessories,87.01,0,0,87.01,359,92.82,50.74,1.9,2.49,6.13,57.25,440.72,1351,524,237,63.86
2022-05-01,2022,5,1,6,121,17,2,1,0,3,Store_C,1,Electronics,Accessories,457.79,0,0,457.79,147,447.52,74.44,3.52,3.35,7.12,70.92,573.04,1505,493,370,65.66
2011-12-03,2011,12,3,5,337,48,4,1,0,1,Store_A,1,Electronics,Laptops,465.02,0,0,465.02,486,524.68,48.06,4.42,2.82,6.03,62.8,559.31,1097,469,446,45.79
2020-11-26,2020,11,26,3,331,48,4,0,1,3,Store_C,4,Food,Beverages,21.63,0,0,21.63,459,23.77,49.09,0.76,2.48,6.29,59.88,593.89,1325,484,484,132.07
2018-04-17,2018,4,17,1,107,16,2,0,0,5,Store_E,4,Food,Packaged,21.52,0,0,21.52,379,18.34,77.07,9.51,1.79,6.37,77.28,518.96,1325,516,322,104.67
2018-02-17,2018,2,17,5,48,7,1,1,0,3,Store_C,3,Home_Goods,Bedding,161.54,0,0,161.54,459,173.22,67.94,15.0,2.18,6.29,72.54,505.12,1356,502,418,63.19
2021-12-05,2021,12,5,6,339,48,4,1,0,5,Store_E,2,Clothing,Women,51.08,0,0,51.08,111,49.18,57.36,5.53,2.87,6.89,57.8,553.78,1289,426,472,75.01
2014-09-05,2014,9,5,4,248,36,3,0,0,5,Store_E,2,Clothing,Kids,46.89,0,0,46.89,487,39.93,43.55,0.94,2.97,7.06,50.92,424.99,1096,531,279,50.0
2018-02-01,2018,2,1,3,32,5,1,0,0,5,Store_E,5,Sports,Equipment,87.84,0,0,87.84,285,77.05,73.21,2.12,1.44,5.85,65.87,458.05,1481,557,268,66.91
2011-03-31,2011,3,31,3,90,13,1,0,0,3,Store_C,5,Sports,Equipment,82.46,0,0,82.46,238,84.63,74.63,1.63,2.56,6.2,77.38,546.14,1392,531,279,60.23
2017-11-08,2017,11,8,2,312,45,4,0,0,4,Store_D,1,Electronics,Phones,548.27,0,0,548.27,76,583.61,46.66,9.29,2.15,6.43,54.89,516.71,1093,483,289,41.01
2015-08-03,2015,8,3,0,215,32,3,0,0,1,Store_A,2,Clothing,Women,50.78,0,0,50.78,452,52.61,43.95,0.56,2.41,6.83,56.86,452.59,1025,488,313,55.55
2014-11-08,2014,11,8,5,312,45,4,1,0,1,Store_A,2,Clothing,Accessories,45.28,0,0,45.28,222,41.31,34.46,13.42,2.82,6.91,52.75,591.9,1247,431,414,56.44
2016-05-04,2016,5,4,2,125,18,2,0,0,5,Store_E,3,Home_Goods,Bedding,143.79,0,0,143.79,60,134.18,65.93,7.45,1.93,6.7,71.88,534.74,1553,448,231,49.8
2011-09-02,2011,9,2,4,245,35,3,0,0,2,Store_B,5,Sports,Footwear,85.65,0,0,85.65,304,84.57,44.29,1.2,2.54,5.88,55.3,509.7,1122,462,142,34.64
2010-06-17,2010,6,17,3,168,24,2,0,0,4,Store_D,1,Electronics,Tablets,513.77,0,0,513.77,261,468.15,70.24,0.26,2.65,5.81,61.84,443.07,1430,581,226,29.04
2012-01-01,2012,1,1,6,1,52,1,1,1,3,Store_C,2,Clothing,Kids,49.23,10,1,44.31,94,47.58,66.8,23.15,3.02,6.23,63.09,634.27,1420,611,682,114.31
2021-08-19,2021,8,19,3,231,33,3,0,0,2,Store_B,2,Clothing,Accessories,49.32,0,0,49.32,371,47.28,46.08,4.47,3.49,7.01,60.72,531.42,1210,535,333,59.24
2019-03-13,2019,3,13,2,72,11,1,0,0,4,Store_D,5,Sports,Footwear,86.16,0,0,86.16,176,88.58,80.57,1.89,2.39,6.23,77.13,537.69,1613,434,280,59.25
2015-09-06,2015,9,6,6,249,36,3,1,0,1,Store_A,2,Clothing,Men,45.65,0,0,45.65,198,39.62,41.51,6.68,2.81,6.85,54.86,465.14,841,508,438,68.79
2021-01-22,2021,1,22,4,22,3,1,0,0,3,Store_C,2,Clothing,Accessories,47.23,0,0,47.23,185,49.91,70.16,1.29,3.25,6.97,66.54,589.55,1361,549,293,83.57
2020-02-18,2020,2,18,1,49,8,1,0,0,3,Store_C,1,Electronics,Accessories,454.26,0,0,454.26,58,461.92,68.81,5.7,2.58,6.31,68.39,581.32,1307,500,326,71.24
2014-06-11,2014,6,11,2,162,24,2,0,0,4,Store_D,4,Food,Packaged,19.22,0,0,19.22,336,19.58,62.37,7.97,2.77,6.73,73.41,411.96,1398,467,222,108.47
2011-08-11,2011,8,11,3,223,32,3,0,0,2,Store_B,1,Electronics,Tablets,478.09,0,0,478.09,390,441.89,45.5,16.35,3.14,6.12,56.16,511.17,993,478,373,33.4
2013-11-02,2013,11,2,5,306,44,4,1,0,3,Store_C,5,Sports,Footwear,87.09,0,0,87.09,259,77.07,35.78,5.67,3.46,6.99,51.08,522.56,1198,539,460,51.35
2018-05-04,2018,5,4,4,124,18,2,0,0,1,Store_A,1,Electronics,Phones,457.33,0,0,457.33,321,438.65,77.4,5.37,2.08,6.14,79.42,502.6,1362,484,291,61.91
2018-10-30,2018,10,30,1,303,44,4,0,0,1,Store_A,4,Food,Fresh,21.18,0,0,21.18,464,20.53,35.79,1.6,2.21,6.03,54.34,568.16,983,473,323,98.87
2014-08-28,2014,8,28,3,240,35,3,0,0,5,Store_E,4,Food,Packaged,18.0,15,1,15.3,53,14.79,46.4,3.83,2.8,7.0,60.05,606.81,1185,593,320,81.29
2018-06-16,2018,6,16,5,167,24,2,1,0,4,Store_D,1,Electronics,Tablets,525.08,0,0,525.08,287,597.2,59.73,1.72,2.03,6.01,69.04,540.83,1382,499,537,72.31
2022-01-08,2022,1,8,5,8,1,1,1,0,1,Store_A,1,Electronics,Phones,482.54,0,0,482.54,386,505.2,57.78,8.86,2.94,6.7,64.1,503.27,1493,492,410,67.05
2018-03-01,2018,3,1,3,60,9,1,0,0,2,Store_B,5,Sports,Apparel,74.46,0,0,74.46,144,65.83,78.29,1.3,2.02,6.23,75.22,574.53,1363,469,334,56.89
2010-02-10,2010,2,10,2,41,6,1,0,0,1,Store_A,1,Electronics,Phones,485.54,0,0,485.54,499,491.88,74.15,0.62,2.73,6.03,73.19,466.98,1397,479,331,67.05
2013-10-11,2013,10,11,4,284,41,4,0,0,2,Store_B,3,Home_Goods,Kitchen,164.79,0,0,164.79,483,158.52,40.28,16.73,3.33,6.5,55.24,438.66,1057,594,371,28.53
2015-09-21,2015,9,21,0,264,39,3,0,0,2,Store_B,4,Food,Fresh,21.13,0,0,21.13,138,18.45,42.28,3.36,2.91,6.87,61.31,529.68,1097,548,356,88.96
2015-12-16,2015,12,16,2,350,51,4,0,0,1,Store_A,2,Clothing,Men,48.15,0,0,48.15,121,51.81,58.07,2.78,2.47,6.71,56.37,562.79,1207,533,346,57.03
2018-10-23,2018,10,23,1,296,43,4,0,0,4,Store_D,2,Clothing,Kids,51.83,10,1,46.65,472,43.32,41.09,0.94,1.77,6.01,50.61,892.11,1146,647,231,57.58
2017-11-25,2017,11,25,5,329,47,4,1,1,5,Store_E,3,Home_Goods,Furniture,161.22,20,1,128.97,379,119.62,49.93,1.14,1.96,5.93,57.95,685.17,1125,539,715,103.05
2010-03-16,2010,3,16,1,75,11,1,0,0,2,Store_B,5,Sports,Apparel,82.71,5,1,78.57,313,81.34,75.03,0.92,2.66,5.94,80.84,853.25,1655,664,284,66.1
2020-09-14,2020,9,14,0,258,38,3,0,0,2,Store_B,1,Electronics,Laptops,547.21,0,0,547.21,259,496.74,45.52,0.16,2.42,6.72,56.85,580.35,1191,563,300,36.34
2023-08-05,2023,8,5,5,217,31,3,1,0,3,Store_C,1,Electronics,Accessories,478.41,0,0,478.41,66,482.45,44.79,10.05,3.67,7.14,60.26,517.36,1142,503,440,67.91
2017-04-11,2017,4,11,1,101,15,2,0,0,4,Store_D,2,Clothing,Kids,45.83,15,1,38.95,220,36.93,84.83,4.47,1.51,6.1,79.47,652.43,1561,619,317,86.51
2018-09-16,2018,9,16,6,259,37,3,1,0,3,Store_C,4,Food,Fresh,18.55,0,0,18.55,422,17.9,46.5,1.72,1.84,5.59,56.73,578.7,1063,483,464,95.06
2015-09-08,2015,9,8,1,251,37,3,0,0,2,Store_B,4,Food,Snacks,18.77,0,0,18.77,274,21.37,44.24,7.33,2.48,6.84,61.21,488.68,873,511,284,90.12
2011-03-18,2011,3,18,4,77,11,1,0,0,5,Store_E,5,Sports,Accessories,81.24,0,0,81.24,84,91.74,78.3,7.37,2.52,6.27,74.43,493.52,1461,512,314,56.1
2021-02-03,2021,2,3,2,34,5,1,0,0,4,Store_D,2,Clothing,Accessories,54.89,0,0,54.89,209,62.96,70.22,3.1,3.02,7.17,70.57,424.74,1226,474,280,95.9
2015-08-14,2015,8,14,4,226,33,3,0,0,1,Store_A,4,Food,Fresh,18.57,0,0,18.57,225,16.56,45.34,2.06,2.16,7.14,56.33,532.24,913,591,299,84.29
2016-12-16,2016,12,16,4,351,50,4,0,0,3,Store_C,4,Food,Snacks,18.46,0,0,18.46,386,15.76,62.72,5.96,2.56,6.14,68.93,571.11,1295,568,304,94.32
2019-01-20,2019,1,20,6,20,3,1,1,0,1,Store_A,5,Sports,Apparel,82.09,0,0,82.09,212,91.37,61.13,6.9,2.01,6.12,64.77,596.56,1384,532,480,84.05
2013-07-25,2013,7,25,3,206,30,3,0,0,4,Store_D,4,Food,Snacks,19.57,0,0,19.57,183,18.26,58.45,6.47,3.79,6.89,60.8,482.12,1067,437,243,78.84
2014-11-17,2014,11,17,0,321,47,4,0,0,1,Store_A,2,Clothing,Women,48.57,0,0,48.57,97,53.12,47.56,4.64,2.88,7.18,53.71,504.96,1096,427,305,40.06
2023-03-08,2023,3,8,2,67,10,1,0,0,2,Store_B,1,Electronics,Phones,474.41,0,0,474.41,155,405.61,77.94,0.43,3.04,6.8,72.12,494.74,1203,488,213,95.99
2019-05-24,2019,5,24,4,144,21,2,0,0,2,Store_B,4,Food,Packaged,19.33,0,0,19.33,472,22.18,77.32,2.99,2.55,6.22,73.26,534.98,1406,417,248,111.93
2013-07-28,2013,7,28,6,209,30,3,1,0,1,Store_A,2,Clothing,Men,50.58,0,0,50.58,174,49.21,41.18,7.46,3.28,6.57,63.77,516.66,961,489,456,54.52
2010-08-25,2010,8,25,2,237,34,3,0,0,5,Store_E,5,Sports,Footwear,86.14,0,0,86.14,171,76.97,40.23,0.37,2.5,6.34,62.63,575.61,1181,503,405,29.69
2017-02-12,2017,2,12,6,43,6,1,1,0,3,Store_C,2,Clothing,Accessories,54.5,0,0,54.5,454,48.6,78.74,1.36,2.2,6.13,65.76,561.77,1301,477,362,71.61
2011-06-05,2011,6,5,6,156,22,2,1,0,5,Store_E,3,Home_Goods,Furniture,164.62,0,0,164.62,470,154.11,66.34,1.27,2.59,6.69,71.94,588.99,1435,442,462,63.36
2017-01-17,2017,1,17,1,17,3,1,0,0,1,Store_A,5,Sports,Footwear,82.29,0,0,82.29,229,76.02,61.98,3.65,2.07,6.1,65.95,537.34,1165,467,371,62.41
2018-12-25,2018,12,25,1,359,52,4,0,1,2,Store_B,2,Clothing,Men,45.77,15,1,38.9,362,39.26,53.03,7.14,2.0,6.17,64.09,850.63,1309,543,447,116.79
2018-09-22,2018,9,22,5,265,38,3,1,0,1,Store_A,3,Home_Goods,Kitchen,156.97,0,0,156.97,140,177.13,43.76,5.93,2.53,6.36,60.13,586.51,1127,368,427,36.72
2017-07-31,2017,7,31,0,212,31,3,0,0,5,Store_E,4,Food,Beverages,18.37,0,0,18.37,404,20.17,52.51,1.29,2.1,6.15,58.19,422.07,1179,514,309,97.96
2012-01-06,2012,1,6,4,6,1,1,0,0,4,Store_D,3,Home_Goods,Furniture,160.96,0,0,160.96,200,173.39,64.69,19.37,2.88,6.65,66.0,400.23,1189,533,247,26.98
2022-11-17,2022,11,17,3,321,46,4,0,0,3,Store_C,5,Sports,Footwear,82.96,0,0,82.96,424,81.07,44.11,6.26,3.04,6.67,58.81,486.49,1188,536,259,53.89
2023-07-01,2023,7,1,5,182,26,3,1,0,4,Store_D,1,Electronics,Laptops,460.28,0,0,460.28,194,438.4,42.2,6.65,2.57,7.18,62.22,578.13,1507,410,446,84.66
2015-10-08,2015,10,8,3,281,41,4,0,0,5,Store_E,1,Electronics,Phones,473.57,0,0,473.57,72,520.13,38.5,2.9,2.05,6.76,54.71,506.91,950,567,238,29.15
2017-05-03,2017,5,3,2,123,18,2,0,0,3,Store_C,4,Food,Packaged,21.39,0,0,21.39,267,19.21,77.84,0.61,2.4,5.85,78.15,521.5,1572,573,288,112.43
2018-11-04,2018,11,4,6,308,44,4,1,0,3,Store_C,1,Electronics,Phones,474.11,0,0,474.11,92,470.6,40.08,0.31,1.83,5.85,59.66,434.55,951,555,376,56.51
2017-07-24,2017,7,24,0,205,30,3,0,0,5,Store_E,4,Food,Snacks,18.05,0,0,18.05,264,18.92,50.42,2.02,2.0,6.07,60.34,577.59,1233,465,311,88.73
2011-08-16,2011,8,16,1,228,33,3,0,0,4,Store_D,2,Clothing,Women,48.91,0,0,48.91,469,52.43,49.42,6.67,2.77,6.61,53.75,538.52,1225,511,231,41.78
2013-07-27,2013,7,27,5,208,30,3,1,0,5,Store_E,3,Home_Goods,Furniture,140.78,0,0,140.78,258,125.92,59.34,3.07,2.85,6.75,58.71,473.51,1165,464,418,39.69
2013-10-19,2013,10,19,5,292,42,4,1,0,3,Store_C,2,Clothing,Accessories,53.94,0,0,53.94,332,56.79,37.67,7.11,2.93,7.21,54.13,464.44,1054,560,529,56.4
2022-11-09,2022,11,9,2,313,45,4,0,0,4,Store_D,4,Food,Fresh,18.48,0,0,18.48,256,16.16,42.04,10.35,3.27,6.82,57.72,483.77,1024,536,250,107.61
2022-05-24,2022,5,24,1,144,21,2,0,0,2,Store_B,4,Food,Beverages,18.97,0,0,18.97,303,17.48,72.79,1.04,2.93,6.93,69.35,586.72,1504,436,317,122.38
2020-10-22,2020,10,22,3,296,43,4,0,0,5,Store_E,2,Clothing,Accessories,54.61,0,0,54.61,405,58.31,42.31,8.69,2.53,6.27,57.26,518.81,923,481,278,65.35
2015-03-06,2015,3,6,4,65,10,1,0,0,2,Store_B,1,Electronics,Phones,480.61,0,0,480.61,145,519.77,71.5,1.19,2.74,6.78,72.41,431.57,1536,583,389,63.71
2018-03-07,2018,3,7,2,66,10,1,0,0,4,Store_D,1,Electronics,Laptops,490.75,0,0,490.75,99,510.74,74.92,0.83,1.8,5.96,78.23,559.43,1311,486,275,39.06
2023-06-26,2023,6,26,0,177,26,2,0,0,3,Store_C,1,Electronics,Laptops,503.44,0,0,503.44,447,463.81,62.87,0.07,2.86,6.76,63.08,545.33,1188,540,349,61.67
2019-01-11,2019,1,11,4,11,2,1,0,0,2,Store_B,3,Home_Goods,Kitchen,155.38,0,0,155.38,202,162.29,56.92,0.97,2.05,6.33,69.4,439.14,1282,495,302,49.53
2012-06-23,2012,6,23,5,175,25,2,1,0,5,Store_E,4,Food,Fresh,21.42,0,0,21.42,413,24.01,61.65,0.42,2.78,6.39,67.48,576.95,1379,502,430,89.75
2022-08-15,2022,8,15,0,227,33,3,0,0,2,Store_B,2,Clothing,Accessories,49.94,0,0,49.94,468,50.67,49.65,8.36,2.94,6.94,57.13,415.07,1289,485,321,61.42
2013-07-03,2013,7,3,2,184,27,3,0,0,1,Store_A,5,Sports,Footwear,86.14,0,0,86.14,84,94.6,62.96,7.14,3.31,6.84,65.8,413.44,1140,497,334,27.73
2012-07-22,2012,7,22,6,204,29,3,1,0,5,Store_E,5,Sports,Apparel,77.37,0,0,77.37,297,70.89,41.79,7.39,2.98,6.41,68.32,555.87,1282,459,427,59.38
2023-06-01,2023,6,1,3,152,22,2,0,0,4,Store_D,3,Home_Goods,Bedding,150.53,0,0,150.53,110,149.51,72.55,0.23,2.7,7.14,71.77,576.34,1334,506,249,79.01
2016-04-27,2016,4,27,2,118,17,2,0,0,4,Store_D,2,Clothing,Men,45.45,0,0,45.45,164,49.08,79.43,14.78,2.24,6.4,73.71,402.21,1328,492,241,80.11
2014-04-05,2014,4,5,5,95,14,2,1,0,3,Store_C,4,Food,Packaged,21.17,0,0,21.17,429,19.94,84.81,6.02,3.11,6.95,76.95,512.23,1476,502,460,119.86
2022-05-31,2022,5,31,1,151,22,2,0,0,1,Store_A,2,Clothing,Men,49.11,0,0,49.11,203,51.46,75.52,4.69,3.16,6.96,73.2,594.69,1388,458,231,102.88
2018-09-26,2018,9,26,2,269,39,3,0,0,4,Store_D,1,Electronics,Phones,492.74,0,0,492.74,55,556.67,41.97,1.37,2.5,6.2,57.67,446.09,957,518,269,36.16
2022-02-28,2022,2,28,0,59,9,1,0,0,4,Store_D,2,Clothing,Accessories,49.41,0,0,49.41,62,44.1,81.06,31.08,2.88,6.91,72.55,421.76,1499,476,262,91.09
2011-12-08,2011,12,8,3,342,49,4,0,0,1,Store_A,3,Home_Goods,Kitchen,151.18,0,0,151.18,299,156.2,57.09,1.52,3.03,5.9,58.99,412.46,1111,492,417,33.36
2022-11-04,2022,11,4,4,308,44,4,0,0,2,Store_B,4,Food,Snacks,18.56,0,0,18.56,375,16.57,45.05,1.69,2.89,7.19,58.17,549.41,1205,483,388,105.47
2018-05-29,2018,5,29,1,149,22,2,0,0,2,Store_B,3,Home_Goods,Bedding,142.16,0,0,142.16,166,153.29,67.99,2.76,2.22,5.86,67.42,599.44,1580,466,288,55.59
2012-01-16,2012,1,16,0,16,3,1,0,0,3,Store_C,1,Electronics,Accessories,539.54,0,0,539.54,52,555.2,63.67,8.4,2.81,6.72,68.87,503.15,1374,489,328,34.81
2019-11-04,2019,11,4,0,308,45,4,0,0,4,Store_D,2,Clothing,Accessories,50.56,0,0,50.56,139,50.77,26.9,3.64,2.16,6.14,54.8,598.4,1054,548,241,65.97
2015-04-24,2015,4,24,4,114,17,2,0,0,2,Store_B,3,Home_Goods,Bedding,143.75,0,0,143.75,119,161.59,82.86,0.37,3.09,7.04,77.62,528.01,1360,477,333,49.4
2022-01-18,2022,1,18,1,18,3,1,0,0,4,Store_D,3,Home_Goods,Bedding,138.79,0,0,138.79,486,121.74,72.55,0.19,2.79,6.72,67.1,404.6,1261,470,322,60.73
2017-11-02,2017,11,2,3,306,44,4,0,0,1,Store_A,2,Clothing,Accessories,51.73,0,0,51.73,370,48.98,46.84,4.24,2.51,5.8,58.56,577.31,1141,532,306,50.57
2020-12-10,2020,12,10,3,345,50,4,0,0,4,Store_D,4,Food,Packaged,18.98,0,0,18.98,377,18.8,59.25,0.07,2.87,6.34,64.0,584.43,1195,448,295,86.68
2011-05-29,2011,5,29,6,149,21,2,1,0,4,Store_D,2,Clothing,Men,51.1,0,0,51.1,140,47.8,68.08,19.3,2.14,6.05,67.26,545.89,1310,464,452,70.26
2010-03-23,2010,3,23,1,82,12,1,0,0,5,Store_E,4,Food,Snacks,20.09,0,0,20.09,206,21.92,70.19,4.71,2.62,5.8,77.7,482.71,1425,492,251,102.87
2023-08-17,2023,8,17,3,229,33,3,0,0,4,Store_D,4,Food,Snacks,19.11,0,0,19.11,411,21.49,39.35,0.92,3.11,6.95,55.44,551.92,1146,533,293,97.54
2013-08-01,2013,8,1,3,213,31,3,0,0,5,Store_E,5,Sports,Footwear,83.67,0,0,83.67,475,88.57,50.39,2.13,2.85,6.98,57.1,453.71,1101,526,363,42.59
2022-08-20,2022,8,20,5,232,33,3,1,0,2,Store_B,2,Clothing,Accessories,49.73,0,0,49.73,118,53.42,46.41,7.23,3.27,7.06,56.89,415.05,1030,539,443,85.11
2012-07-03,2012,7,3,1,185,27,3,0,0,4,Store_D,3,Home_Goods,Furniture,147.76,25,1,110.82,472,103.89,60.51,6.62,2.81,6.3,61.4,740.67,1446,578,328,71.75
2019-06-15,2019,6,15,5,166,24,2,1,0,4,Store_D,3,Home_Goods,Bedding,157.87,0,0,157.87,245,153.86,65.25,4.0,2.47,6.25,62.8,549.06,1346,417,438,45.12
2020-02-13,2020,2,13,3,44,7,1,0,0,2,Store_B,5,Sports,Apparel,76.69,0,0,76.69,483,76.31,71.88,4.22,2.64,6.5,76.04,483.38,1488,416,293,82.71
2023-02-26,2023,2,26,6,57,8,1,1,0,3,Store_C,1,Electronics,Phones,520.73,0,0,520.73,486,550.02,75.7,11.83,2.78,6.91,75.44,530.54,1390,545,505,77.87
2018-08-23,2018,8,23,3,235,34,3,0,0,3,Store_C,3,Home_Goods,Furniture,140.76,0,0,140.76,378,154.67,45.47,10.51,2.26,6.24,60.53,577.89,1120,469,276,46.36
2016-01-08,2016,1,8,4,8,1,1,0,0,5,Store_E,1,Electronics,Phones,505.7,0,0,505.7,280,441.22,73.41,5.64,1.88,6.1,68.94,419.34,1345,440,208,50.41
2021-08-03,2021,8,3,1,215,31,3,0,0,5,Store_E,3,Home_Goods,Decor,149.42,0,0,149.42,330,136.92,47.83,1.44,3.28,6.67,60.47,552.28,1303,489,283,37.04
2012-02-14,2012,2,14,1,45,7,1,0,0,5,Store_E,2,Clothing,Men,47.43,30,1,33.2,262,36.71,77.39,0.18,3.04,6.65,75.41,614.88,1547,745,275,97.46
2010-11-26,2010,11,26,4,330,47,4,0,1,5,Store_E,2,Clothing,Accessories,46.79,5,1,44.45,305,39.43,49.77,6.64,2.2,5.98,59.21,638.17,1204,643,472,80.98
2015-08-17,2015,8,17,0,229,34,3,0,0,5,Store_E,5,Sports,Equipment,85.0,0,0,85.0,54,92.14,45.62,2.68,2.81,6.89,60.07,458.88,1102,501,276,39.0
2015-06-25,2015,6,25,3,176,26,2,0,0,2,Store_B,5,Sports,Accessories,72.74,0,0,72.74,331,72.54,68.4,1.92,2.46,6.57,65.59,450.34,1168,516,306,41.0
2012-08-01,2012,8,1,2,214,31,3,0,0,4,Store_D,1,Electronics,Phones,510.94,0,0,510.94,195,438.55,49.72,2.3,3.5,6.56,58.3,464.2,1211,436,199,35.94
2012-04-02,2012,4,2,0,93,14,2,0,0,1,Store_A,4,Food,Beverages,20.68,0,0,20.68,341,23.11,81.46,5.17,2.52,6.36,74.94,587.45,1661,536,362,106.22
2022-05-25,2022,5,25,2,145,21,2,0,0,4,Store_D,2,Clothing,Kids,49.88,0,0,49.88,460,45.74,75.01,2.56,3.89,7.38,68.51,568.43,1439,401,288,94.85
2012-06-28,2012,6,28,3,180,26,2,0,0,2,Store_B,4,Food,Snacks,18.67,0,0,18.67,165,16.81,55.92,1.67,2.84,6.47,70.49,475.01,1128,474,405,79.48
2016-11-21,2016,11,21,0,326,47,4,0,0,1,Store_A,2,Clothing,Women,45.81,0,0,45.81,386,44.38,46.55,2.96,1.72,6.67,60.12,498.34,1371,490,260,62.75
2010-07-01,2010,7,1,3,182,26,3,0,0,3,Store_C,1,Electronics,Laptops,519.62,0,0,519.62,395,511.94,59.76,3.99,2.66,6.44,66.68,549.65,1292,423,292,47.78
2010-06-14,2010,6,14,0,165,24,2,0,0,2,Store_B,2,Clothing,Kids,50.95,0,0,50.95,279,44.36,74.76,3.06,2.31,6.02,65.34,528.33,1233,572,217,76.47
2014-03-04,2014,3,4,1,63,10,1,0,0,5,Store_E,4,Food,Beverages,19.96,0,0,19.96,147,18.96,70.91,19.26,2.48,7.02,75.97,596.21,1530,496,234,108.04
2011-03-28,2011,3,28,0,87,13,1,0,0,3,Store_C,3,Home_Goods,Bedding,152.27,0,0,152.27,67,144.22,76.5,8.85,2.84,6.52,77.04,540.62,1443,407,206,51.1
2016-12-13,2016,12,13,1,348,50,4,0,0,5,Store_E,1,Electronics,Laptops,541.76,0,0,541.76,397,590.26,56.27,4.66,1.97,6.68,66.58,512.51,1177,529,326,39.22
2021-04-30,2021,4,30,4,120,17,2,0,0,5,Store_E,5,Sports,Accessories,77.95,0,0,77.95,492,85.65,79.85,0.66,3.09,6.75,71.34,534.14,1418,416,313,84.34
2023-01-28,2023,1,28,5,28,4,1,1,0,4,Store_D,2,Clothing,Men,47.45,0,0,47.45,160,47.37,67.9,2.74,2.79,6.83,65.71,541.24,1212,482,536,83.09
2013-08-04,2013,8,4,6,216,31,3,1,0,3,Store_C,3,Home_Goods,Bedding,143.0,0,0,143.0,405,136.49,46.47,3.03,3.09,6.75,58.02,419.94,1024,493,444,45.59
2018-08-16,2018,8,16,3,228,33,3,0,0,3,Store_C,5,Sports,Footwear,72.73,0,0,72.73,91,77.38,47.6,6.94,2.06,6.14,59.63,492.08,1182,470,415,33.84
2013-01-16,2013,1,16,2,16,3,1,0,0,3,Store_C,1,Electronics,Tablets,505.16,0,0,505.16,487,511.49,64.92,1.85,3.05,7.32,59.85,400.27,1344,428,372,27.82
2022-06-14,2022,6,14,1,165,24,2,0,0,4,Store_D,3,Home_Goods,Bedding,145.39,0,0,145.39,195,140.43,63.64,0.31,3.15,7.09,65.42,447.49,1084,562,298,64.95
2021-03-09,2021,3,9,1,68,10,1,0,0,1,Store_A,3,Home_Goods,Decor,163.03,5,1,154.88,146,158.69,72.37,1.63,3.1,6.83,75.65,698.35,1445,593,327,72.51
2019-07-22,2019,7,22,0,203,30,3,0,0,3,Store_C,4,Food,Packaged,20.2,0,0,20.2,78,17.48,52.74,0.24,2.2,6.09,66.16,495.84,1151,598,303,91.57
2013-07-11,2013,7,11,3,192,28,3,0,0,5,Store_E,1,Electronics,Tablets,456.54,0,0,456.54,393,470.94,63.13,5.32,2.73,6.75,59.97,452.69,1035,557,249,34.72
2021-06-09,2021,6,9,2,160,23,2,0,0,5,Store_E,1,Electronics,Laptops,472.61,0,0,472.61,369,462.25,69.61,0.48,2.98,6.89,72.81,535.52,1238,471,257,63.83
2022-09-20,2022,9,20,1,263,38,3,0,0,2,Store_B,3,Home_Goods,Decor,163.13,0,0,163.13,60,163.92,41.4,2.52,3.43,6.76,53.61,485.58,1114,413,334,41.96
2020-01-29,2020,1,29,2,29,5,1,0,0,2,Store_B,1,Electronics,Accessories,511.06,0,0,511.06,301,539.21,67.25,8.4,2.97,6.85,74.26,594.26,1329,540,279,60.36
2022-05-09,2022,5,9,0,129,19,2,0,0,4,Store_D,4,Food,Snacks,18.03,0,0,18.03,120,16.48,68.22,3.95,3.13,6.98,72.89,591.65,1539,504,270,111.44
2021-05-31,2021,5,31,0,151,22,2,0,0,1,Store_A,5,Sports,Accessories,80.12,0,0,80.12,293,82.47,67.82,6.36,2.72,6.95,72.0,407.92,1346,558,231,72.22
2019-01-14,2019,1,14,0,14,3,1,0,0,4,Store_D,4,Food,Packaged,20.75,0,0,20.75,170,23.5,66.99,1.49,2.23,6.05,70.78,470.5,1210,470,298,96.89
2019-01-24,2019,1,24,3,24,4,1,0,0,5,Store_E,5,Sports,Footwear,79.03,0,0,79.03,492,83.92,71.19,2.23,1.97,6.03,72.34,587.44,1374,469,221,75.99
2022-06-23,2022,6,23,3,174,25,2,0,0,1,Store_A,3,Home_Goods,Furniture,162.98,0,0,162.98,145,162.94,62.95,10.15,2.61,6.93,70.73,442.51,1321,506,320,49.03
2018-07-23,2018,7,23,0,204,30,3,0,0,1,Store_A,5,Sports,Equipment,81.22,0,0,81.22,260,73.22,52.77,1.14,2.34,5.72,61.75,473.47,1220,554,222,48.13
2010-11-24,2010,11,24,2,328,47,4,0,1,5,Store_E,3,Home_Goods,Kitchen,158.35,0,0,158.35,271,149.19,47.85,3.93,2.46,5.59,61.27,489.46,1115,518,456,43.46
2014-11-26,2014,11,26,2,330,48,4,0,1,2,Store_B,5,Sports,Footwear,83.0,15,1,70.55,118,64.62,50.51,1.98,2.5,6.88,56.83,692.36,1120,621,454,88.77
2016-10-26,2016,10,26,2,300,43,4,0,0,5,Store_E,4,Food,Snacks,18.9,0,0,18.9,218,19.6,44.28,0.98,2.13,6.19,57.18,534.18,1145,522,358,81.22
2015-06-30,2015,6,30,1,181,27,2,0,0,2,Store_B,2,Clothing,Women,45.02,0,0,45.02,393,48.5,60.19,5.94,2.06,6.94,66.13,456.52,1295,445,401,59.19
2015-07-01,2015,7,1,2,182,27,3,0,0,3,Store_C,3,Home_Goods,Kitchen,137.71,0,0,137.71,235,130.89,61.7,3.1,2.39,6.83,64.58,537.3,1049,530,329,54.08
2015-02-02,2015,2,2,0,33,6,1,0,0,4,Store_D,2,Clothing,Men,51.27,0,0,51.27,284,45.68,70.78,5.7,1.94,6.89,72.54,534.28,1486,443,355,70.99
2022-10-30,2022,10,30,6,303,43,4,1,0,2,Store_B,5,Sports,Accessories,73.79,0,0,73.79,240,67.85,45.95,1.38,2.58,7.2,57.82,476.96,1007,515,510,49.1
2010-11-09,2010,11,9,1,313,45,4,0,0,4,Store_D,3,Home_Goods,Decor,164.39,0,0,164.39,411,145.03,48.35,36.7,2.33,5.86,54.67,532.57,1255,500,270,17.76
2012-04-12,2012,4,12,3,103,15,2,0,0,5,Store_E,5,Sports,Footwear,86.23,0,0,86.23,487,82.72,80.49,9.3,3.12,6.38,78.8,495.74,1384,455,315,64.55
2018-06-07,2018,6,7,3,158,23,2,0,0,4,Store_D,2,Clothing,Men,48.63,0,0,48.63,362,51.52,73.26,0.45,1.71,5.84,68.06,525.93,1274,491,277,78.46
2022-12-01,2022,12,1,3,335,48,4,0,0,1,Store_A,2,Clothing,Kids,48.12,0,0,48.12,142,46.39,50.46,19.53,2.93,6.68,63.38,554.47,1064,501,297,69.95
2019-06-25,2019,6,25,1,176,26,2,0,0,2,Store_B,2,Clothing,Men,50.69,0,0,50.69,177,46.72,51.78,10.93,2.51,6.3,64.94,478.0,1094,530,320,74.45
2013-04-16,2013,4,16,1,106,16,2,0,0,5,Store_E,1,Electronics,Phones,478.25,0,0,478.25,323,531.14,80.81,0.32,3.07,6.96,73.62,579.8,1256,420,269,52.34
2022-01-09,2022,1,9,6,9,1,1,1,0,1,Store_A,2,Clothing,Accessories,54.46,0,0,54.46,124,49.01,66.58,6.43,3.38,7.33,65.38,493.13,1170,504,435,94.78
2019-09-18,2019,9,18,2,261,38,3,0,0,3,Store_C,1,Electronics,Laptops,462.77,0,0,462.77,244,471.51,39.1,2.95,2.13,6.25,56.79,570.25,1105,590,293,50.59
2023-06-24,2023,6,24,5,175,25,2,1,0,5,Store_E,3,Home_Goods,Furniture,142.23,0,0,142.23,157,145.48,66.37,19.16,3.49,6.85,65.26,462.81,1053,524,441,61.82
2015-11-05,2015,11,5,3,309,45,4,0,0,1,Store_A,2,Clothing,Men,48.28,0,0,48.28,494,54.83,48.95,3.11,2.28,6.83,61.31,585.11,1064,540,254,54.96
2019-06-14,2019,6,14,4,165,24,2,0,0,4,Store_D,1,Electronics,Laptops,539.82,0,0,539.82,185,536.74,61.34,3.61,1.99,6.06,67.29,536.55,1190,520,327,55.84
2016-01-19,2016,1,19,1,19,3,1,0,0,1,Store_A,1,Electronics,Tablets,529.96,0,0,529.96,397,522.38,64.59,1.49,2.42,6.4,70.82,495.38,1144,474,302,43.5
2015-03-17,2015,3,17,1,76,12,1,0,0,5,Store_E,3,Home_Goods,Decor,143.71,0,0,143.71,329,152.46,89.41,3.58,3.06,6.69,68.46,422.49,1450,572,245,74.27
2014-01-21,2014,1,21,1,21,4,1,0,0,1,Store_A,3,Home_Goods,Kitchen,147.65,0,0,147.65,101,133.02,71.92,1.86,1.97,7.34,68.14,496.47,1256,485,333,46.44
2012-02-17,2012,2,17,4,48,7,1,0,0,3,Store_C,5,Sports,Accessories,78.94,0,0,78.94,214,74.42,71.92,2.78,2.3,7.03,73.79,493.12,1499,548,244,51.44
2012-03-10,2012,3,10,5,70,10,1,1,0,4,Store_D,4,Food,Snacks,18.64,0,0,18.64,217,16.01,80.64,1.62,2.43,6.3,74.73,588.56,1524,489,504,106.59
2020-03-03,2020,3,3,1,63,10,1,0,0,3,Store_C,3,Home_Goods,Kitchen,163.66,0,0,163.66,294,179.82,77.32,5.58,2.89,7.05,77.2,577.76,1456,516,238,55.46
2020-10-17,2020,10,17,5,291,42,4,1,0,1,Store_A,5,Sports,Equipment,73.77,0,0,73.77,310,72.74,33.25,0.99,2.44,6.36,54.95,510.23,1070,498,403,53.4
2010-02-24,2010,2,24,2,55,8,1,0,0,2,Store_B,1,Electronics,Phones,516.99,10,1,465.29,450,420.7,80.32,0.17,2.54,5.78,76.27,877.32,1713,595,276,74.34
2018-02-20,2018,2,20,1,51,8,1,0,0,5,Store_E,2,Clothing,Men,51.47,0,0,51.47,403,57.37,73.78,9.14,1.95,5.59,72.75,410.28,1229,523,296,79.43
2019-02-18,2019,2,18,0,49,8,1,0,0,3,Store_C,5,Sports,Equipment,86.96,0,0,86.96,51,95.26,76.86,1.08,2.4,6.19,65.61,467.39,1328,558,331,75.01
2015-04-05,2015,4,5,6,95,14,2,1,0,1,Store_A,4,Food,Packaged,21.05,0,0,21.05,208,22.31,76.38,0.22,2.8,7.06,77.71,592.72,1465,490,439,121.79
2020-03-04,2020,3,4,2,64,10,1,0,0,3,Store_C,2,Clothing,Men,49.13,0,0,49.13,319,43.11,82.77,2.28,2.43,6.62,74.81,433.86,1474,510,238,82.86
2022-09-21,2022,9,21,2,264,38,3,0,0,4,Store_D,3,Home_Goods,Furniture,154.2,10,1,138.78,92,150.55,36.23,0.23,3.08,7.18,57.09,609.79,1147,576,301,48.59
2012-08-04,2012,8,4,5,217,31,3,1,0,2,Store_B,2,Clothing,Men,54.9,0,0,54.9,161,58.2,49.07,2.94,3.01,6.47,55.61,521.35,1161,396,443,49.17
2014-08-29,2014,8,29,4,241,35,3,0,0,4,Store_D,2,Clothing,Kids,46.67,0,0,46.67,138,45.47,46.73,1.08,2.47,6.9,58.7,478.61,1167,431,297,38.15
2019-01-07,2019,1,7,0,7,2,1,0,0,4,Store_D,4,Food,Packaged,19.28,0,0,19.28,252,21.75,53.31,0.04,2.73,6.09,64.8,430.92,1113,550,265,106.32
2015-12-02,2015,12,2,2,336,49,4,0,0,2,Store_B,1,Electronics,Tablets,536.73,0,0,536.73,67,560.47,49.76,0.43,2.36,6.86,60.45,447.79,1142,557,206,25.85
2013-02-10,2013,2,10,6,41,6,1,1,0,2,Store_B,3,Home_Goods,Furniture,143.7,0,0,143.7,225,149.59,74.64,9.9,2.96,6.7,74.2,594.75,1490,573,459,46.78
2012-09-14,2012,9,14,4,258,37,3,0,0,4,Store_D,5,Sports,Footwear,83.78,0,0,83.78,451,94.37,50.15,0.44,3.08,6.72,51.98,513.83,1213,439,310,41.45
2016-12-24,2016,12,24,5,359,51,4,1,0,2,Store_B,5,Sports,Accessories,87.77,5,1,83.38,63,95.79,62.46,11.02,1.95,6.67,65.13,618.99,1427,648,478,55.48
2010-07-13,2010,7,13,1,194,28,3,0,0,4,Store_D,1,Electronics,Tablets,529.97,10,1,476.97,236,514.53,54.85,15.13,2.41,6.05,59.27,773.79,1569,592,314,34.3
2018-05-16,2018,5,16,2,136,20,2,0,0,2,Store_B,2,Clothing,Accessories,47.63,0,0,47.63,233,41.66,80.1,1.45,1.96,5.97,72.65,425.99,1481,521,311,91.07
2018-11-21,2018,11,21,2,325,47,4,0,0,4,Store_D,5,Sports,Accessories,87.63,0,0,87.63,123,92.47,50.64,3.7,1.43,6.18,55.71,566.82,1107,566,270,39.02
2013-10-26,2013,10,26,5,299,43,4,1,0,1,Store_A,3,Home_Goods,Kitchen,142.32,10,1,128.09,395,124.87,39.45,13.33,2.93,6.87,55.5,713.43,1164,629,420,51.59
2017-03-22,2017,3,22,2,81,12,1,0,0,3,Store_C,1,Electronics,Laptops,544.78,0,0,544.78,316,476.38,77.23,4.21,2.63,6.09,70.96,553.26,1398,538,350,58.44
2012-02-08,2012,2,8,2,39,6,1,0,0,2,Store_B,3,Home_Goods,Kitchen,137.83,0,0,137.83,374,141.22,70.5,0.21,2.96,6.58,74.7,504.77,1462,459,275,56.63
2022-11-16,2022,11,16,2,320,46,4,0,0,2,Store_B,3,Home_Goods,Decor,159.1,0,0,159.1,294,179.03,36.59,2.94,2.51,7.07,63.08,457.58,1117,509,256,46.25
2018-06-18,2018,6,18,0,169,25,2,0,0,5,Store_E,1,Electronics,Laptops,512.7,0,0,512.7,452,561.41,68.2,3.19,1.61,6.04,70.02,571.13,1431,507,287,60.17
2019-07-28,2019,7,28,6,209,30,3,1,0,1,Store_A,4,Food,Packaged,21.2,0,0,21.2,286,18.67,51.24,2.05,1.93,6.2,57.16,412.44,1104,546,454,106.75
2018-10-21,2018,10,21,6,294,42,4,1,0,1,Store_A,2,Clothing,Accessories,51.95,0,0,51.95,353,54.02,46.38,17.28,1.86,5.91,54.59,463.1,855,484,445,69.18
2010-10-13,2010,10,13,2,286,41,4,0,0,3,Store_C,2,Clothing,Women,48.43,0,0,48.43,91,45.95,40.09,1.47,2.31,6.27,52.33,504.31,1184,532,333,33.81
2023-07-10,2023,7,10,0,191,28,3,0,0,4,Store_D,2,Clothing,Kids,53.37,0,0,53.37,122,54.22,49.82,1.31,3.04,6.66,67.37,437.87,1145,348,292,63.06
2011-03-05,2011,3,5,5,64,9,1,1,0,4,Store_D,5,Sports,Apparel,87.87,0,0,87.87,452,82.04,74.84,11.21,2.84,6.55,74.99,566.31,1425,537,445,60.74
2022-03-07,2022,3,7,0,66,10,1,0,0,5,Store_E,2,Clothing,Men,54.76,10,1,49.29,141,46.9,75.81,4.76,2.44,6.81,74.63,665.48,1512,592,277,110.86
2016-05-21,2016,5,21,5,142,20,2,1,0,4,Store_D,3,Home_Goods,Decor,157.09,0,0,157.09,92,173.82,70.24,1.41,2.34,6.24,69.62,573.83,1478,451,550,53.42
2017-06-10,2017,6,10,5,161,23,2,1,0,5,Store_E,3,Home_Goods,Bedding,142.77,0,0,142.77,272,131.51,65.81,0.94,1.67,6.24,69.0,561.31,1288,523,473,59.45
2015-09-11,2015,9,11,4,254,37,3,0,0,1,Store_A,4,Food,Packaged,20.3,0,0,20.3,214,18.26,40.91,1.01,2.68,7.0,60.14,563.24,1271,515,199,71.91
2019-04-13,2019,4,13,5,103,15,2,1,0,4,Store_D,2,Clothing,Men,47.11,0,0,47.11,78,53.12,88.58,2.54,1.67,6.18,68.26,498.94,1559,473,456,85.41
2011-12-24,2011,12,24,5,358,51,4,1,0,5,Store_E,2,Clothing,Women,49.56,0,0,49.56,93,53.79,62.06,0.94,2.86,6.39,62.94,403.85,1129,444,488,70.13
2012-08-09,2012,8,9,3,222,32,3,0,0,5,Store_E,1,Electronics,Phones,460.08,15,1,391.07,138,430.75,34.74,1.75,2.63,6.58,59.6,678.34,1182,669,281,38.7
2022-01-01,2022,1,1,5,1,52,1,1,1,5,Store_E,3,Home_Goods,Decor,162.43,0,0,162.43,275,185.85,58.71,0.77,2.91,7.17,58.94,533.6,1358,506,718,86.62
2021-12-15,2021,12,15,2,349,50,4,0,0,1,Store_A,4,Food,Fresh,18.72,5,1,17.79,128,19.91,55.37,0.96,3.23,6.51,65.63,611.18,1141,642,335,95.59
2016-03-12,2016,3,12,5,72,10,1,1,0,3,Store_C,3,Home_Goods,Bedding,162.99,0,0,162.99,302,152.87,83.85,4.76,2.39,6.46,73.95,571.98,1376,520,506,69.35
2012-09-16,2012,9,16,6,260,37,3,1,0,5,Store_E,2,Clothing,Accessories,48.75,20,1,39.0,147,35.06,43.73,0.53,3.91,6.36,54.59,739.42,1126,636,416,75.64
2018-10-18,2018,10,18,3,291,42,4,0,0,1,Store_A,5,Sports,Apparel,85.31,10,1,76.78,55,79.51,38.3,1.79,2.0,6.16,56.1,746.43,1070,591,235,45.82
2014-10-26,2014,10,26,6,299,43,4,1,0,5,Store_E,1,Electronics,Phones,519.57,0,0,519.57,108,559.44,40.65,2.86,2.63,7.24,55.97,403.59,831,423,329,36.7
2022-07-16,2022,7,16,5,197,28,3,1,0,3,Store_C,5,Sports,Apparel,83.15,0,0,83.15,233,74.87,58.77,0.4,3.29,6.9,59.23,586.7,1346,472,464,64.26
2010-11-23,2010,11,23,1,327,47,4,0,1,3,Store_C,5,Sports,Footwear,77.46,15,1,65.84,495,72.69,46.13,2.03,2.85,6.55,58.0,671.5,1207,672,463,76.55
2017-02-21,2017,2,21,1,52,8,1,0,0,1,Store_A,2,Clothing,Women,49.55,0,0,49.55,257,49.95,88.05,6.23,1.7,5.96,72.96,470.55,1404,482,361,71.68
2013-10-15,2013,10,15,1,288,42,4,0,0,2,Store_B,1,Electronics,Laptops,510.32,0,0,510.32,448,435.31,45.95,2.64,2.88,7.05,58.62,441.09,1239,418,341,32.45
2014-09-21,2014,9,21,6,264,38,3,1,0,2,Store_B,3,Home_Goods,Decor,150.22,0,0,150.22,489,131.06,33.14,2.24,2.68,6.92,54.42,512.07,1187,447,419,42.29
2012-12-22,2012,12,22,5,357,51,4,1,0,2,Store_B,2,Clothing,Accessories,46.18,0,0,46.18,222,52.1,51.99,0.99,2.87,6.31,68.76,431.26,1215,407,437,68.65
2016-11-28,2016,11,28,0,333,48,4,0,1,4,Store_D,3,Home_Goods,Bedding,138.6,0,0,138.6,409,126.1,49.29,4.19,2.62,6.43,58.52,425.17,1261,504,454,72.06
2010-12-08,2010,12,8,2,342,49,4,0,0,1,Store_A,4,Food,Fresh,19.71,0,0,19.71,418,18.61,56.19,1.36,2.62,5.99,61.87,453.45,1063,491,288,73.02
2020-02-19,2020,2,19,2,50,8,1,0,0,5,Store_E,5,Sports,Apparel,78.74,15,1,66.92,117,68.58,74.39,7.83,2.58,6.52,73.31,790.0,1443,572,368,70.51
2010-05-28,2010,5,28,4,148,21,2,0,0,4,Store_D,2,Clothing,Men,51.22,0,0,51.22,350,47.79,71.3,11.84,2.61,6.09,67.5,561.97,1377,520,315,79.48
2011-11-20,2011,11,20,6,324,46,4,1,0,4,Store_D,1,Electronics,Phones,450.25,15,1,382.71,256,368.5,45.13,4.76,2.4,6.01,55.67,856.36,1336,577,407,59.57
2019-05-26,2019,5,26,6,146,21,2,1,0,5,Store_E,3,Home_Goods,Furniture,141.67,0,0,141.67,72,120.43,76.41,17.94,1.96,6.12,67.06,517.43,1369,530,463,54.23
2013-01-12,2013,1,12,5,12,2,1,1,0,3,Store_C,4,Food,Fresh,20.85,5,1,19.81,76,18.55,59.63,4.06,2.65,6.82,64.49,829.62,1576,555,321,112.11
2012-04-28,2012,4,28,5,119,17,2,1,0,3,Store_C,2,Clothing,Kids,46.12,15,1,39.2,74,36.98,85.68,2.11,3.14,6.64,74.76,817.97,1503,674,437,97.34
2012-08-24,2012,8,24,4,237,34,3,0,0,1,Store_A,5,Sports,Accessories,75.03,0,0,75.03,61,78.31,40.38,6.31,2.25,6.43,58.77,468.42,1085,535,325,17.2
2022-12-11,2022,12,11,6,345,49,4,1,0,4,Store_D,1,Electronics,Laptops,528.32,0,0,528.32,108,582.04,53.21,0.17,2.84,6.82,61.26,529.58,1254,586,408,45.4
2014-02-01,2014,2,1,5,32,5,1,1,0,2,Store_B,5,Sports,Apparel,73.57,0,0,73.57,462,80.15,74.16,7.64,2.84,6.92,68.36,405.25,1327,378,451,73.69
2020-10-28,2020,10,28,2,302,44,4,0,0,2,Store_B,1,Electronics,Accessories,470.49,0,0,470.49,452,480.58,38.82,1.86,2.4,6.8,53.12,422.65,922,513,291,30.8
2016-01-13,2016,1,13,2,13,2,1,0,0,2,Store_B,2,Clothing,Men,47.62,0,0,47.62,134,43.66,68.76,0.6,2.33,6.32,62.87,469.78,1209,563,304,50.81
2017-06-06,2017,6,6,1,157,23,2,0,0,1,Store_A,1,Electronics,Tablets,482.69,15,1,410.29,55,454.8,63.95,2.9,2.28,6.16,70.48,622.39,1358,639,382,76.13
2011-10-24,2011,10,24,0,297,43,4,0,0,5,Store_E,2,Clothing,Men,54.66,0,0,54.66,327,56.09,44.55,7.66,2.61,6.24,52.1,597.13,1039,485,300,32.92
2012-09-29,2012,9,29,5,273,39,3,1,0,5,Store_E,3,Home_Goods,Bedding,135.78,0,0,135.78,484,154.57,43.49,0.65,2.25,6.95,57.45,599.54,1216,492,451,20.08
2010-03-04,2010,3,4,3,63,9,1,0,0,3,Store_C,1,Electronics,Phones,513.18,0,0,513.18,237,437.6,76.58,1.67,2.56,5.99,72.85,568.02,1342,480,338,53.33
2010-10-12,2010,10,12,1,285,41,4,0,0,5,Store_E,4,Food,Beverages,21.29,0,0,21.29,454,19.96,46.1,1.82,2.47,5.94,54.45,459.57,1018,575,270,68.36
2016-02-03,2016,2,3,2,34,5,1,0,0,2,Store_B,3,Home_Goods,Decor,146.83,0,0,146.83,83,153.17,73.29,14.41,1.65,6.66,71.51,404.58,1371,491,301,39.6
2022-11-20,2022,11,20,6,324,46,4,1,0,3,Store_C,1,Electronics,Laptops,492.99,0,0,492.99,400,467.94,43.08,1.78,2.81,7.14,63.24,416.53,1005,563,480,55.05
2015-02-23,2015,2,23,0,54,9,1,0,0,5,Store_E,5,Sports,Apparel,80.11,0,0,80.11,461,76.33,73.94,3.11,2.03,6.96,73.11,580.94,1405,505,261,67.1
2019-10-13,2019,10,13,6,286,41,4,1,0,3,Store_C,3,Home_Goods,Kitchen,147.82,0,0,147.82,82,136.48,45.51,11.46,2.69,6.41,55.56,443.06,1198,620,418,49.4
2023-04-20,2023,4,20,3,110,16,2,0,0,2,Store_B,4,Food,Fresh,20.52,0,0,20.52,447,21.09,75.67,0.19,2.58,6.99,66.58,499.07,1327,469,353,126.9
2013-04-18,2013,4,18,3,108,16,2,0,0,5,Store_E,3,Home_Goods,Furniture,151.61,10,1,136.45,440,146.71,83.83,4.29,2.98,7.24,72.7,850.06,1559,584,228,63.19
2015-06-14,2015,6,14,6,165,24,2,1,0,3,Store_C,1,Electronics,Accessories,460.92,0,0,460.92,149,507.4,69.9,8.2,2.16,6.9,61.5,578.35,1276,489,444,52.38
2010-01-25,2010,1,25,0,25,4,1,0,0,2,Store_B,2,Clothing,Men,50.13,0,0,50.13,185,48.24,74.12,14.71,2.36,5.86,68.53,555.43,1157,578,284,59.7
2023-04-15,2023,4,15,5,105,15,2,1,0,3,Store_C,4,Food,Beverages,20.45,0,0,20.45,424,23.38,80.09,2.68,2.46,7.01,77.51,513.19,1530,505,510,139.35
2021-03-26,2021,3,26,4,85,12,1,0,0,3,Store_C,2,Clothing,Kids,50.45,0,0,50.45,210,56.01,74.27,4.68,2.78,6.84,80.38,437.34,1581,572,284,85.74
2021-05-30,2021,5,30,6,150,21,2,1,0,1,Store_A,3,Home_Goods,Decor,145.98,0,0,145.98,324,163.13,75.67,1.93,3.0,7.15,72.91,465.28,1419,570,438,69.36
2012-02-02,2012,2,2,3,33,5,1,0,0,3,Store_C,3,Home_Goods,Kitchen,151.18,0,0,151.18,162,128.58,66.04,11.26,3.17,6.48,70.92,501.96,1404,475,376,36.9
2012-05-25,2012,5,25,4,146,21,2,0,0,5,Store_E,2,Clothing,Kids,49.96,25,1,37.47,459,42.08,70.8,1.1,3.06,6.76,73.08,878.28,1579,603,236,86.13
2022-12-26,2022,12,26,0,360,52,4,0,0,3,Store_C,3,Home_Goods,Kitchen,135.97,0,0,135.97,342,142.45,57.39,5.38,3.12,6.73,61.82,562.88,1262,499,279,40.63
2012-07-27,2012,7,27,4,209,30,3,0,0,1,Store_A,3,Home_Goods,Bedding,141.07,0,0,141.07,255,149.13,52.58,11.14,2.65,6.34,61.96,573.57,1155,407,359,27.54
2017-05-11,2017,5,11,3,131,19,2,0,0,1,Store_A,5,Sports,Equipment,80.86,5,1,76.82,341,65.85,74.29,14.84,1.97,5.91,74.87,770.02,1546,609,269,87.0
2019-11-10,2019,11,10,6,314,45,4,1,0,1,Store_A,4,Food,Fresh,20.01,0,0,20.01,327,18.03,44.64,2.24,1.74,5.88,56.47,410.67,937,504,424,106.5
2016-07-22,2016,7,22,4,204,29,3,0,0,4,Store_D,3,Home_Goods,Bedding,136.04,0,0,136.04,266,118.67,50.75,6.01,2.31,6.35,62.55,525.31,1274,502,309,50.94
2022-07-04,2022,7,4,0,185,27,3,0,1,1,Store_A,4,Food,Beverages,19.55,0,0,19.55,229,17.28,63.38,4.3,2.9,6.83,67.52,578.59,1082,541,448,151.71
2023-08-21,2023,8,21,0,233,34,3,0,0,1,Store_A,3,Home_Goods,Furniture,155.72,0,0,155.72,199,142.91,37.5,0.51,2.86,6.94,56.59,550.54,1177,430,252,36.78
2021-04-17,2021,4,17,5,107,15,2,1,0,5,Store_E,2,Clothing,Accessories,53.74,0,0,53.74,153,51.82,78.65,7.84,3.05,6.7,66.46,572.06,1542,510,448,97.09
2022-07-01,2022,7,1,4,182,26,3,0,0,1,Store_A,2,Clothing,Women,48.75,15,1,41.43,182,43.57,56.47,0.55,2.9,6.91,67.97,867.12,1344,567,375,87.16
2011-01-21,2011,1,21,4,21,3,1,0,0,5,Store_E,5,Sports,Equipment,76.9,0,0,76.9,461,87.57,65.48,8.65,2.96,5.58,72.61,462.89,1462,528,388,41.32
2020-08-13,2020,8,13,3,226,33,3,0,0,1,Store_A,5,Sports,Footwear,79.84,0,0,79.84,216,78.14,44.32,2.86,2.55,6.11,53.44,423.52,1236,496,349,42.19
2021-12-19,2021,12,19,6,353,50,4,1,0,4,Store_D,5,Sports,Apparel,81.25,0,0,81.25,89,76.4,50.72,0.25,2.85,6.9,58.14,550.4,1392,553,316,71.84
2022-07-06,2022,7,6,2,187,27,3,0,0,2,Store_B,2,Clothing,Women,52.77,0,0,52.77,380,49.25,53.05,0.35,3.3,7.05,62.74,429.86,1200,505,344,65.85
2011-06-21,2011,6,21,1,172,25,2,0,0,5,Store_E,4,Food,Fresh,19.16,0,0,19.16,102,17.06,63.29,4.21,3.05,6.16,69.14,470.72,1244,569,357,78.58
2016-04-10,2016,4,10,6,101,14,2,1,0,3,Store_C,3,Home_Goods,Bedding,150.0,0,0,150.0,374,130.08,86.74,15.23,1.86,6.4,76.27,455.84,1407,579,559,74.29
2022-10-10,2022,10,10,0,283,41,4,0,0,2,Store_B,4,Food,Beverages,19.5,0,0,19.5,397,20.13,47.31,1.14,2.77,7.24,58.74,456.44,817,432,371,112.83
2020-08-10,2020,8,10,0,223,33,3,0,0,5,Store_E,4,Food,Fresh,18.21,0,0,18.21,300,16.74,50.58,2.27,2.56,7.06,58.62,456.92,998,533,272,89.42
2012-07-25,2012,7,25,2,207,30,3,0,0,3,Store_C,3,Home_Goods,Bedding,149.6,0,0,149.6,169,167.39,49.73,0.57,2.81,6.51,57.48,464.24,1180,497,307,14.78
2020-03-26,2020,3,26,3,86,13,1,0,0,1,Store_A,4,Food,Packaged,20.56,0,0,20.56,458,19.31,87.9,2.45,2.27,6.75,73.49,401.4,1413,581,196,125.56
2022-12-12,2022,12,12,0,346,50,4,0,0,4,Store_D,5,Sports,Footwear,74.23,0,0,74.23,472,69.56,57.15,4.63,2.65,6.91,66.33,434.79,1169,463,264,56.11
2016-06-18,2016,6,18,5,170,24,2,1,0,4,Store_D,1,Electronics,Phones,457.27,0,0,457.27,114,390.89,60.64,0.11,2.67,6.65,66.4,502.25,1296,515,500,47.83
2019-08-09,2019,8,9,4,221,32,3,0,0,3,Store_C,3,Home_Goods,Furniture,163.16,0,0,163.16,479,158.38,46.78,11.51,2.03,6.16,57.64,440.96,1093,547,315,39.57
2010-07-21,2010,7,21,2,202,29,3,0,0,4,Store_D,2,Clothing,Accessories,46.98,0,0,46.98,416,42.23,47.93,17.22,2.59,6.02,52.73,449.33,1366,481,341,57.88
2018-10-14,2018,10,14,6,287,41,4,1,0,5,Store_E,1,Electronics,Phones,512.73,0,0,512.73,129,585.1,40.33,0.44,1.99,6.01,60.7,421.64,816,514,487,29.1
2013-08-25,2013,8,25,6,237,34,3,1,0,5,Store_E,3,Home_Goods,Kitchen,151.29,0,0,151.29,82,131.56,35.8,3.14,3.16,7.05,57.39,515.81,1173,607,426,44.52
2018-04-05,2018,4,5,3,95,14,2,0,0,5,Store_E,2,Clothing,Accessories,51.63,0,0,51.63,335,45.61,83.82,0.29,1.85,6.03,69.51,574.81,1567,464,387,93.2
2019-08-04,2019,8,4,6,216,31,3,1,0,1,Store_A,5,Sports,Footwear,79.91,0,0,79.91,370,71.69,56.97,5.76,2.23,5.96,59.12,574.13,1277,503,373,58.72
2017-06-01,2017,6,1,3,152,22,2,0,0,5,Store_E,4,Food,Packaged,18.94,0,0,18.94,496,18.43,69.36,1.71,2.46,6.29,73.99,580.58,1318,603,315,114.35
2021-01-04,2021,1,4,0,4,1,1,0,0,2,Store_B,2,Clothing,Kids,45.11,0,0,45.11,83,38.37,61.59,6.03,2.96,6.83,68.2,488.13,1150,524,205,78.99
2015-01-29,2015,1,29,3,29,5,1,0,0,1,Store_A,3,Home_Goods,Furniture,159.74,0,0,159.74,420,144.57,69.17,0.48,2.11,6.54,73.18,560.85,1201,570,309,50.22
2022-03-28,2022,3,28,0,87,13,1,0,0,5,Store_E,2,Clothing,Men,45.56,0,0,45.56,491,45.61,74.99,0.46,2.96,7.0,74.43,561.31,1501,555,251,109.85
2017-11-12,2017,11,12,6,316,45,4,1,0,5,Store_E,5,Sports,Equipment,77.59,0,0,77.59,414,74.29,44.04,0.35,1.92,6.01,59.2,415.79,1018,445,494,51.46
2018-04-19,2018,4,19,3,109,16,2,0,0,1,Store_A,5,Sports,Footwear,77.63,0,0,77.63,64,66.89,75.52,6.43,2.3,5.73,78.93,527.93,1615,537,412,45.72
2013-04-20,2013,4,20,5,110,16,2,1,0,4,Store_D,5,Sports,Footwear,76.98,0,0,76.98,404,70.86,81.69,18.86,2.71,6.69,77.41,483.99,1535,482,473,83.3
2014-07-04,2014,7,4,4,185,27,3,0,1,3,Store_C,4,Food,Packaged,18.49,20,1,14.79,152,14.82,53.06,9.28,2.75,7.1,64.63,835.79,1550,556,503,144.51
2019-05-11,2019,5,11,5,131,19,2,1,0,1,Store_A,4,Food,Beverages,19.89,0,0,19.89,254,22.57,66.13,0.74,2.27,6.22,76.29,530.26,1402,555,515,118.73
2019-07-09,2019,7,9,1,190,28,3,0,0,1,Store_A,5,Sports,Footwear,74.84,30,1,52.39,187,57.9,55.5,2.53,2.01,5.94,68.63,671.67,1131,557,247,81.78
2017-11-01,2017,11,1,2,305,44,4,0,0,4,Store_D,3,Home_Goods,Bedding,163.46,0,0,163.46,418,184.73,51.55,0.1,2.32,5.94,61.17,492.04,1084,569,330,45.42
2014-11-28,2014,11,28,4,332,48,4,0,1,2,Store_B,4,Food,Fresh,20.7,0,0,20.7,329,23.05,54.77,3.82,2.89,7.47,63.95,599.26,1193,498,458,105.05
2020-05-25,2020,5,25,0,146,22,2,0,0,5,Store_E,5,Sports,Equipment,80.87,0,0,80.87,361,86.21,64.59,0.49,2.57,6.65,68.57,586.7,1430,585,285,71.69
2019-03-23,2019,3,23,5,82,12,1,1,0,5,Store_E,2,Clothing,Men,54.84,0,0,54.84,258,56.32,82.26,0.56,1.85,6.39,74.65,558.57,1393,469,408,96.86
2019-03-22,2019,3,22,4,81,12,1,0,0,2,Store_B,2,Clothing,Women,47.72,0,0,47.72,421,49.32,72.36,4.05,1.85,5.65,74.27,441.69,1386,568,315,77.08
2019-09-04,2019,9,4,2,247,36,3,0,0,1,Store_A,5,Sports,Apparel,72.16,0,0,72.16,77,67.5,47.94,2.49,2.48,6.1,54.47,419.89,946,481,373,36.08
2019-06-12,2019,6,12,2,163,24,2,0,0,2,Store_B,1,Electronics,Tablets,494.78,0,0,494.78,94,427.99,65.69,8.11,2.37,6.06,62.79,541.25,1288,464,332,57.7
2011-08-27,2011,8,27,5,239,34,3,1,0,2,Store_B,2,Clothing,Accessories,48.72,0,0,48.72,193,50.8,52.29,23.12,3.05,6.2,54.79,456.68,1187,580,429,48.3
2018-05-15,2018,5,15,1,135,20,2,0,0,1,Store_A,3,Home_Goods,Decor,140.15,0,0,140.15,383,151.83,74.05,4.47,1.75,6.3,70.55,556.7,1320,466,346,52.31
2022-05-29,2022,5,29,6,149,21,2,1,0,2,Store_B,5,Sports,Footwear,84.81,0,0,84.81,82,97.14,64.87,3.56,2.69,6.83,68.14,593.36,1449,505,464,84.85
2010-05-07,2010,5,7,4,127,18,2,0,0,5,Store_E,2,Clothing,Men,45.66,0,0,45.66,345,50.05,77.92,2.98,3.07,5.96,70.86,582.03,1397,530,366,68.53
2020-08-12,2020,8,12,2,225,33,3,0,0,5,Store_E,5,Sports,Footwear,78.94,0,0,78.94,473,82.13,46.97,2.65,2.53,6.13,56.03,583.47,1098,540,357,46.73
2018-01-14,2018,1,14,6,14,2,1,1,0,3,Store_C,3,Home_Goods,Kitchen,143.16,0,0,143.16,407,161.75,70.54,0.12,2.18,5.9,61.28,517.48,1305,430,395,72.61
2019-09-02,2019,9,2,0,245,36,3,0,0,2,Store_B,3,Home_Goods,Bedding,143.24,0,0,143.24,347,128.24,46.76,1.73,2.59,6.17,59.08,413.8,1060,488,267,39.14
2017-06-23,2017,6,23,4,174,25,2,0,0,2,Store_B,2,Clothing,Men,46.19,0,0,46.19,370,46.71,55.72,4.38,2.11,6.12,70.38,492.63,1455,469,323,61.45
2012-04-07,2012,4,7,5,98,14,2,1,0,3,Store_C,3,Home_Goods,Kitchen,136.31,0,0,136.31,91,130.4,85.76,1.22,2.64,6.57,75.42,513.04,1389,508,429,60.06
2014-06-28,2014,6,28,5,179,26,2,1,0,5,Store_E,5,Sports,Apparel,84.35,25,1,63.26,103,59.53,65.34,0.17,2.55,7.16,67.27,619.81,1308,585,468,67.09
2012-09-11,2012,9,11,1,255,37,3,0,0,1,Store_A,3,Home_Goods,Furniture,163.8,0,0,163.8,88,149.21,42.54,6.06,2.84,6.39,58.74,586.16,1199,467,265,30.66
2018-12-26,2018,12,26,2,360,52,4,0,0,2,Store_B,1,Electronics,Accessories,504.62,0,0,504.62,281,512.57,51.43,4.9,1.93,5.9,59.18,411.3,1171,505,292,39.73
2023-08-12,2023,8,12,5,224,32,3,1,0,1,Store_A,2,Clothing,Men,53.76,0,0,53.76,97,54.68,44.69,0.12,3.15,7.08,60.51,415.71,963,530,445,65.95
2015-12-29,2015,12,29,1,363,53,4,0,0,4,Store_D,2,Clothing,Women,52.55,0,0,52.55,224,60.31,56.58,3.39,2.32,6.86,61.09,479.88,1330,473,317,59.96
2022-08-18,2022,8,18,3,230,33,3,0,0,4,Store_D,4,Food,Packaged,20.92,0,0,20.92,77,20.7,45.72,6.49,3.37,7.25,55.12,454.38,1093,516,421,88.73
2016-09-09,2016,9,9,4,253,36,3,0,0,1,Store_A,4,Food,Snacks,21.45,0,0,21.45,383,23.38,44.4,17.33,2.33,6.61,55.97,497.14,1108,529,488,79.31
2010-12-29,2010,12,29,2,363,52,4,0,0,2,Store_B,3,Home_Goods,Furniture,145.67,0,0,145.67,179,137.12,56.9,9.53,2.08,5.87,67.15,448.91,1148,441,155,25.36
2016-06-07,2016,6,7,1,159,23,2,0,0,5,Store_E,3,Home_Goods,Decor,139.71,0,0,139.71,342,122.3,68.67,0.13,2.41,6.78,69.53,506.64,1398,518,290,50.5
2010-12-12,2010,12,12,6,346,49,4,1,0,4,Store_D,3,Home_Goods,Furniture,155.8,0,0,155.8,417,158.67,52.64,12.55,2.85,6.35,55.44,559.26,1266,504,464,54.74
2012-03-25,2012,3,25,6,85,12,1,1,0,4,Store_D,2,Clothing,Kids,45.85,0,0,45.85,438,46.17,82.49,3.61,2.79,6.58,66.82,442.82,1458,502,440,82.96
2018-10-11,2018,10,11,3,284,41,4,0,0,4,Store_D,3,Home_Goods,Kitchen,142.93,0,0,142.93,219,127.02,49.93,0.86,1.13,5.98,54.36,429.33,1002,466,317,39.69
2021-05-23,2021,5,23,6,143,20,2,1,0,1,Store_A,5,Sports,Accessories,85.78,0,0,85.78,111,74.9,71.32,0.31,2.78,6.69,71.24,488.65,1422,472,381,65.99
2023-02-17,2023,2,17,4,48,7,1,0,0,1,Store_A,5,Sports,Footwear,79.34,0,0,79.34,274,79.02,77.91,22.27,3.39,6.75,73.36,598.23,1284,539,250,81.67
2019-02-08,2019,2,8,4,39,6,1,0,0,3,Store_C,2,Clothing,Men,51.5,0,0,51.5,404,47.82,73.74,5.4,2.34,6.35,68.65,576.96,1440,491,379,94.1
2021-03-30,2021,3,30,1,89,13,1,0,0,4,Store_D,5,Sports,Apparel,72.04,0,0,72.04,220,62.11,72.94,4.75,2.49,6.7,75.62,443.08,1538,526,330,67.41
2015-10-18,2015,10,18,6,291,42,4,1,0,3,Store_C,2,Clothing,Kids,51.16,0,0,51.16,223,55.8,43.25,3.41,2.57,6.79,55.56,563.6,1058,555,494,81.36
2015-01-09,2015,1,9,4,9,2,1,0,0,1,Store_A,2,Clothing,Kids,46.96,0,0,46.96,331,43.47,71.85,3.09,2.47,6.82,63.42,432.53,1179,525,396,65.83
2012-03-04,2012,3,4,6,64,9,1,1,0,3,Store_C,4,Food,Fresh,19.16,0,0,19.16,72,21.51,74.6,4.8,2.8,6.57,78.26,445.96,1412,478,431,100.65
2023-07-18,2023,7,18,1,199,29,3,0,0,2,Store_B,5,Sports,Footwear,77.54,0,0,77.54,482,80.44,50.06,2.84,2.84,6.72,62.26,559.82,1232,586,267,71.22
2017-04-28,2017,4,28,4,118,17,2,0,0,5,Store_E,5,Sports,Accessories,79.07,0,0,79.07,296,83.68,80.79,2.21,2.03,6.3,75.5,450.72,1344,571,262,70.91
2010-04-05,2010,4,5,0,95,14,2,0,0,2,Store_B,5,Sports,Equipment,72.68,0,0,72.68,237,75.87,71.24,0.81,2.5,6.15,71.26,562.14,1581,516,324,53.76
2020-04-14,2020,4,14,1,105,16,2,0,0,4,Store_D,2,Clothing,Women,53.98,0,0,53.98,360,58.46,77.98,2.05,3.01,6.7,74.55,420.18,1390,485,289,93.61
2017-12-01,2017,12,1,4,335,48,4,0,0,1,Store_A,5,Sports,Accessories,75.88,0,0,75.88,258,65.2,51.81,12.69,2.17,6.26,61.55,421.54,1103,562,251,40.74
2016-06-29,2016,6,29,2,181,26,2,0,0,4,Store_D,3,Home_Goods,Decor,137.34,0,0,137.34,88,139.52,61.53,13.05,2.34,6.38,64.45,560.45,1332,560,340,39.72
2021-05-12,2021,5,12,2,132,19,2,0,0,2,Store_B,4,Food,Beverages,19.25,0,0,19.25,198,19.25,73.46,4.13,3.82,6.64,71.69,532.92,1468,521,296,115.58
2022-02-19,2022,2,19,5,50,7,1,1,0,4,Store_D,3,Home_Goods,Furniture,137.28,0,0,137.28,61,157.16,72.99,0.21,3.29,6.87,68.98,592.05,1408,513,451,60.03
2018-11-03,2018,11,3,5,307,44,4,1,0,3,Store_C,5,Sports,Footwear,81.52,0,0,81.52,142,87.68,41.15,0.77,1.64,6.08,54.48,506.09,1236,532,415,36.05
2017-10-24,2017,10,24,1,297,43,4,0,0,2,Store_B,4,Food,Packaged,19.21,0,0,19.21,104,20.83,41.62,3.45,1.97,6.23,56.63,463.48,1242,438,317,72.7
2017-12-22,2017,12,22,4,356,51,4,0,0,3,Store_C,1,Electronics,Accessories,534.84,0,0,534.84,158,490.95,55.6,6.03,2.05,6.25,64.66,505.89,1407,627,427,68.83
2015-02-09,2015,2,9,0,40,7,1,0,0,2,Store_B,5,Sports,Apparel,74.5,0,0,74.5,452,84.35,63.58,0.03,3.01,6.9,68.21,498.77,1441,489,322,46.65
2015-02-01,2015,2,1,6,32,5,1,1,0,1,Store_A,1,Electronics,Laptops,461.68,0,0,461.68,464,510.96,71.36,5.28,2.87,6.81,70.64,460.12,1339,435,426,70.91
2017-03-30,2017,3,30,3,89,13,1,0,0,4,Store_D,3,Home_Goods,Decor,158.34,0,0,158.34,318,136.37,76.14,2.01,2.97,6.33,79.39,520.07,1334,440,306,68.53
2016-02-22,2016,2,22,0,53,8,1,0,0,3,Store_C,4,Food,Packaged,20.2,0,0,20.2,324,21.74,66.59,9.25,2.57,6.65,75.35,530.05,1420,558,327,104.47
2016-05-25,2016,5,25,2,146,21,2,0,0,5,Store_E,4,Food,Beverages,18.74,0,0,18.74,374,17.75,73.97,11.8,1.95,6.67,69.29,580.99,1377,493,287,112.33
2012-08-08,2012,8,8,2,221,32,3,0,0,1,Store_A,2,Clothing,Men,53.78,0,0,53.78,203,61.83,48.37,3.12,3.09,6.51,55.24,431.55,1153,493,252,43.46
2018-05-27,2018,5,27,6,147,21,2,1,0,5,Store_E,3,Home_Goods,Bedding,158.03,0,0,158.03,326,171.24,64.16,14.86,2.16,5.78,69.84,404.33,1269,481,563,57.88
2013-01-25,2013,1,25,4,25,4,1,0,0,1,Store_A,1,Electronics,Accessories,486.84,0,0,486.84,309,442.48,67.14,8.94,3.25,6.66,70.74,583.61,1294,459,301,36.8
2017-02-10,2017,2,10,4,41,6,1,0,0,3,Store_C,5,Sports,Equipment,87.57,0,0,87.57,473,77.52,72.69,1.34,2.35,6.21,70.47,543.75,1356,511,347,70.28
2016-01-14,2016,1,14,3,14,2,1,0,0,2,Store_B,2,Clothing,Kids,48.74,0,0,48.74,435,42.99,63.34,0.4,2.36,6.37,67.97,414.01,1385,587,297,67.68
2011-02-24,2011,2,24,3,55,8,1,0,0,2,Store_B,2,Clothing,Women,45.31,0,0,45.31,365,42.41,72.37,9.57,2.32,6.55,73.13,478.39,1467,507,278,67.25
2012-07-11,2012,7,11,2,193,28,3,0,0,1,Store_A,2,Clothing,Men,51.34,0,0,51.34,207,53.3,54.93,4.22,2.88,6.75,61.28,509.16,1269,496,225,41.22
2013-06-08,2013,6,8,5,159,23,2,1,0,4,Store_D,2,Clothing,Kids,46.55,0,0,46.55,52,40.9,60.3,0.07,3.09,6.87,68.2,404.37,1202,524,408,71.79
2011-04-23,2011,4,23,5,113,16,2,1,0,3,Store_C,5,Sports,Footwear,75.21,0,0,75.21,206,71.83,77.23,2.34,2.59,6.23,70.17,488.58,1428,497,479,71.78
2015-07-29,2015,7,29,2,210,31,3,0,0,5,Store_E,2,Clothing,Kids,50.79,0,0,50.79,319,47.45,42.99,0.48,2.43,6.79,58.28,402.54,1177,467,279,54.06
2013-04-17,2013,4,17,2,107,16,2,0,0,2,Store_B,1,Electronics,Tablets,524.13,15,1,445.51,342,443.91,79.17,2.65,2.6,6.87,75.36,645.55,1520,569,261,69.11
2017-03-11,2017,3,11,5,70,10,1,1,0,5,Store_E,3,Home_Goods,Decor,136.89,0,0,136.89,95,132.31,84.77,8.58,2.09,6.19,77.66,511.91,1414,526,435,70.36
2023-03-12,2023,3,12,6,71,10,1,1,0,2,Store_B,1,Electronics,Phones,544.9,0,0,544.9,479,595.93,75.42,5.23,2.94,6.98,73.86,468.36,1550,547,432,71.65
2015-05-25,2015,5,25,0,145,22,2,0,0,4,Store_D,3,Home_Goods,Furniture,147.72,0,0,147.72,226,128.28,73.51,0.44,1.99,6.84,72.2,463.26,1277,502,293,55.97
2018-07-08,2018,7,8,6,189,27,3,1,0,2,Store_B,3,Home_Goods,Bedding,140.01,0,0,140.01,55,123.28,54.44,4.53,2.01,5.87,62.28,513.35,1366,458,509,51.49
2021-01-01,2021,1,1,4,1,53,1,0,1,1,Store_A,1,Electronics,Phones,461.18,20,1,368.94,453,418.84,69.77,1.1,2.8,6.82,72.98,756.35,1405,592,473,115.0
2015-11-22,2015,11,22,6,326,47,4,1,1,5,Store_E,1,Electronics,Tablets,472.28,0,0,472.28,450,486.26,39.75,0.4,2.53,6.99,56.74,508.34,994,432,667,78.82
2020-02-05,2020,2,5,2,36,6,1,0,0,4,Store_D,2,Clothing,Women,45.42,0,0,45.42,158,46.99,70.0,8.06,2.77,6.8,75.29,408.22,1339,514,305,76.92
2015-06-21,2015,6,21,6,172,25,2,1,0,1,Store_A,1,Electronics,Tablets,484.38,0,0,484.38,183,551.06,69.03,1.95,2.27,6.99,63.07,409.28,1207,440,382,43.95
2021-01-16,2021,1,16,5,16,2,1,1,0,2,Store_B,3,Home_Goods,Furniture,150.46,0,0,150.46,274,142.94,64.0,0.23,3.08,6.85,68.79,470.11,1494,494,471,58.47
2018-05-13,2018,5,13,6,133,19,2,1,0,5,Store_E,2,Clothing,Accessories,54.19,0,0,54.19,109,61.48,74.0,0.17,1.54,6.12,69.65,422.36,1538,486,449,93.36
2013-06-02,2013,6,2,6,153,22,2,1,0,1,Store_A,4,Food,Snacks,21.79,0,0,21.79,86,24.84,73.16,0.98,3.06,7.03,69.75,464.52,1317,545,469,97.02
2016-01-02,2016,1,2,5,2,53,1,1,0,5,Store_E,4,Food,Packaged,18.01,0,0,18.01,425,17.68,66.06,3.09,1.64,6.39,62.64,460.04,1291,475,375,92.16
2017-06-05,2017,6,5,0,156,23,2,0,0,5,Store_E,5,Sports,Footwear,87.79,0,0,87.79,262,80.24,70.42,4.71,2.03,6.52,71.1,457.86,1272,542,277,63.41
2012-09-19,2012,9,19,2,263,38,3,0,0,1,Store_A,3,Home_Goods,Bedding,153.85,0,0,153.85,405,149.09,41.57,3.1,3.47,6.38,52.37,554.79,1182,493,301,12.29
2015-12-31,2015,12,31,3,365,53,4,0,0,5,Store_E,2,Clothing,Kids,51.91,0,0,51.91,231,50.83,53.54,3.16,2.1,6.45,71.18,561.63,1355,517,222,51.42
2020-04-20,2020,4,20,0,111,17,2,0,0,5,Store_E,4,Food,Fresh,21.59,0,0,21.59,364,21.77,83.46,1.19,2.27,6.83,72.44,467.65,1394,430,202,107.51
2019-11-07,2019,11,7,3,311,45,4,0,0,4,Store_D,2,Clothing,Accessories,54.05,0,0,54.05,307,53.2,34.02,4.67,2.08,5.96,58.42,513.14,1245,490,187,71.12
2013-08-11,2013,8,11,6,223,32,3,1,0,4,Store_D,5,Sports,Accessories,84.67,0,0,84.67,167,82.18,49.69,0.1,3.03,6.58,61.43,498.88,1241,486,577,38.6
2015-02-07,2015,2,7,5,38,6,1,1,0,5,Store_E,4,Food,Snacks,21.22,0,0,21.22,229,23.75,55.88,4.68,2.76,6.3,73.98,436.1,1185,463,527,98.66
2016-06-01,2016,6,1,2,153,22,2,0,0,5,Store_E,5,Sports,Accessories,73.96,0,0,73.96,169,66.62,69.57,15.18,1.81,6.64,64.99,495.49,1314,455,401,63.21
2016-09-15,2016,9,15,3,259,37,3,0,0,3,Store_C,1,Electronics,Accessories,501.84,0,0,501.84,475,574.37,45.01,5.34,1.88,6.37,60.66,414.87,962,519,323,19.86
2015-11-07,2015,11,7,5,311,45,4,1,0,4,Store_D,1,Electronics,Accessories,529.56,20,1,423.65,160,438.7,32.47,3.22,2.38,7.07,56.25,637.28,1218,656,481,64.26
2012-12-01,2012,12,1,5,336,48,4,1,0,2,Store_B,4,Food,Packaged,18.47,0,0,18.47,77,16.86,46.27,3.95,3.38,6.74,64.79,541.0,1151,466,369,84.04
2023-08-01,2023,8,1,1,213,31,3,0,0,1,Store_A,2,Clothing,Accessories,48.83,0,0,48.83,444,52.68,48.24,4.25,2.99,7.03,56.04,564.18,1320,557,285,84.44
2017-03-06,2017,3,6,0,65,10,1,0,0,5,Store_E,3,Home_Goods,Furniture,160.56,0,0,160.56,233,152.1,79.68,0.26,2.09,5.82,78.93,415.69,1484,578,355,59.06
2010-03-19,2010,3,19,4,78,11,1,0,0,2,Store_B,2,Clothing,Men,53.31,0,0,53.31,418,45.8,80.47,5.64,2.63,6.13,71.31,478.77,1357,514,350,69.79
2017-12-08,2017,12,8,4,342,49,4,0,0,1,Store_A,4,Food,Packaged,20.92,0,0,20.92,68,24.04,43.89,2.61,1.91,5.97,57.18,425.18,1135,496,238,86.14
2013-08-07,2013,8,7,2,219,32,3,0,0,1,Store_A,4,Food,Packaged,21.37,0,0,21.37,350,20.94,51.15,3.91,3.61,6.75,62.86,599.09,1212,533,434,85.01
2021-12-21,2021,12,21,1,355,51,4,0,0,5,Store_E,1,Electronics,Phones,513.85,0,0,513.85,400,483.79,55.79,3.92,2.76,6.7,62.68,543.67,1144,539,317,56.61
2012-05-22,2012,5,22,1,143,21,2,0,0,1,Store_A,5,Sports,Accessories,77.1,0,0,77.1,228,75.7,66.39,7.62,3.09,6.52,72.93,536.4,1281,422,313,54.21
2020-07-17,2020,7,17,4,199,29,3,0,0,3,Store_C,3,Home_Goods,Furniture,137.0,0,0,137.0,336,154.43,58.68,4.82,2.15,6.68,61.07,426.09,1021,541,182,49.56
2023-02-09,2023,2,9,3,40,6,1,0,0,4,Store_D,2,Clothing,Accessories,52.38,0,0,52.38,210,53.43,79.69,15.63,2.79,6.86,69.06,436.4,1427,431,340,106.89
2018-02-13,2018,2,13,1,44,7,1,0,0,4,Store_D,4,Food,Snacks,18.4,0,0,18.4,210,16.02,68.69,1.46,2.52,5.97,72.46,503.0,1434,519,211,104.18
2019-04-15,2019,4,15,0,105,16,2,0,0,5,Store_E,3,Home_Goods,Furniture,156.64,0,0,156.64,490,142.26,69.67,5.92,2.13,6.07,72.15,401.32,1358,562,287,66.88
2017-01-04,2017,1,4,2,4,1,1,0,0,3,Store_C,4,Food,Packaged,18.8,0,0,18.8,69,18.05,64.72,1.26,1.98,5.81,67.47,486.48,1505,533,280,104.6
2023-05-29,2023,5,29,0,149,22,2,0,0,1,Store_A,3,Home_Goods,Kitchen,158.95,0,0,158.95,496,175.38,73.68,7.16,3.46,6.11,68.81,467.93,1295,540,259,63.3
2017-03-20,2017,3,20,0,79,12,1,0,0,4,Store_D,1,Electronics,Tablets,538.61,20,1,430.89,56,427.79,76.09,1.37,2.18,6.21,70.04,686.89,1485,654,320,88.38
2019-09-01,2019,9,1,6,244,35,3,1,0,1,Store_A,5,Sports,Apparel,72.42,0,0,72.42,255,66.44,44.22,2.06,1.77,6.3,47.52,584.2,1100,428,418,58.13
2011-01-11,2011,1,11,1,11,2,1,0,0,3,Store_C,2,Clothing,Men,49.74,0,0,49.74,52,49.26,65.27,2.67,3.04,5.97,62.5,501.79,1462,464,253,54.04
2015-03-24,2015,3,24,1,83,13,1,0,0,1,Store_A,1,Electronics,Phones,475.92,0,0,475.92,301,490.19,94.76,5.28,2.62,7.11,73.23,581.84,1294,558,253,64.05
2021-11-11,2021,11,11,3,315,45,4,0,0,5,Store_E,4,Food,Beverages,18.97,0,0,18.97,197,19.5,50.04,3.28,3.23,6.78,53.26,457.58,998,562,231,100.42
2021-12-28,2021,12,28,1,362,52,4,0,0,1,Store_A,4,Food,Beverages,21.92,0,0,21.92,95,19.93,59.68,9.44,3.05,7.01,61.54,546.33,1278,568,256,104.86
2021-01-10,2021,1,10,6,10,1,1,1,0,5,Store_E,5,Sports,Equipment,73.03,0,0,73.03,330,78.88,70.78,9.76,2.79,7.04,66.7,598.08,1215,493,414,68.23
2014-05-24,2014,5,24,5,144,21,2,1,0,4,Store_D,3,Home_Goods,Decor,157.89,0,0,157.89,237,146.67,65.81,0.63,2.31,6.85,68.59,413.53,1277,489,407,66.97
2013-01-23,2013,1,23,2,23,4,1,0,0,5,Store_E,2,Clothing,Men,51.53,0,0,51.53,390,48.39,68.59,1.27,2.52,6.99,64.51,408.17,1311,381,351,66.9
2020-01-26,2020,1,26,6,26,4,1,1,0,3,Store_C,2,Clothing,Men,50.67,0,0,50.67,358,43.82,69.71,4.24,2.92,6.61,68.72,542.67,1539,555,432,86.86
2019-07-23,2019,7,23,1,204,30,3,0,0,1,Store_A,1,Electronics,Accessories,536.17,15,1,455.75,447,511.86,48.78,0.54,2.47,6.35,56.75,694.95,1102,522,328,69.95
2023-04-27,2023,4,27,3,117,17,2,0,0,3,Store_C,4,Food,Packaged,18.12,0,0,18.12,52,16.67,75.42,0.41,3.14,6.7,73.85,455.79,1316,573,290,113.33
2018-02-06,2018,2,6,1,37,6,1,0,0,3,Store_C,2,Clothing,Accessories,49.26,0,0,49.26,126,50.37,76.21,2.39,2.03,6.22,71.88,519.52,1430,410,314,75.92
2015-06-18,2015,6,18,3,169,25,2,0,0,3,Store_C,5,Sports,Footwear,86.1,0,0,86.1,363,85.94,61.48,4.33,2.42,7.15,67.36,453.53,1419,450,400,55.56
2023-07-27,2023,7,27,3,208,30,3,0,0,2,Store_B,5,Sports,Footwear,79.27,5,1,75.31,437,83.29,49.14,12.56,3.1,7.07,59.64,787.84,1509,538,361,64.73
2021-12-04,2021,12,4,5,338,48,4,1,0,1,Store_A,1,Electronics,Laptops,466.37,0,0,466.37,163,432.13,54.97,2.92,2.92,6.79,64.7,538.28,1271,508,505,51.93
2016-07-04,2016,7,4,0,186,27,3,0,1,5,Store_E,4,Food,Beverages,18.84,0,0,18.84,55,19.22,57.87,4.22,2.18,6.49,61.33,543.99,1309,467,544,115.7
2013-09-04,2013,9,4,2,247,36,3,0,0,5,Store_E,1,Electronics,Accessories,484.58,0,0,484.58,68,443.14,41.43,6.49,2.87,6.9,57.99,590.37,1157,504,267,22.85
2010-11-17,2010,11,17,2,321,46,4,0,0,5,Store_E,3,Home_Goods,Bedding,143.44,0,0,143.44,91,161.73,42.26,6.06,2.42,5.79,55.37,599.6,1135,553,315,8.56
2014-06-08,2014,6,8,6,159,23,2,1,0,4,Store_D,5,Sports,Equipment,82.0,0,0,82.0,494,88.13,70.68,1.85,2.99,6.91,70.29,424.88,1343,487,472,65.49
2020-03-02,2020,3,2,0,62,10,1,0,0,5,Store_E,5,Sports,Accessories,75.23,0,0,75.23,396,84.85,87.49,0.09,2.28,6.64,72.05,517.24,1582,486,198,71.24
2015-08-23,2015,8,23,6,235,34,3,1,0,5,Store_E,5,Sports,Accessories,84.35,15,1,71.7,394,64.78,36.53,11.67,2.42,6.88,55.44,781.27,1245,589,538,62.51
2016-01-29,2016,1,29,4,29,4,1,0,0,4,Store_D,1,Electronics,Accessories,480.06,0,0,480.06,277,494.2,77.7,9.0,2.23,6.33,69.13,558.31,1412,502,269,62.52
2014-08-01,2014,8,1,4,213,31,3,0,0,2,Store_B,4,Food,Beverages,19.42,10,1,17.48,76,18.55,38.02,2.51,2.54,7.15,59.73,863.78,1363,659,284,85.77
2010-09-18,2010,9,18,5,261,37,3,1,0,5,Store_E,4,Food,Packaged,20.62,0,0,20.62,178,18.49,36.2,2.37,2.53,5.9,54.96,454.8,993,493,430,66.89
2022-02-04,2022,2,4,4,35,5,1,0,0,1,Store_A,5,Sports,Accessories,85.81,0,0,85.81,410,87.24,77.52,8.0,3.1,6.81,72.35,505.63,1427,475,267,89.82
2015-08-02,2015,8,2,6,214,31,3,1,0,1,Store_A,4,Food,Fresh,21.94,0,0,21.94,142,19.34,54.82,3.39,2.03,6.86,61.94,591.99,1135,444,483,99.2
2012-06-20,2012,6,20,2,172,25,2,0,0,3,Store_C,1,Electronics,Accessories,501.42,0,0,501.42,97,572.0,58.6,0.8,3.35,6.46,66.1,409.11,1249,545,343,41.55
2020-04-02,2020,4,2,3,93,14,2,0,0,4,Store_D,1,Electronics,Laptops,537.17,0,0,537.17,64,491.38,84.19,2.48,2.67,6.44,72.48,412.32,1534,551,342,53.85
2015-07-20,2015,7,20,0,201,30,3,0,0,1,Store_A,2,Clothing,Accessories,45.08,0,0,45.08,94,40.28,61.63,6.06,1.82,6.58,68.77,553.11,1223,510,287,63.22
2015-04-02,2015,4,2,3,92,14,2,0,0,4,Store_D,4,Food,Packaged,21.68,0,0,21.68,206,18.65,72.08,1.53,2.28,6.98,77.64,425.9,1484,459,231,108.51
2015-01-03,2015,1,3,5,3,1,1,1,0,3,Store_C,5,Sports,Footwear,76.12,10,1,68.51,96,77.5,56.58,7.97,2.37,6.72,67.44,829.42,1332,609,488,68.11
2014-04-23,2014,4,23,2,113,17,2,0,0,5,Store_E,1,Electronics,Tablets,451.31,0,0,451.31,101,392.35,84.48,24.43,2.93,7.01,73.86,482.91,1398,454,261,41.85
2022-01-12,2022,1,12,2,12,2,1,0,0,1,Store_A,3,Home_Goods,Bedding,164.36,0,0,164.36,222,144.32,66.65,1.05,2.78,6.96,69.02,433.81,1240,564,220,46.69
2021-07-10,2021,7,10,5,191,27,3,1,0,3,Store_C,5,Sports,Equipment,85.5,0,0,85.5,160,86.48,66.32,44.63,2.85,6.58,66.82,591.28,1457,546,414,51.69
2010-08-13,2010,8,13,4,225,32,3,0,0,5,Store_E,3,Home_Goods,Bedding,151.97,0,0,151.97,375,166.21,54.43,22.48,2.17,5.89,54.28,496.01,1034,490,201,17.73
2011-12-25,2011,12,25,6,359,51,4,1,1,2,Store_B,2,Clothing,Accessories,53.43,0,0,53.43,141,53.87,50.3,3.5,2.34,6.2,63.36,514.45,1292,470,661,100.11
2022-04-13,2022,4,13,2,103,15,2,0,0,5,Store_E,1,Electronics,Tablets,545.04,0,0,545.04,125,590.14,79.85,0.75,3.21,6.88,75.42,433.11,1248,490,355,54.05
2013-02-15,2013,2,15,4,46,7,1,0,0,3,Store_C,5,Sports,Equipment,82.43,10,1,74.19,171,63.11,78.37,0.05,2.78,6.98,74.16,833.87,1644,584,251,62.32
2017-07-25,2017,7,25,1,206,30,3,0,0,2,Store_B,5,Sports,Footwear,86.95,0,0,86.95,160,76.31,56.82,0.21,2.2,5.94,57.49,570.92,1271,558,289,56.57
2012-04-26,2012,4,26,3,117,17,2,0,0,1,Store_A,4,Food,Packaged,21.59,0,0,21.59,61,22.34,70.02,2.32,3.07,6.46,73.24,579.54,1493,533,314,94.23
2016-12-26,2016,12,26,0,361,52,4,0,0,2,Store_B,3,Home_Goods,Decor,162.05,0,0,162.05,147,183.29,50.87,1.29,2.32,6.66,64.46,526.32,1255,475,368,51.81
2018-01-07,2018,1,7,6,7,1,1,1,0,1,Store_A,5,Sports,Footwear,86.79,0,0,86.79,413,75.67,62.07,5.41,2.03,6.0,71.47,400.76,1325,526,532,74.12
2010-04-28,2010,4,28,2,118,17,2,0,0,1,Store_A,5,Sports,Footwear,84.21,0,0,84.21,191,94.41,81.33,0.3,2.32,6.06,76.2,574.85,1310,428,271,41.16
2011-10-08,2011,10,8,5,281,40,4,1,0,3,Store_C,1,Electronics,Phones,492.88,0,0,492.88,118,535.99,37.49,10.36,2.98,5.98,53.09,452.85,1149,449,501,32.06
2010-01-04,2010,1,4,0,4,1,1,0,0,4,Store_D,1,Electronics,Laptops,482.53,0,0,482.53,387,488.28,63.68,4.67,2.53,5.81,62.54,433.05,1225,486,221,31.04
2021-06-02,2021,6,2,2,153,22,2,0,0,3,Store_C,1,Electronics,Phones,470.4,0,0,470.4,292,457.3,69.56,7.98,3.2,6.93,74.52,501.47,1277,417,257,63.0
2011-04-13,2011,4,13,2,103,15,2,0,0,5,Store_E,2,Clothing,Men,49.28,0,0,49.28,445,42.06,76.6,12.24,2.74,5.92,67.79,469.97,1556,528,363,80.82
2010-01-06,2010,1,6,2,6,1,1,0,0,1,Store_A,3,Home_Goods,Furniture,164.15,0,0,164.15,54,167.17,61.88,3.7,2.97,5.92,65.85,421.58,1240,485,304,10.55
2012-07-08,2012,7,8,6,190,27,3,1,0,3,Store_C,3,Home_Goods,Bedding,156.92,0,0,156.92,219,163.07,61.84,5.26,2.93,6.35,63.15,458.14,1029,516,457,28.25
2017-02-08,2017,2,8,2,39,6,1,0,0,1,Store_A,5,Sports,Footwear,85.92,0,0,85.92,233,92.34,74.91,2.95,1.96,6.23,74.4,595.48,1509,546,301,48.65
2012-11-29,2012,11,29,3,334,48,4,0,0,5,Store_E,1,Electronics,Tablets,497.27,0,0,497.27,102,492.41,43.93,1.96,3.23,6.54,61.35,565.33,1213,414,301,17.78
2017-02-03,2017,2,3,4,34,5,1,0,0,4,Store_D,2,Clothing,Kids,51.29,0,0,51.29,291,51.05,67.85,1.9,1.87,6.17,68.24,504.05,1537,357,324,89.39
2010-08-31,2010,8,31,1,243,35,3,0,0,3,Store_C,1,Electronics,Phones,506.74,0,0,506.74,139,508.74,41.88,1.91,2.18,5.81,58.07,463.81,1142,491,284,15.75
2013-03-06,2013,3,6,2,65,10,1,0,0,2,Store_B,2,Clothing,Accessories,53.45,0,0,53.45,87,54.79,85.59,17.06,3.37,6.94,70.57,437.6,1462,445,296,70.98
2017-11-10,2017,11,10,4,314,45,4,0,0,2,Store_B,1,Electronics,Laptops,540.66,0,0,540.66,459,584.45,44.29,1.95,2.33,6.24,58.1,422.82,1084,569,302,47.64
2020-03-24,2020,3,24,1,84,13,1,0,0,2,Store_B,4,Food,Beverages,20.77,0,0,20.77,272,19.85,72.19,1.19,2.27,6.41,71.67,596.86,1282,474,322,122.56
2016-07-25,2016,7,25,0,207,30,3,0,0,2,Store_B,5,Sports,Equipment,76.1,0,0,76.1,353,77.02,46.35,4.37,2.17,6.72,62.78,548.9,1139,580,257,56.89
2019-08-19,2019,8,19,0,231,34,3,0,0,2,Store_B,5,Sports,Apparel,78.0,0,0,78.0,245,79.19,43.16,2.78,1.7,6.13,57.63,519.75,942,573,332,40.36
2019-05-15,2019,5,15,2,135,20,2,0,0,3,Store_C,4,Food,Packaged,18.99,0,0,18.99,274,20.84,74.3,5.18,2.55,5.77,71.68,508.06,1314,523,376,115.31
2017-01-07,2017,1,7,5,7,1,1,1,0,5,Store_E,5,Sports,Accessories,72.28,0,0,72.28,225,63.16,56.02,8.38,1.87,6.09,59.39,474.53,1251,522,433,59.17
2014-05-25,2014,5,25,6,145,21,2,1,0,1,Store_A,5,Sports,Apparel,72.28,0,0,72.28,289,79.55,72.16,1.48,2.76,7.06,69.21,426.32,1539,456,469,66.55
2023-03-22,2023,3,22,2,81,12,1,0,0,3,Store_C,3,Home_Goods,Furniture,145.87,0,0,145.87,131,159.95,89.81,4.28,3.12,6.52,79.33,530.3,1528,495,233,78.25
2016-05-13,2016,5,13,4,134,19,2,0,0,4,Store_D,4,Food,Fresh,20.81,0,0,20.81,401,21.22,83.49,0.43,2.39,6.38,73.7,405.24,1611,530,300,104.44
2017-06-02,2017,6,2,4,153,22,2,0,0,4,Store_D,5,Sports,Accessories,87.78,0,0,87.78,240,96.22,74.63,1.15,1.66,6.17,67.71,556.58,1400,462,254,52.59
2022-01-16,2022,1,16,6,16,2,1,1,0,5,Store_E,3,Home_Goods,Kitchen,150.16,5,1,142.65,75,140.19,60.86,1.51,3.17,6.94,64.46,871.41,1338,560,486,75.47
2013-08-05,2013,8,5,0,217,32,3,0,0,3,Store_C,2,Clothing,Women,49.67,0,0,49.67,277,54.59,47.76,5.2,2.45,6.8,57.19,558.64,1293,490,271,64.03
2019-06-11,2019,6,11,1,162,24,2,0,0,4,Store_D,1,Electronics,Laptops,547.46,0,0,547.46,409,567.47,65.58,4.31,2.34,5.89,67.83,447.86,1273,533,260,50.56
2020-06-09,2020,6,9,1,161,24,2,0,0,4,Store_D,2,Clothing,Women,46.28,0,0,46.28,434,46.03,59.08,3.65,2.55,6.54,72.25,599.1,1526,596,280,82.88
2022-09-30,2022,9,30,4,273,39,3,0,0,1,Store_A,2,Clothing,Men,53.65,0,0,53.65,207,47.95,41.17,5.53,3.43,6.9,52.91,412.02,1027,461,337,58.18
2016-06-20,2016,6,20,0,172,25,2,0,0,1,Store_A,5,Sports,Accessories,74.0,0,0,74.0,337,74.8,56.19,0.65,2.03,6.74,67.84,549.24,1354,510,249,52.54
2015-05-30,2015,5,30,5,150,22,2,1,0,2,Store_B,2,Clothing,Accessories,52.08,0,0,52.08,350,48.46,66.65,3.57,2.62,6.63,71.41,415.3,1279,434,454,91.24
2019-08-16,2019,8,16,4,228,33,3,0,0,5,Store_E,5,Sports,Accessories,73.8,0,0,73.8,203,79.34,43.25,0.35,2.56,6.15,59.74,426.83,1174,552,350,61.7
2014-10-28,2014,10,28,1,301,44,4,0,0,1,Store_A,1,Electronics,Laptops,487.13,0,0,487.13,284,495.06,36.58,2.8,3.17,6.67,61.38,488.85,972,449,283,18.14
2017-07-02,2017,7,2,6,183,26,3,1,0,1,Store_A,3,Home_Goods,Decor,137.4,0,0,137.4,455,118.59,53.1,8.22,1.6,6.28,63.96,509.73,1382,518,398,62.19
2023-04-07,2023,4,7,4,97,14,2,0,0,2,Store_B,1,Electronics,Phones,450.88,0,0,450.88,305,517.88,75.09,0.95,2.8,6.59,75.27,503.97,1472,497,301,77.58
2016-10-08,2016,10,8,5,282,40,4,1,0,2,Store_B,1,Electronics,Laptops,505.75,0,0,505.75,342,508.59,41.17,2.36,2.49,6.26,55.5,534.95,979,415,540,41.17
2020-12-21,2020,12,21,0,356,52,4,0,0,5,Store_E,2,Clothing,Accessories,53.3,0,0,53.3,74,51.33,60.16,0.45,2.99,6.63,60.46,539.62,1084,540,276,64.0
2014-02-02,2014,2,2,6,33,5,1,1,0,5,Store_E,5,Sports,Apparel,79.57,0,0,79.57,134,88.43,72.14,7.41,2.72,7.21,71.39,466.14,1310,485,430,48.91
2021-07-08,2021,7,8,3,189,27,3,0,0,1,Store_A,4,Food,Packaged,19.28,0,0,19.28,113,21.77,65.13,3.16,2.81,6.79,65.58,456.63,1301,487,278,107.24
2015-11-29,2015,11,29,6,333,48,4,1,0,2,Store_B,1,Electronics,Tablets,479.61,0,0,479.61,195,442.03,59.11,9.5,2.45,6.81,56.03,450.3,1034,446,436,44.44
2013-03-15,2013,3,15,4,74,11,1,0,0,2,Store_B,2,Clothing,Women,52.02,0,0,52.02,268,47.95,81.7,2.05,3.17,7.07,75.92,577.77,1611,454,366,62.61
2022-05-14,2022,5,14,5,134,19,2,1,0,4,Store_D,2,Clothing,Kids,46.25,10,1,41.62,110,42.17,71.54,4.11,2.84,6.79,67.66,607.92,1654,631,407,103.2
2010-08-21,2010,8,21,5,233,33,3,1,0,1,Store_A,4,Food,Packaged,18.32,0,0,18.32,157,20.61,37.76,1.09,2.2,5.77,60.9,597.55,1047,419,513,83.84
2010-03-08,2010,3,8,0,67,10,1,0,0,4,Store_D,3,Home_Goods,Furniture,138.94,20,1,111.15,436,100.66,86.47,1.42,2.95,5.7,75.09,648.25,1374,657,227,82.69
2014-05-23,2014,5,23,4,143,21,2,0,0,5,Store_E,5,Sports,Equipment,78.55,0,0,78.55,389,76.15,65.74,1.23,2.61,7.15,70.05,553.42,1356,596,212,60.03
2018-12-28,2018,12,28,4,362,52,4,0,0,3,Store_C,5,Sports,Apparel,87.58,0,0,87.58,399,86.66,63.63,0.57,2.02,5.88,63.21,547.06,1352,481,242,62.28
2019-11-06,2019,11,6,2,310,45,4,0,0,1,Store_A,1,Electronics,Laptops,509.85,5,1,484.35,251,511.41,48.46,5.56,1.95,5.68,57.44,690.6,1425,655,204,42.92
2010-05-06,2010,5,6,3,126,18,2,0,0,4,Store_D,1,Electronics,Phones,490.42,0,0,490.42,90,555.41,82.66,2.25,2.85,5.98,73.32,527.22,1449,537,319,48.78
2013-07-20,2013,7,20,5,201,29,3,1,0,3,Store_C,3,Home_Goods,Bedding,138.78,25,1,104.08,483,112.68,60.68,12.17,3.49,6.55,61.08,648.54,1418,563,459,63.4
2015-05-31,2015,5,31,6,151,22,2,1,0,4,Store_D,3,Home_Goods,Bedding,144.42,0,0,144.42,436,134.65,65.7,5.87,2.01,6.6,72.83,531.67,1165,522,452,56.61
2022-05-15,2022,5,15,6,135,19,2,1,0,4,Store_D,4,Food,Beverages,20.18,0,0,20.18,342,20.61,72.21,4.36,2.37,6.84,79.51,542.82,1547,475,471,133.62
2022-04-09,2022,4,9,5,99,14,2,1,0,2,Store_B,4,Food,Packaged,18.94,0,0,18.94,251,19.72,74.18,3.69,2.97,7.19,69.59,507.7,1460,542,451,146.09
2015-09-07,2015,9,7,0,250,37,3,0,0,1,Store_A,5,Sports,Apparel,80.22,0,0,80.22,274,72.09,38.79,2.19,2.49,6.67,58.19,423.43,1344,530,356,39.69
2018-06-14,2018,6,14,3,165,24,2,0,0,5,Store_E,1,Electronics,Phones,517.4,0,0,517.4,286,516.56,69.94,5.36,2.41,5.75,65.66,577.09,1273,453,326,57.03
2021-11-24,2021,11,24,2,328,47,4,0,1,3,Store_C,4,Food,Packaged,18.38,0,0,18.38,373,19.18,46.96,27.79,2.49,6.82,58.0,424.88,1133,519,435,117.9
2019-02-28,2019,2,28,3,59,9,1,0,0,5,Store_E,2,Clothing,Men,49.16,10,1,44.25,312,38.54,64.55,12.62,2.45,6.47,68.67,807.56,1579,585,426,101.37
2022-03-23,2022,3,23,2,82,12,1,0,0,2,Store_B,5,Sports,Apparel,81.13,20,1,64.9,213,60.08,83.82,2.04,2.74,7.09,78.5,864.47,1576,574,302,97.8
2017-08-29,2017,8,29,1,241,35,3,0,0,1,Store_A,3,Home_Goods,Furniture,153.38,0,0,153.38,114,143.55,45.64,2.51,1.83,6.03,60.88,544.26,1147,452,386,18.33
2012-07-07,2012,7,7,5,189,27,3,1,0,4,Store_D,1,Electronics,Accessories,532.17,25,1,399.13,196,454.48,61.6,13.56,2.85,6.33,66.16,700.2,1366,650,418,79.07
2014-07-05,2014,7,5,5,186,27,3,1,0,1,Store_A,2,Clothing,Women,54.07,0,0,54.07,398,57.32,54.5,4.87,2.89,7.19,64.75,576.18,1437,559,415,68.69
2010-12-31,2010,12,31,4,365,52,4,0,0,4,Store_D,5,Sports,Accessories,83.34,0,0,83.34,302,76.79,60.88,9.9,2.21,6.04,64.97,535.83,1106,465,209,44.43
2019-01-01,2019,1,1,1,1,1,1,0,1,3,Store_C,5,Sports,Footwear,87.5,10,1,78.75,82,89.86,58.15,1.31,2.36,6.29,67.3,636.91,1398,620,519,90.39
2015-10-27,2015,10,27,1,300,44,4,0,0,4,Store_D,4,Food,Packaged,18.06,10,1,16.25,311,15.93,42.81,3.46,2.37,6.66,52.94,735.84,1159,661,286,100.36
2021-04-16,2021,4,16,4,106,15,2,0,0,3,Store_C,3,Home_Goods,Decor,159.19,0,0,159.19,210,140.11,78.06,1.59,2.74,7.1,75.62,419.27,1354,460,338,61.19
2011-06-10,2011,6,10,4,161,23,2,0,0,4,Store_D,4,Food,Snacks,19.07,0,0,19.07,497,20.69,70.33,5.8,3.23,5.92,71.28,537.59,1275,549,261,95.6
2010-02-25,2010,2,25,3,56,8,1,0,0,3,Store_C,4,Food,Snacks,19.92,0,0,19.92,220,18.97,75.12,1.89,2.54,6.29,73.8,463.75,1482,514,232,100.18
2011-10-01,2011,10,1,5,274,39,4,1,0,4,Store_D,3,Home_Goods,Furniture,144.96,0,0,144.96,330,133.7,36.6,0.64,2.67,5.94,54.77,569.93,1285,459,365,36.28
2010-10-30,2010,10,30,5,303,43,4,1,0,1,Store_A,3,Home_Goods,Decor,154.85,0,0,154.85,395,164.86,37.98,0.67,2.16,5.94,56.57,519.54,906,388,461,23.06
2017-07-29,2017,7,29,5,210,30,3,1,0,3,Store_C,3,Home_Goods,Decor,137.14,0,0,137.14,203,127.72,45.52,6.26,2.26,5.82,63.0,511.35,1278,658,448,44.46
2013-06-30,2013,6,30,6,181,26,2,1,0,3,Store_C,3,Home_Goods,Decor,144.89,0,0,144.89,80,153.3,50.07,4.28,3.41,6.76,66.13,510.66,1214,554,479,45.77
2015-08-18,2015,8,18,1,230,34,3,0,0,4,Store_D,2,Clothing,Men,45.81,0,0,45.81,267,39.49,39.28,5.61,2.82,6.85,60.32,482.88,1071,469,337,57.8
2019-12-24,2019,12,24,1,358,52,4,0,0,2,Store_B,1,Electronics,Laptops,513.78,0,0,513.78,210,441.29,56.97,5.36,2.53,6.49,56.94,568.31,1325,511,305,50.55
2021-05-06,2021,5,6,3,126,18,2,0,0,1,Store_A,2,Clothing,Men,52.82,0,0,52.82,98,46.15,75.8,2.55,2.61,6.97,73.08,514.04,1449,477,315,88.25
2017-11-18,2017,11,18,5,322,46,4,1,0,4,Store_D,4,Food,Beverages,21.58,0,0,21.58,136,23.34,52.39,2.23,1.47,6.04,63.53,552.97,1105,538,515,90.92
2021-07-04,2021,7,4,6,185,26,3,1,1,2,Store_B,2,Clothing,Accessories,50.29,0,0,50.29,310,42.77,53.81,16.57,3.0,6.56,63.68,406.05,1199,475,628,123.21
2016-04-05,2016,4,5,1,96,14,2,0,0,2,Store_B,1,Electronics,Laptops,522.62,0,0,522.62,340,525.52,75.39,5.61,2.56,6.63,75.29,441.91,1258,585,260,51.62
2016-03-11,2016,3,11,4,71,10,1,0,0,1,Store_A,4,Food,Packaged,18.1,5,1,17.19,150,17.75,74.71,21.68,2.62,6.55,76.38,697.9,1508,678,276,111.8
2016-04-15,2016,4,15,4,106,15,2,0,0,1,Store_A,3,Home_Goods,Furniture,163.27,0,0,163.27,428,149.87,80.39,5.38,2.24,6.36,71.18,466.75,1836,442,194,55.21
2014-10-20,2014,10,20,0,293,43,4,0,0,3,Store_C,4,Food,Fresh,19.42,0,0,19.42,335,16.97,35.05,1.3,3.13,7.27,50.36,534.34,1170,518,329,68.76
2015-05-23,2015,5,23,5,143,21,2,1,0,5,Store_E,4,Food,Fresh,21.96,0,0,21.96,107,19.0,73.06,4.51,2.82,7.17,67.55,480.94,1374,487,438,110.04
2021-11-30,2021,11,30,1,334,48,4,0,0,1,Store_A,1,Electronics,Phones,481.75,0,0,481.75,497,485.41,43.94,0.41,2.49,6.66,64.71,589.81,1146,587,269,54.49
2018-07-15,2018,7,15,6,196,28,3,1,0,1,Store_A,2,Clothing,Accessories,54.4,0,0,54.4,455,48.43,54.8,0.68,2.21,5.98,61.85,578.28,1279,477,515,78.02
2016-07-21,2016,7,21,3,203,29,3,0,0,1,Store_A,5,Sports,Footwear,80.27,0,0,80.27,401,73.59,54.52,1.73,2.21,6.8,64.31,442.79,982,540,322,53.23
2011-06-08,2011,6,8,2,159,23,2,0,0,3,Store_C,4,Food,Snacks,18.46,0,0,18.46,466,16.8,78.19,12.13,2.82,6.25,68.94,588.33,1372,556,281,93.6
2020-09-05,2020,9,5,5,249,36,3,1,0,3,Store_C,1,Electronics,Accessories,524.71,5,1,498.48,67,470.58,35.16,0.92,2.1,6.38,54.16,643.73,1194,667,541,58.66
2018-07-20,2018,7,20,4,201,29,3,0,0,3,Store_C,5,Sports,Accessories,74.87,0,0,74.87,143,76.48,48.72,0.1,2.17,5.89,65.6,430.15,1286,457,354,41.77
2021-05-19,2021,5,19,2,139,20,2,0,0,2,Store_B,1,Electronics,Tablets,539.51,0,0,539.51,88,553.27,69.76,5.5,2.84,6.9,66.48,507.0,1347,453,350,69.7
2015-05-24,2015,5,24,6,144,21,2,1,0,5,Store_E,4,Food,Packaged,21.09,0,0,21.09,327,23.04,75.54,3.9,2.79,6.97,71.35,575.57,1366,606,439,116.39
2011-11-03,2011,11,3,3,307,44,4,0,0,5,Store_E,3,Home_Goods,Decor,144.64,0,0,144.64,298,135.83,44.82,11.06,3.07,6.05,50.38,579.25,1162,488,243,13.95
2021-06-20,2021,6,20,6,171,24,2,1,0,5,Store_E,5,Sports,Equipment,81.67,0,0,81.67,175,84.7,61.32,10.75,3.18,6.99,71.41,439.66,1354,524,476,85.07
2011-10-29,2011,10,29,5,302,43,4,1,0,1,Store_A,5,Sports,Accessories,82.86,0,0,82.86,214,84.27,48.06,5.27,2.81,6.09,56.03,463.66,916,426,419,33.23
2021-11-17,2021,11,17,2,321,46,4,0,0,3,Store_C,3,Home_Goods,Kitchen,162.54,0,0,162.54,282,161.37,42.83,2.22,2.76,6.92,54.25,586.09,1243,444,233,45.19
2015-03-03,2015,3,3,1,62,10,1,0,0,3,Store_C,3,Home_Goods,Decor,163.89,0,0,163.89,167,171.26,74.27,28.69,2.77,6.88,76.48,517.06,1361,551,346,51.28
2018-12-11,2018,12,11,1,345,50,4,0,0,5,Store_E,3,Home_Goods,Decor,162.84,0,0,162.84,111,167.99,52.46,2.5,2.12,5.83,62.17,590.06,1126,495,242,25.48
2010-10-08,2010,10,8,4,281,40,4,0,0,4,Store_D,5,Sports,Equipment,75.44,0,0,75.44,150,85.16,43.13,6.71,2.32,5.97,53.2,456.55,1164,544,296,22.62
2014-09-16,2014,9,16,1,259,38,3,0,0,1,Store_A,3,Home_Goods,Decor,143.86,0,0,143.86,107,144.67,48.35,3.65,2.86,7.29,57.11,420.23,1164,463,329,21.46
2018-01-26,2018,1,26,4,26,4,1,0,0,5,Store_E,1,Electronics,Accessories,544.99,10,1,490.49,99,517.05,64.29,0.08,2.07,5.93,70.45,623.01,1319,630,252,63.85
2012-06-18,2012,6,18,0,170,25,2,0,0,2,Store_B,5,Sports,Footwear,75.88,0,0,75.88,496,76.32,60.63,12.76,2.98,6.52,63.2,560.71,1337,425,339,45.69
2023-04-13,2023,4,13,3,103,15,2,0,0,4,Store_D,4,Food,Snacks,18.59,0,0,18.59,167,20.61,86.43,1.9,2.62,6.78,78.72,510.98,1674,486,239,129.81
2012-01-31,2012,1,31,1,31,5,1,0,0,1,Store_A,4,Food,Snacks,19.26,0,0,19.26,335,19.02,74.02,1.33,3.17,5.87,69.13,541.68,1397,464,232,103.5
2015-03-22,2015,3,22,6,81,12,1,1,0,2,Store_B,2,Clothing,Men,45.04,0,0,45.04,51,39.33,81.84,8.62,2.27,7.05,80.12,532.56,1597,501,491,85.0
2021-01-25,2021,1,25,0,25,4,1,0,0,4,Store_D,1,Electronics,Phones,535.03,0,0,535.03,214,488.51,66.45,0.93,2.6,6.9,68.74,583.24,1296,467,400,57.9
2020-06-20,2020,6,20,5,172,25,2,1,0,5,Store_E,3,Home_Goods,Decor,138.11,0,0,138.11,431,150.06,59.72,0.71,1.98,6.58,69.66,447.06,1305,539,461,63.74
2021-05-01,2021,5,1,5,121,17,2,1,0,3,Store_C,3,Home_Goods,Kitchen,135.52,0,0,135.52,315,142.53,84.07,1.41,3.1,6.79,70.3,493.18,1483,566,445,99.34
2020-06-15,2020,6,15,0,167,25,2,0,0,1,Store_A,2,Clothing,Accessories,53.59,0,0,53.59,230,51.29,64.34,2.18,2.79,6.64,66.68,484.57,1257,535,300,80.96
2021-10-10,2021,10,10,6,283,40,4,1,0,4,Store_D,5,Sports,Accessories,86.21,0,0,86.21,369,98.33,47.22,2.93,2.69,7.0,56.38,423.22,1108,568,392,56.44
2017-02-06,2017,2,6,0,37,6,1,0,0,2,Store_B,2,Clothing,Women,49.09,0,0,49.09,222,45.56,72.51,0.98,1.7,6.21,71.5,441.44,1364,537,331,68.79
2021-05-27,2021,5,27,3,147,21,2,0,0,2,Store_B,5,Sports,Footwear,80.75,0,0,80.75,316,92.06,68.46,12.58,2.66,6.51,71.7,586.35,1393,557,296,77.85
2018-04-20,2018,4,20,4,110,16,2,0,0,1,Store_A,2,Clothing,Men,48.11,0,0,48.11,260,46.37,79.21,7.25,1.62,6.39,76.86,519.08,1528,484,233,74.29
2019-10-20,2019,10,20,6,293,42,4,1,0,4,Store_D,3,Home_Goods,Decor,143.65,0,0,143.65,483,156.03,40.78,4.76,2.43,6.09,59.38,533.93,1049,509,467,41.49
2017-10-03,2017,10,3,1,276,40,4,0,0,2,Store_B,2,Clothing,Men,50.96,0,0,50.96,197,53.21,36.66,3.41,2.2,5.89,53.65,449.06,978,426,352,33.01
2019-07-05,2019,7,5,4,186,27,3,0,0,1,Store_A,2,Clothing,Women,46.79,0,0,46.79,252,52.2,59.67,6.25,1.92,6.33,63.06,518.74,1084,451,314,63.97
2010-05-18,2010,5,18,1,138,20,2,0,0,2,Store_B,2,Clothing,Women,49.03,0,0,49.03,339,45.81,78.01,1.94,2.44,5.69,71.54,528.1,1408,513,368,56.18
2015-12-21,2015,12,21,0,355,52,4,0,0,2,Store_B,4,Food,Snacks,19.17,0,0,19.17,191,16.61,46.96,4.08,2.05,6.83,61.38,551.57,1429,463,293,77.4
2015-10-30,2015,10,30,4,303,44,4,0,0,2,Store_B,5,Sports,Apparel,85.64,0,0,85.64,314,96.96,42.5,3.87,2.68,6.79,61.45,438.02,1129,544,333,31.35
2018-09-13,2018,9,13,3,256,37,3,0,0,4,Store_D,1,Electronics,Accessories,500.15,0,0,500.15,284,450.87,37.71,6.91,2.23,6.2,52.95,568.29,1260,568,261,53.04
2021-12-16,2021,12,16,3,350,50,4,0,0,4,Store_D,1,Electronics,Accessories,527.76,0,0,527.76,292,569.52,63.24,1.36,2.83,6.88,55.99,479.75,1192,595,392,58.3
2021-09-01,2021,9,1,2,244,35,3,0,0,4,Store_D,2,Clothing,Kids,47.35,0,0,47.35,317,46.5,39.09,2.37,2.54,6.62,56.27,525.99,896,507,307,78.77
2021-11-23,2021,11,23,1,327,47,4,0,1,2,Store_B,5,Sports,Footwear,84.73,0,0,84.73,176,81.68,46.21,1.17,2.71,6.89,62.4,578.38,1117,507,460,75.89
2013-08-24,2013,8,24,5,236,34,3,1,0,4,Store_D,1,Electronics,Tablets,486.74,0,0,486.74,289,447.11,43.09,3.11,3.37,6.95,56.18,417.76,1086,451,495,44.54
2015-07-11,2015,7,11,5,192,28,3,1,0,2,Store_B,5,Sports,Footwear,87.8,0,0,87.8,213,76.49,65.63,0.98,2.1,7.05,59.18,515.86,1256,519,454,58.83
2016-10-18,2016,10,18,1,292,42,4,0,0,2,Store_B,3,Home_Goods,Bedding,138.91,0,0,138.91,255,154.88,42.46,0.61,1.74,6.39,55.68,553.76,1078,509,282,12.41
2013-09-20,2013,9,20,4,263,38,3,0,0,4,Store_D,2,Clothing,Accessories,50.61,0,0,50.61,224,43.32,38.61,1.75,2.82,6.94,51.71,458.8,926,540,366,36.98
2013-08-22,2013,8,22,3,234,34,3,0,0,4,Store_D,4,Food,Beverages,21.0,0,0,21.0,129,18.95,49.3,1.12,3.28,6.82,57.93,468.83,1015,419,334,78.64
2015-11-21,2015,11,21,5,325,47,4,1,0,4,Store_D,2,Clothing,Women,46.55,0,0,46.55,481,52.95,50.32,10.99,2.64,6.62,55.95,409.57,981,487,426,70.51
2015-10-24,2015,10,24,5,297,43,4,1,0,4,Store_D,5,Sports,Footwear,84.74,0,0,84.74,337,73.87,40.21,3.6,2.37,6.92,54.03,562.09,921,455,479,66.62
2020-11-25,2020,11,25,2,330,48,4,0,1,5,Store_E,5,Sports,Footwear,81.18,5,1,77.12,112,78.49,56.65,8.17,2.65,6.7,57.38,876.42,1491,535,410,83.75
2013-06-06,2013,6,6,3,157,23,2,0,0,3,Store_C,1,Electronics,Accessories,456.68,20,1,365.34,162,355.49,70.7,0.69,2.73,6.95,67.8,798.04,1369,691,380,65.94
2018-12-23,2018,12,23,6,357,51,4,1,0,1,Store_A,5,Sports,Accessories,87.89,0,0,87.89,353,78.04,57.11,10.1,1.87,5.83,58.24,431.37,1214,495,467,68.15
2019-03-29,2019,3,29,4,88,13,1,0,0,5,Store_E,2,Clothing,Accessories,50.57,0,0,50.57,111,44.18,77.98,3.25,1.99,5.94,72.95,585.01,1519,530,305,79.11
2017-09-15,2017,9,15,4,258,37,3,0,0,2,Store_B,5,Sports,Accessories,78.32,0,0,78.32,495,76.79,49.09,1.27,2.07,6.4,54.32,578.9,976,581,240,46.19
2015-01-23,2015,1,23,4,23,4,1,0,0,1,Store_A,2,Clothing,Women,48.23,0,0,48.23,269,46.7,75.36,7.32,2.47,6.59,70.4,563.78,1238,531,306,70.66
2018-04-26,2018,4,26,3,116,17,2,0,0,3,Store_C,3,Home_Goods,Decor,152.5,20,1,122.0,100,112.26,78.35,1.58,2.09,6.06,73.72,869.99,1563,590,358,80.15
2011-01-24,2011,1,24,0,24,4,1,0,0,1,Store_A,1,Electronics,Tablets,468.36,0,0,468.36,248,504.93,71.2,11.64,2.76,6.23,70.5,420.7,1293,486,297,45.19
2010-08-24,2010,8,24,1,236,34,3,0,0,4,Store_D,3,Home_Goods,Kitchen,149.35,15,1,126.95,264,137.91,48.03,3.92,2.35,6.29,52.71,603.7,1185,568,327,20.13
2012-12-13,2012,12,13,3,348,50,4,0,0,3,Store_C,5,Sports,Footwear,79.89,0,0,79.89,377,73.15,48.13,4.58,3.27,6.43,55.96,440.13,1260,400,308,35.29
2015-06-08,2015,6,8,0,159,24,2,0,0,4,Store_D,1,Electronics,Accessories,481.9,0,0,481.9,151,489.77,66.23,6.32,2.31,6.69,67.58,401.49,1324,503,225,46.06
2021-12-12,2021,12,12,6,346,49,4,1,0,1,Store_A,5,Sports,Apparel,77.25,0,0,77.25,304,72.97,57.48,5.81,2.93,7.02,67.16,400.2,1085,475,444,62.82
2020-11-06,2020,11,6,4,311,45,4,0,0,2,Store_B,3,Home_Goods,Bedding,149.13,0,0,149.13,471,126.92,40.94,2.45,2.67,6.27,57.28,585.33,976,490,325,43.73
2012-02-10,2012,2,10,4,41,6,1,0,0,3,Store_C,3,Home_Goods,Bedding,160.01,10,1,144.01,138,127.01,74.25,20.53,2.7,6.64,67.7,691.1,1495,643,266,45.57
2015-12-06,2015,12,6,6,340,49,4,1,0,5,Store_E,3,Home_Goods,Decor,148.55,0,0,148.55,117,164.03,48.66,0.31,2.71,6.46,59.95,517.63,1339,545,355,49.38
2011-11-05,2011,11,5,5,309,44,4,1,0,4,Store_D,4,Food,Fresh,20.1,30,1,14.07,75,14.2,48.88,10.66,3.22,6.43,58.09,674.61,1238,614,515,102.17
2010-09-07,2010,9,7,1,250,36,3,0,0,3,Store_C,2,Clothing,Women,47.74,0,0,47.74,451,54.11,35.98,3.47,2.87,6.03,62.46,423.99,1127,469,293,45.37
2014-04-24,2014,4,24,3,114,17,2,0,0,3,Store_C,3,Home_Goods,Bedding,160.91,0,0,160.91,495,177.99,78.71,5.23,2.33,6.6,77.1,528.44,1441,485,280,55.86
2019-05-13,2019,5,13,0,133,20,2,0,0,5,Store_E,3,Home_Goods,Furniture,139.33,0,0,139.33,178,139.72,70.9,6.82,1.99,6.08,72.45,554.69,1294,461,333,47.42
2015-09-13,2015,9,13,6,256,37,3,1,0,3,Store_C,4,Food,Fresh,18.23,0,0,18.23,286,19.67,51.61,4.07,2.56,6.79,53.3,538.85,1272,526,392,85.87
2014-12-29,2014,12,29,0,363,1,4,0,0,5,Store_E,4,Food,Beverages,19.34,0,0,19.34,173,20.58,53.09,2.49,2.75,6.82,66.79,436.41,1326,477,322,89.77
2011-12-18,2011,12,18,6,352,50,4,1,0,3,Store_C,3,Home_Goods,Kitchen,143.88,0,0,143.88,391,142.12,61.17,0.2,3.19,6.1,64.28,449.54,1124,492,460,50.9
2022-10-13,2022,10,13,3,286,41,4,0,0,2,Store_B,4,Food,Snacks,20.94,0,0,20.94,162,19.36,39.09,10.71,2.98,6.96,55.68,578.49,1158,478,322,84.89
2015-08-11,2015,8,11,1,223,33,3,0,0,1,Store_A,2,Clothing,Accessories,46.02,0,0,46.02,424,50.11,47.12,10.24,2.48,7.1,55.91,531.53,1180,472,316,52.45
2021-06-10,2021,6,10,3,161,23,2,0,0,2,Store_B,1,Electronics,Accessories,465.16,0,0,465.16,134,443.73,71.85,0.19,3.09,6.73,68.91,517.68,1459,440,332,65.01
2017-06-17,2017,6,17,5,168,24,2,1,0,4,Store_D,2,Clothing,Women,48.35,0,0,48.35,208,49.98,64.33,5.26,1.81,6.27,68.43,568.28,1359,454,368,87.36
2022-05-19,2022,5,19,3,139,20,2,0,0,5,Store_E,2,Clothing,Men,48.01,20,1,38.4,190,41.2,71.71,0.15,2.85,6.99,69.43,882.35,1583,607,259,105.18
2013-12-31,2013,12,31,1,365,1,4,0,0,5,Store_E,2,Clothing,Women,52.51,0,0,52.51,428,47.8,50.68,7.44,3.37,6.82,61.84,539.79,1207,493,301,79.05
2014-07-27,2014,7,27,6,208,30,3,1,0,5,Store_E,2,Clothing,Women,49.48,0,0,49.48,278,52.82,53.67,6.02,2.62,7.11,57.37,478.73,1150,600,535,68.59
2017-07-19,2017,7,19,2,200,29,3,0,0,2,Store_B,5,Sports,Equipment,75.63,0,0,75.63,340,74.47,58.78,14.32,1.91,6.37,60.75,413.72,1271,510,245,46.66
2015-06-24,2015,6,24,2,175,26,2,0,0,2,Store_B,2,Clothing,Accessories,54.73,0,0,54.73,366,59.31,56.0,5.16,2.19,7.01,66.8,553.25,1380,503,354,70.1
2011-02-09,2011,2,9,2,40,6,1,0,0,2,Store_B,1,Electronics,Phones,468.59,0,0,468.59,222,401.48,73.98,8.59,2.52,5.95,68.97,557.4,1389,473,444,48.12
2011-01-20,2011,1,20,3,20,3,1,0,0,1,Store_A,1,Electronics,Laptops,467.23,0,0,467.23,291,461.75,62.05,3.33,2.94,6.27,69.57,525.25,1249,518,262,49.46
2022-06-02,2022,6,2,3,153,22,2,0,0,4,Store_D,3,Home_Goods,Bedding,158.28,0,0,158.28,474,157.94,75.57,2.78,3.25,7.05,68.88,533.88,1302,550,288,68.82
2015-11-23,2015,11,23,0,327,48,4,0,1,2,Store_B,4,Food,Beverages,21.0,15,1,17.85,310,17.7,51.36,0.67,1.88,7.03,60.99,716.54,1279,543,502,129.93
2014-06-22,2014,6,22,6,173,25,2,1,0,1,Store_A,4,Food,Packaged,21.56,0,0,21.56,191,20.17,68.02,12.85,3.2,7.08,69.19,400.32,1425,449,515,104.35
2022-07-23,2022,7,23,5,204,29,3,1,0,5,Store_E,4,Food,Beverages,21.54,30,1,15.08,465,16.03,52.59,0.2,2.65,6.97,64.46,822.83,1201,602,459,138.94
2020-09-30,2020,9,30,2,274,40,3,0,0,2,Store_B,3,Home_Goods,Kitchen,142.58,0,0,142.58,499,130.46,48.21,2.01,2.57,6.44,51.84,491.31,966,531,300,49.02
2021-05-21,2021,5,21,4,141,20,2,0,0,3,Store_C,4,Food,Packaged,21.01,0,0,21.01,51,19.99,77.42,1.66,2.58,6.89,65.97,496.55,1385,456,291,103.81
2010-08-12,2010,8,12,3,224,32,3,0,0,4,Store_D,1,Electronics,Phones,533.73,0,0,533.73,64,468.79,43.1,2.57,2.59,6.18,60.61,423.64,951,462,301,16.44
2016-01-03,2016,1,3,6,3,53,1,1,0,2,Store_B,3,Home_Goods,Decor,159.57,0,0,159.57,315,144.72,59.68,6.01,2.12,6.27,72.33,452.67,1228,505,440,51.36
2018-08-03,2018,8,3,4,215,31,3,0,0,2,Store_B,4,Food,Fresh,20.35,0,0,20.35,198,17.43,40.53,3.51,2.02,6.06,64.19,493.01,1370,468,244,112.18
2014-12-30,2014,12,30,1,364,1,4,0,0,5,Store_E,2,Clothing,Kids,48.99,0,0,48.99,437,50.43,57.1,0.95,2.92,6.83,65.31,444.13,1262,512,275,65.78
2022-08-06,2022,8,6,5,218,31,3,1,0,2,Store_B,4,Food,Beverages,20.77,0,0,20.77,131,23.84,42.83,0.38,2.91,7.26,58.26,487.77,1125,442,451,88.86
2012-03-08,2012,3,8,3,68,10,1,0,0,3,Store_C,5,Sports,Accessories,74.42,0,0,74.42,276,64.21,74.19,0.66,3.5,6.24,73.18,483.11,1569,465,326,69.18
2017-11-11,2017,11,11,5,315,45,4,1,0,2,Store_B,1,Electronics,Phones,464.49,10,1,418.04,435,407.5,36.09,0.76,2.27,6.15,59.55,822.56,1150,649,553,74.4
2010-01-10,2010,1,10,6,10,1,1,1,0,3,Store_C,1,Electronics,Tablets,530.31,0,0,530.31,147,551.56,59.02,9.02,2.52,5.8,65.01,408.16,1408,543,450,40.74
2015-04-29,2015,4,29,2,119,18,2,0,0,2,Store_B,5,Sports,Accessories,76.8,0,0,76.8,334,76.76,76.86,2.2,2.3,6.88,73.5,477.18,1418,429,360,66.37
2015-01-13,2015,1,13,1,13,3,1,0,0,2,Store_B,2,Clothing,Men,54.13,20,1,43.31,101,39.92,57.06,2.46,2.24,6.59,67.23,718.05,1253,559,246,86.67
2010-09-13,2010,9,13,0,256,37,3,0,0,4,Store_D,4,Food,Fresh,19.4,0,0,19.4,81,20.62,44.78,12.5,2.25,5.95,54.33,550.05,1163,428,295,59.27
2022-05-06,2022,5,6,4,126,18,2,0,0,4,Store_D,4,Food,Beverages,18.37,0,0,18.37,80,19.98,74.84,14.59,2.69,6.92,77.66,516.25,1191,470,293,116.02
2014-05-01,2014,5,1,3,121,18,2,0,0,4,Store_D,2,Clothing,Accessories,48.09,0,0,48.09,98,54.96,73.47,4.36,2.89,6.8,69.09,488.03,1600,457,263,81.31
2018-02-04,2018,2,4,6,35,5,1,1,0,1,Store_A,5,Sports,Accessories,73.81,0,0,73.81,146,72.19,73.03,5.34,1.01,6.15,73.89,478.49,1558,486,470,71.07
2012-07-13,2012,7,13,4,195,28,3,0,0,5,Store_E,2,Clothing,Accessories,45.98,0,0,45.98,419,41.97,56.59,4.98,2.61,6.48,64.21,523.64,1205,551,285,50.8
2022-02-16,2022,2,16,2,47,7,1,0,0,5,Store_E,2,Clothing,Women,48.03,0,0,48.03,308,44.97,74.54,1.18,2.45,6.94,71.91,558.06,1432,611,278,85.24
2016-11-13,2016,11,13,6,318,45,4,1,0,2,Store_B,1,Electronics,Phones,528.48,0,0,528.48,50,555.76,51.01,2.94,2.39,6.51,56.66,474.57,1297,390,378,41.42
2020-05-03,2020,5,3,6,124,18,2,1,0,5,Store_E,3,Home_Goods,Furniture,160.4,0,0,160.4,225,159.39,70.25,2.22,2.76,6.8,76.91,417.07,1425,555,394,65.06
2021-04-29,2021,4,29,3,119,17,2,0,0,3,Store_C,3,Home_Goods,Decor,148.67,0,0,148.67,453,151.45,77.49,0.29,2.78,6.75,81.78,472.58,1639,580,281,76.98
2017-08-11,2017,8,11,4,223,32,3,0,0,2,Store_B,2,Clothing,Accessories,45.63,5,1,43.35,333,38.22,37.66,19.94,1.48,6.14,55.33,660.37,1118,677,233,73.48
2011-06-24,2011,6,24,4,175,25,2,0,0,1,Store_A,1,Electronics,Laptops,493.55,0,0,493.55,344,474.84,57.58,4.67,2.64,6.37,66.07,406.42,1354,534,322,41.11
2017-07-08,2017,7,8,5,189,27,3,1,0,4,Store_D,2,Clothing,Accessories,46.88,0,0,46.88,225,49.72,63.9,0.62,1.76,5.87,66.29,530.33,1142,494,410,69.96
2022-04-26,2022,4,26,1,116,17,2,0,0,4,Store_D,5,Sports,Footwear,72.04,0,0,72.04,138,80.21,81.24,6.18,2.79,6.75,74.76,409.6,1425,485,280,59.88
2022-07-08,2022,7,8,4,189,27,3,0,0,3,Store_C,1,Electronics,Tablets,497.23,0,0,497.23,260,437.74,45.78,2.78,2.79,6.64,61.1,562.16,1285,500,366,57.01
2013-02-19,2013,2,19,1,50,8,1,0,0,4,Store_D,2,Clothing,Kids,53.87,0,0,53.87,407,60.94,71.74,0.81,2.73,6.73,77.17,412.54,1373,551,240,63.56
2011-10-30,2011,10,30,6,303,43,4,1,0,5,Store_E,1,Electronics,Tablets,462.11,10,1,415.9,317,358.82,36.75,7.83,2.09,6.64,52.69,837.36,1043,642,461,45.04
2018-04-08,2018,4,8,6,98,14,2,1,0,4,Store_D,4,Food,Beverages,18.81,0,0,18.81,260,18.96,74.31,2.25,1.8,6.25,70.58,536.0,1463,445,356,122.66
2010-12-24,2010,12,24,4,358,51,4,0,0,3,Store_C,1,Electronics,Phones,497.47,0,0,497.47,429,502.97,56.72,10.18,2.62,5.85,66.23,407.27,1208,474,274,25.29
2017-10-02,2017,10,2,0,275,40,4,0,0,1,Store_A,3,Home_Goods,Furniture,155.71,0,0,155.71,173,140.24,37.43,6.51,1.91,6.01,55.32,405.06,1214,522,295,34.32
2017-08-15,2017,8,15,1,227,33,3,0,0,1,Store_A,2,Clothing,Accessories,47.01,0,0,47.01,121,52.12,31.9,3.95,1.92,5.94,62.37,441.72,1042,556,224,60.94
2013-09-15,2013,9,15,6,258,37,3,1,0,1,Store_A,3,Home_Goods,Furniture,149.27,0,0,149.27,357,135.86,43.57,0.26,3.46,6.8,48.42,533.51,1110,491,369,30.3
2011-04-16,2011,4,16,5,106,15,2,1,0,1,Store_A,4,Food,Snacks,18.42,0,0,18.42,51,19.79,82.35,8.92,2.6,5.9,72.92,477.01,1378,577,423,108.96
2017-05-27,2017,5,27,5,147,21,2,1,0,2,Store_B,2,Clothing,Kids,48.0,0,0,48.0,193,43.03,63.88,4.76,1.67,6.47,74.6,467.98,1355,493,468,76.64
2019-02-13,2019,2,13,2,44,7,1,0,0,4,Store_D,2,Clothing,Men,51.9,0,0,51.9,471,54.37,77.49,5.07,2.33,5.9,68.84,444.32,1242,597,252,98.66
2019-12-17,2019,12,17,1,351,51,4,0,0,3,Store_C,1,Electronics,Tablets,477.03,0,0,477.03,105,541.29,57.37,3.39,2.04,6.2,64.09,553.65,1187,526,322,43.73
2013-10-28,2013,10,28,0,301,44,4,0,0,2,Store_B,4,Food,Fresh,20.8,0,0,20.8,62,20.44,42.01,0.42,3.18,6.74,60.22,542.14,1258,531,374,65.14
2019-10-25,2019,10,25,4,298,43,4,0,0,2,Store_B,3,Home_Goods,Decor,157.65,0,0,157.65,439,173.02,41.06,5.27,2.49,6.03,58.8,526.68,878,450,317,44.28
2022-04-14,2022,4,14,3,104,15,2,0,0,5,Store_E,5,Sports,Apparel,83.19,0,0,83.19,60,89.83,78.94,6.22,3.28,7.01,74.56,551.13,1301,459,261,72.89
2019-03-31,2019,3,31,6,90,13,1,1,0,4,Store_D,2,Clothing,Accessories,50.91,0,0,50.91,247,58.03,87.94,13.23,2.08,5.97,78.38,413.6,1297,557,351,95.81
2013-06-10,2013,6,10,0,161,24,2,0,0,5,Store_E,2,Clothing,Accessories,53.63,0,0,53.63,346,54.14,67.6,1.31,3.38,7.07,70.42,463.87,1208,519,333,65.62
2019-08-14,2019,8,14,2,226,33,3,0,0,4,Store_D,4,Food,Beverages,20.52,0,0,20.52,199,20.49,43.41,1.68,2.37,6.3,61.59,425.92,895,571,254,87.52
2013-06-04,2013,6,4,1,155,23,2,0,0,1,Store_A,1,Electronics,Laptops,504.06,0,0,504.06,322,575.51,70.27,4.42,2.6,7.1,72.02,520.19,1372,485,313,60.74
2023-03-01,2023,3,1,2,60,9,1,0,0,1,Store_A,3,Home_Goods,Kitchen,158.98,0,0,158.98,393,161.92,71.05,0.33,3.2,6.98,78.65,442.52,1401,536,213,75.79
2021-10-08,2021,10,8,4,281,40,4,0,0,4,Store_D,2,Clothing,Women,50.09,15,1,42.58,51,43.7,38.79,4.94,3.25,6.92,48.43,642.32,995,623,401,66.72
2018-12-29,2018,12,29,5,363,52,4,1,0,2,Store_B,3,Home_Goods,Bedding,162.03,10,1,145.83,114,146.53,64.18,2.8,1.61,5.84,64.22,897.56,1382,583,505,71.21
2018-01-12,2018,1,12,4,12,2,1,0,0,5,Store_E,4,Food,Packaged,18.96,0,0,18.96,362,21.55,59.73,1.91,2.46,6.15,65.01,486.92,1350,486,276,99.6
2021-06-07,2021,6,7,0,158,23,2,0,0,5,Store_E,4,Food,Snacks,18.02,0,0,18.02,327,19.52,65.6,4.64,2.43,6.72,70.63,491.53,1369,447,330,117.36
2015-01-27,2015,1,27,1,27,5,1,0,0,3,Store_C,2,Clothing,Women,53.81,0,0,53.81,364,47.45,68.7,7.78,2.6,6.69,70.47,459.34,1404,417,337,73.93
2023-05-02,2023,5,2,1,122,18,2,0,0,5,Store_E,4,Food,Beverages,21.04,0,0,21.04,378,23.84,75.29,1.09,2.74,6.87,70.65,475.88,1339,575,364,127.09
2015-10-07,2015,10,7,2,280,41,4,0,0,3,Store_C,1,Electronics,Accessories,450.16,0,0,450.16,351,422.0,35.88,5.2,2.38,7.07,50.49,483.0,921,510,356,31.17
2010-05-14,2010,5,14,4,134,19,2,0,0,4,Store_D,5,Sports,Apparel,84.65,15,1,71.95,69,71.23,74.92,0.49,2.7,5.99,77.34,690.73,1819,537,209,77.62
2012-07-17,2012,7,17,1,199,29,3,0,0,3,Store_C,4,Food,Beverages,20.35,0,0,20.35,351,19.5,59.29,2.86,3.23,6.44,60.61,451.94,870,449,291,63.14
2012-04-03,2012,4,3,1,94,14,2,0,0,1,Store_A,5,Sports,Accessories,77.41,0,0,77.41,212,72.13,78.19,4.15,3.32,6.62,71.06,402.43,1623,491,289,62.61
2022-06-10,2022,6,10,4,161,23,2,0,0,1,Store_A,4,Food,Snacks,20.52,15,1,17.44,498,16.9,63.49,15.07,3.18,6.82,68.36,853.5,1529,626,331,136.21
2014-03-12,2014,3,12,2,71,11,1,0,0,2,Store_B,1,Electronics,Tablets,482.89,0,0,482.89,109,452.69,89.14,7.51,2.85,6.81,76.38,423.18,1259,509,302,45.15
2013-04-29,2013,4,29,0,119,18,2,0,0,4,Store_D,1,Electronics,Laptops,505.4,0,0,505.4,271,429.67,69.79,10.39,2.98,6.94,71.11,453.21,1456,491,283,52.08
2011-05-20,2011,5,20,4,140,20,2,0,0,1,Store_A,5,Sports,Apparel,85.7,5,1,81.42,432,89.29,78.6,3.6,2.48,5.9,72.68,820.51,1530,594,389,65.6
2021-09-25,2021,9,25,5,268,38,3,1,0,5,Store_E,4,Food,Fresh,18.75,0,0,18.75,136,18.31,44.96,0.76,2.89,7.07,53.61,446.18,825,589,511,107.09
2015-06-20,2015,6,20,5,171,25,2,1,0,4,Store_D,1,Electronics,Phones,459.45,0,0,459.45,265,477.48,70.85,0.24,2.63,7.06,69.64,412.22,1084,512,457,51.17
2018-05-31,2018,5,31,3,151,22,2,0,0,1,Store_A,3,Home_Goods,Decor,156.57,0,0,156.57,432,137.99,76.11,3.71,2.12,5.96,66.3,455.6,1207,468,350,51.6
2015-05-13,2015,5,13,2,133,20,2,0,0,2,Store_B,3,Home_Goods,Kitchen,159.7,0,0,159.7,412,159.83,61.92,0.59,2.01,6.69,69.88,449.02,1443,457,272,60.26
2013-10-16,2013,10,16,2,289,42,4,0,0,1,Store_A,1,Electronics,Tablets,517.06,0,0,517.06,117,497.27,35.35,0.11,3.23,6.77,56.5,478.44,996,527,299,30.7
2012-06-13,2012,6,13,2,165,24,2,0,0,3,Store_C,2,Clothing,Women,52.92,0,0,52.92,253,54.31,69.17,2.75,3.4,6.19,71.42,405.77,1329,491,264,64.57
2011-04-01,2011,4,1,4,91,13,2,0,0,5,Store_E,1,Electronics,Laptops,530.35,0,0,530.35,358,520.3,70.63,0.08,2.85,6.0,72.23,488.72,1455,495,275,55.84
2023-05-12,2023,5,12,4,132,19,2,0,0,3,Store_C,5,Sports,Footwear,79.8,0,0,79.8,463,75.58,76.61,1.7,2.82,6.66,76.89,403.15,1399,472,265,74.17
2020-02-27,2020,2,27,3,58,9,1,0,0,1,Store_A,5,Sports,Apparel,80.3,0,0,80.3,155,69.36,77.17,0.16,2.86,6.49,73.77,597.35,1486,504,308,68.39
2022-08-24,2022,8,24,2,236,34,3,0,0,2,Store_B,4,Food,Fresh,21.13,0,0,21.13,130,18.79,41.38,5.53,2.97,7.03,54.87,420.77,1065,471,256,93.12
2021-09-08,2021,9,8,2,251,36,3,0,0,1,Store_A,1,Electronics,Phones,466.6,0,0,466.6,139,453.62,48.4,2.88,2.99,6.99,56.27,425.42,1032,475,313,36.7
2019-08-24,2019,8,24,5,236,34,3,1,0,5,Store_E,2,Clothing,Kids,48.73,0,0,48.73,176,49.17,44.55,2.37,2.73,6.12,60.44,513.61,1249,490,359,87.73
2021-04-27,2021,4,27,1,117,17,2,0,0,3,Store_C,1,Electronics,Tablets,533.47,0,0,533.47,392,594.28,79.12,8.88,2.65,6.95,77.06,450.2,1629,527,198,68.19
2019-11-12,2019,11,12,1,316,46,4,0,0,3,Store_C,5,Sports,Equipment,86.85,0,0,86.85,167,92.99,35.29,8.92,2.2,6.19,55.89,422.6,1154,503,292,41.0
2011-12-15,2011,12,15,3,349,50,4,0,0,1,Store_A,2,Clothing,Kids,48.17,0,0,48.17,469,43.02,48.25,2.96,2.35,6.27,64.03,543.93,1222,481,282,68.73
2021-06-18,2021,6,18,4,169,24,2,0,0,5,Store_E,3,Home_Goods,Kitchen,138.54,0,0,138.54,315,138.24,68.84,4.02,3.22,6.98,66.45,454.01,1322,460,216,58.59
2016-01-24,2016,1,24,6,24,3,1,1,0,5,Store_E,3,Home_Goods,Bedding,136.57,0,0,136.57,395,132.13,72.01,3.91,2.68,6.85,72.04,593.74,1307,527,549,58.06
2018-01-02,2018,1,2,1,2,1,1,0,0,1,Store_A,1,Electronics,Accessories,494.57,5,1,469.84,322,428.16,59.37,13.9,2.04,6.01,66.84,699.73,1315,580,292,47.16
2014-12-16,2014,12,16,1,350,51,4,0,0,4,Store_D,1,Electronics,Phones,544.51,0,0,544.51,186,593.52,55.23,3.83,2.98,7.15,64.45,498.64,1078,582,352,53.82
2019-07-19,2019,7,19,4,200,29,3,0,0,5,Store_E,2,Clothing,Accessories,49.09,0,0,49.09,176,48.01,56.37,2.58,1.92,6.09,61.83,465.81,1032,465,256,57.9
2018-08-08,2018,8,8,2,220,32,3,0,0,1,Store_A,4,Food,Beverages,18.47,0,0,18.47,421,15.96,52.27,6.16,1.74,6.06,60.96,487.95,1210,459,362,90.3
2015-01-02,2015,1,2,4,2,1,1,0,0,2,Store_B,4,Food,Snacks,20.82,0,0,20.82,374,18.63,68.67,1.58,2.33,7.08,61.63,437.54,1301,531,247,93.02
2013-03-01,2013,3,1,4,60,9,1,0,0,5,Store_E,3,Home_Goods,Bedding,138.32,0,0,138.32,435,138.51,78.09,4.43,2.99,6.94,69.36,563.9,1487,520,283,58.4
2013-08-17,2013,8,17,5,229,33,3,1,0,2,Store_B,2,Clothing,Men,54.9,0,0,54.9,312,57.92,56.44,10.46,3.07,7.12,56.11,431.78,1176,541,520,57.44
2021-10-22,2021,10,22,4,295,42,4,0,0,1,Store_A,5,Sports,Footwear,79.2,0,0,79.2,467,77.66,36.11,1.3,3.07,6.58,53.89,480.89,1144,472,288,56.87
2011-05-26,2011,5,26,3,146,21,2,0,0,2,Store_B,2,Clothing,Women,45.2,0,0,45.2,373,44.62,76.15,6.39,2.5,6.31,69.33,463.37,1288,518,274,59.59
2014-08-08,2014,8,8,4,220,32,3,0,0,4,Store_D,5,Sports,Apparel,74.69,0,0,74.69,404,83.05,44.03,4.9,3.02,7.21,61.61,441.43,1074,556,311,27.79
2011-05-15,2011,5,15,6,135,19,2,1,0,3,Store_C,3,Home_Goods,Decor,154.0,0,0,154.0,177,167.23,77.37,1.91,2.82,6.28,69.05,551.68,1288,543,515,51.74
2022-06-03,2022,6,3,4,154,22,2,0,0,1,Store_A,5,Sports,Footwear,87.96,0,0,87.96,383,89.63,74.32,3.21,3.06,7.01,73.04,518.04,1166,517,267,88.76
2015-01-31,2015,1,31,5,31,5,1,1,0,1,Store_A,3,Home_Goods,Decor,143.41,0,0,143.41,366,158.16,68.02,1.86,2.18,6.92,67.02,511.46,1468,488,379,64.29
2013-10-20,2013,10,20,6,293,42,4,1,0,5,Store_E,5,Sports,Equipment,76.06,0,0,76.06,413,75.73,48.85,2.5,3.05,7.14,48.26,478.88,988,477,474,39.16
2020-03-08,2020,3,8,6,68,10,1,1,0,1,Store_A,5,Sports,Equipment,74.2,0,0,74.2,236,80.69,77.22,0.77,2.81,6.57,76.89,500.96,1497,407,400,63.41
2016-07-14,2016,7,14,3,196,28,3,0,0,2,Store_B,3,Home_Goods,Decor,135.51,0,0,135.51,233,124.55,59.35,1.43,1.95,6.69,55.95,404.37,1160,562,256,22.26
2018-11-11,2018,11,11,6,315,45,4,1,0,3,Store_C,2,Clothing,Accessories,52.1,0,0,52.1,494,45.83,45.86,1.06,2.43,6.16,53.45,463.72,1187,534,400,60.84
2014-03-21,2014,3,21,4,80,12,1,0,0,2,Store_B,1,Electronics,Accessories,546.87,0,0,546.87,115,571.74,86.38,2.01,2.48,7.24,78.52,561.31,1493,455,359,45.61
2013-05-02,2013,5,2,3,122,18,2,0,0,4,Store_D,2,Clothing,Women,53.81,0,0,53.81,396,61.4,73.68,4.15,3.25,6.8,65.97,471.03,1502,440,321,78.77
2017-05-05,2017,5,5,4,125,18,2,0,0,3,Store_C,3,Home_Goods,Kitchen,152.28,0,0,152.28,353,153.76,85.4,2.51,1.85,6.14,76.3,507.2,1657,493,336,56.82
2018-03-13,2018,3,13,1,72,11,1,0,0,5,Store_E,4,Food,Snacks,21.64,0,0,21.64,131,20.2,80.35,2.5,2.3,5.69,76.94,428.26,1410,525,275,105.49
2013-04-06,2013,4,6,5,96,14,2,1,0,3,Store_C,2,Clothing,Men,54.04,0,0,54.04,465,52.96,81.06,1.42,3.12,6.74,72.99,452.71,1495,440,436,81.74
2014-03-23,2014,3,23,6,82,12,1,1,0,3,Store_C,4,Food,Snacks,19.46,0,0,19.46,432,18.61,75.75,6.11,2.9,6.66,73.16,561.38,1308,355,406,132.36
2019-01-15,2019,1,15,1,15,3,1,0,0,4,Store_D,3,Home_Goods,Bedding,164.73,5,1,156.49,494,151.63,71.35,3.42,2.11,6.08,66.91,736.26,1441,656,187,65.65
2019-02-07,2019,2,7,3,38,6,1,0,0,1,Store_A,5,Sports,Apparel,87.33,0,0,87.33,346,89.42,74.51,3.47,2.29,6.09,67.9,431.07,1347,508,248,71.47
2016-12-14,2016,12,14,2,349,50,4,0,0,1,Store_A,3,Home_Goods,Bedding,151.49,0,0,151.49,291,172.53,48.44,2.74,1.94,6.4,61.48,441.59,1043,531,262,38.04
2012-08-11,2012,8,11,5,224,32,3,1,0,3,Store_C,1,Electronics,Phones,454.6,0,0,454.6,205,485.18,48.48,24.29,2.46,6.41,60.84,460.21,846,478,520,24.56
2021-11-09,2021,11,9,1,313,45,4,0,0,2,Store_B,4,Food,Snacks,20.35,0,0,20.35,459,21.36,41.51,5.27,2.68,7.19,61.35,595.64,1099,542,276,96.9
2012-01-03,2012,1,3,1,3,1,1,0,0,2,Store_B,4,Food,Snacks,20.0,0,0,20.0,77,17.86,59.1,4.47,3.18,6.93,70.78,544.67,1129,449,279,89.98
2013-03-02,2013,3,2,5,61,9,1,1,0,1,Store_A,1,Electronics,Phones,485.54,0,0,485.54,419,554.18,72.57,1.79,3.19,6.66,75.27,418.68,1498,424,408,57.99
2019-01-08,2019,1,8,1,8,2,1,0,0,1,Store_A,1,Electronics,Accessories,542.22,0,0,542.22,417,483.93,56.37,2.26,2.63,5.88,67.98,429.09,1098,487,327,52.95
2018-03-02,2018,3,2,4,61,9,1,0,0,3,Store_C,4,Food,Packaged,19.56,0,0,19.56,386,18.58,85.31,8.3,2.39,6.09,80.53,560.24,1559,460,246,116.05
2015-11-27,2015,11,27,4,331,48,4,0,1,1,Store_A,2,Clothing,Men,53.9,5,1,51.21,246,58.45,45.34,11.93,2.17,6.81,60.31,827.92,1354,605,497,81.78
2012-11-28,2012,11,28,2,333,48,4,0,1,5,Store_E,4,Food,Fresh,20.99,10,1,18.89,335,17.46,52.56,0.09,3.36,6.46,67.15,658.81,1260,509,553,116.21
2017-03-01,2017,3,1,2,60,9,1,0,0,4,Store_D,2,Clothing,Accessories,49.19,0,0,49.19,176,44.32,81.55,0.08,1.94,6.51,70.67,598.21,1380,506,328,76.53
2013-03-13,2013,3,13,2,72,11,1,0,0,3,Store_C,2,Clothing,Men,50.26,0,0,50.26,312,50.32,88.59,1.09,2.9,7.1,69.43,443.29,1383,503,361,67.98
2018-10-28,2018,10,28,6,301,43,4,1,0,3,Store_C,1,Electronics,Tablets,453.01,0,0,453.01,337,425.51,40.59,1.42,1.55,5.82,60.39,556.16,884,575,387,42.24
2019-12-16,2019,12,16,0,350,51,4,0,0,3,Store_C,3,Home_Goods,Bedding,164.0,0,0,164.0,236,180.33,43.88,12.96,2.63,6.23,66.92,575.96,1271,503,307,51.87
2018-01-17,2018,1,17,2,17,3,1,0,0,1,Store_A,2,Clothing,Accessories,54.44,0,0,54.44,229,46.82,60.25,5.44,1.65,5.85,68.4,553.15,1436,516,180,81.63
2022-04-19,2022,4,19,1,109,16,2,0,0,5,Store_E,1,Electronics,Phones,476.51,0,0,476.51,111,509.15,74.79,5.81,2.93,7.17,71.2,435.05,1479,491,255,66.85
2018-08-07,2018,8,7,1,219,32,3,0,0,3,Store_C,2,Clothing,Women,45.13,0,0,45.13,434,39.66,51.9,1.74,1.74,5.91,63.53,559.21,1079,505,221,55.75
2010-05-24,2010,5,24,0,144,21,2,0,0,4,Store_D,4,Food,Fresh,20.73,0,0,20.73,114,23.16,67.91,0.3,2.08,6.01,68.15,453.52,1197,443,289,68.9
2019-10-18,2019,10,18,4,291,42,4,0,0,1,Store_A,5,Sports,Accessories,78.87,0,0,78.87,368,69.83,39.77,1.11,2.07,6.18,55.4,573.71,1006,462,332,56.39
2017-08-14,2017,8,14,0,226,33,3,0,0,1,Store_A,5,Sports,Equipment,86.14,0,0,86.14,168,85.97,47.99,10.39,2.19,6.36,59.79,424.07,1078,478,350,47.22
2011-12-19,2011,12,19,0,353,51,4,0,0,4,Store_D,2,Clothing,Women,54.01,0,0,54.01,108,59.75,50.34,7.83,3.01,5.86,64.39,495.74,1306,487,363,56.67
2014-12-25,2014,12,25,3,359,52,4,0,1,4,Store_D,3,Home_Goods,Bedding,152.3,10,1,137.07,271,126.04,56.98,3.92,3.01,7.04,64.62,791.39,1356,627,429,73.65
2016-11-07,2016,11,7,0,312,45,4,0,0,4,Store_D,5,Sports,Accessories,81.13,0,0,81.13,390,77.1,47.86,6.92,2.01,6.55,55.59,504.12,1133,469,262,53.95
2021-12-09,2021,12,9,3,343,49,4,0,0,3,Store_C,4,Food,Fresh,20.51,0,0,20.51,211,17.61,63.82,3.19,2.88,6.78,55.62,478.64,1100,616,291,98.9
2021-06-03,2021,6,3,3,154,22,2,0,0,5,Store_E,1,Electronics,Laptops,504.07,0,0,504.07,114,463.89,64.02,5.96,2.82,6.92,65.77,565.56,1527,497,206,50.7
2011-01-31,2011,1,31,0,31,5,1,0,0,3,Store_C,3,Home_Goods,Furniture,154.37,0,0,154.37,459,134.74,65.37,6.31,2.95,5.95,72.4,453.93,1214,580,331,36.53
2023-03-30,2023,3,30,3,89,13,1,0,0,1,Store_A,5,Sports,Accessories,79.95,0,0,79.95,378,87.96,85.52,3.97,3.32,6.8,75.98,572.38,1719,519,295,87.44
2022-04-20,2022,4,20,2,110,16,2,0,0,3,Store_C,5,Sports,Footwear,83.35,5,1,79.18,308,83.84,74.89,4.36,3.12,6.8,69.73,707.97,1412,631,173,86.52
2013-09-27,2013,9,27,4,270,39,3,0,0,2,Store_B,2,Clothing,Accessories,50.9,0,0,50.9,375,47.54,36.51,1.81,2.73,6.71,62.27,467.38,889,429,328,52.91
2022-06-25,2022,6,25,5,176,25,2,1,0,5,Store_E,1,Electronics,Phones,450.65,0,0,450.65,255,451.7,61.32,3.33,3.09,6.66,62.6,578.37,1323,502,495,57.15
2011-08-19,2011,8,19,4,231,33,3,0,0,5,Store_E,2,Clothing,Kids,45.42,0,0,45.42,301,48.23,40.68,6.13,2.77,5.87,57.44,403.13,972,492,287,40.72
2020-10-27,2020,10,27,1,301,44,4,0,0,1,Store_A,4,Food,Fresh,18.78,0,0,18.78,302,19.63,38.95,5.74,2.45,6.2,54.36,585.16,1084,507,279,91.88
2017-12-24,2017,12,24,6,358,51,4,1,0,1,Store_A,1,Electronics,Laptops,474.76,0,0,474.76,77,507.8,57.38,3.03,2.34,6.19,64.29,594.88,1378,414,456,63.77
2016-05-15,2016,5,15,6,136,19,2,1,0,1,Store_A,1,Electronics,Tablets,479.45,0,0,479.45,377,414.93,74.92,2.98,2.63,6.56,70.66,426.23,1328,488,414,64.99
2020-04-24,2020,4,24,4,115,17,2,0,0,4,Store_D,3,Home_Goods,Furniture,149.3,0,0,149.3,362,141.45,68.22,1.69,2.42,6.3,65.76,486.67,1573,512,262,58.5
2019-06-03,2019,6,3,0,154,23,2,0,0,4,Store_D,4,Food,Packaged,18.61,20,1,14.89,147,13.46,76.27,4.01,2.16,5.95,68.43,768.53,1634,634,283,127.9
2020-07-18,2020,7,18,5,200,29,3,1,0,5,Store_E,5,Sports,Footwear,74.7,0,0,74.7,86,83.88,50.87,13.75,2.44,6.7,70.66,403.04,1283,334,402,62.63
2021-04-25,2021,4,25,6,115,16,2,1,0,5,Store_E,2,Clothing,Men,52.58,0,0,52.58,369,49.59,68.22,5.17,2.85,6.93,77.12,435.64,1416,417,408,96.78
2022-07-28,2022,7,28,3,209,30,3,0,0,3,Store_C,2,Clothing,Women,48.8,0,0,48.8,93,44.64,53.06,2.97,2.96,7.06,64.48,402.98,1173,505,367,87.49
2015-11-14,2015,11,14,5,318,46,4,1,0,2,Store_B,3,Home_Goods,Decor,138.22,0,0,138.22,180,149.33,43.45,1.5,2.46,6.97,54.07,563.55,1050,486,430,38.35
2014-04-21,2014,4,21,0,111,17,2,0,0,4,Store_D,4,Food,Packaged,21.3,0,0,21.3,163,23.79,71.15,0.23,3.09,6.72,78.77,581.52,1551,450,268,113.43
2021-03-03,2021,3,3,2,62,9,1,0,0,2,Store_B,4,Food,Snacks,20.05,0,0,20.05,272,21.25,78.33,11.48,2.82,6.75,79.7,523.52,1550,549,343,121.72
2013-01-27,2013,1,27,6,27,4,1,1,0,2,Store_B,5,Sports,Apparel,73.66,0,0,73.66,462,69.73,66.58,0.25,2.95,7.02,65.22,516.84,1487,543,399,63.12
2017-08-18,2017,8,18,4,230,33,3,0,0,3,Store_C,4,Food,Snacks,21.52,0,0,21.52,281,19.3,43.01,13.86,1.83,5.79,62.89,512.76,866,581,302,87.26
2018-02-15,2018,2,15,3,46,7,1,0,0,5,Store_E,4,Food,Snacks,18.59,0,0,18.59,91,18.06,70.63,2.33,2.36,5.57,72.77,451.91,1439,487,336,105.26
2016-11-09,2016,11,9,2,314,45,4,0,0,1,Store_A,3,Home_Goods,Bedding,149.26,0,0,149.26,364,169.72,34.66,2.08,2.16,6.46,55.84,425.23,1184,521,350,33.73
2019-06-28,2019,6,28,4,179,26,2,0,0,4,Store_D,4,Food,Snacks,18.52,0,0,18.52,210,16.15,58.68,0.85,2.26,6.02,65.65,439.12,1226,523,281,108.75
2011-11-07,2011,11,7,0,311,45,4,0,0,3,Store_C,5,Sports,Footwear,75.74,0,0,75.74,208,73.19,40.18,0.16,2.75,6.03,62.39,510.44,924,522,176,11.14
2017-09-09,2017,9,9,5,252,36,3,1,0,1,Store_A,4,Food,Snacks,18.38,0,0,18.38,74,16.34,37.0,6.55,2.39,6.02,58.4,548.1,1125,455,441,86.06
2019-03-03,2019,3,3,6,62,9,1,1,0,4,Store_D,2,Clothing,Men,53.01,0,0,53.01,263,60.65,77.04,2.1,2.62,5.97,70.95,586.93,1350,518,454,91.9
2011-12-30,2011,12,30,4,364,52,4,0,0,4,Store_D,3,Home_Goods,Kitchen,147.87,0,0,147.87,233,136.92,58.92,6.34,2.98,5.84,67.2,530.71,1364,586,384,21.51
2011-02-17,2011,2,17,3,48,7,1,0,0,3,Store_C,5,Sports,Accessories,84.04,0,0,84.04,309,74.21,70.93,9.48,2.94,6.3,73.83,459.8,1490,439,285,62.96
2018-08-13,2018,8,13,0,225,33,3,0,0,5,Store_E,5,Sports,Footwear,78.09,0,0,78.09,330,71.56,52.29,0.93,2.13,5.78,59.1,512.64,1126,482,270,46.29
2014-02-25,2014,2,25,1,56,9,1,0,0,4,Store_D,1,Electronics,Laptops,539.3,0,0,539.3,151,489.12,79.45,0.84,3.46,6.79,72.82,442.96,1394,412,272,36.35
2012-04-05,2012,4,5,3,96,14,2,0,0,4,Store_D,4,Food,Beverages,21.56,0,0,21.56,426,22.93,84.26,8.83,3.03,6.79,70.8,504.45,1366,478,212,109.92
2018-12-12,2018,12,12,2,346,50,4,0,0,3,Store_C,3,Home_Goods,Decor,152.81,0,0,152.81,416,144.03,55.93,3.25,1.95,6.16,59.45,529.91,966,452,296,51.6
2020-11-18,2020,11,18,2,323,47,4,0,0,1,Store_A,5,Sports,Apparel,86.4,0,0,86.4,230,95.99,42.32,8.95,2.39,6.35,60.65,507.72,945,480,333,44.62
2011-09-09,2011,9,9,4,252,36,3,0,0,2,Store_B,5,Sports,Footwear,81.51,0,0,81.51,300,69.48,34.45,4.94,2.76,6.14,56.88,563.5,906,677,265,35.34
2010-04-25,2010,4,25,6,115,16,2,1,0,5,Store_E,2,Clothing,Accessories,54.97,0,0,54.97,108,49.4,78.52,3.75,2.42,6.12,75.15,415.88,1310,529,463,76.45
2011-02-22,2011,2,22,1,53,8,1,0,0,5,Store_E,2,Clothing,Kids,48.01,0,0,48.01,474,47.22,82.4,11.01,2.73,6.69,75.33,533.94,1435,523,285,72.73
2018-05-28,2018,5,28,0,148,22,2,0,0,2,Store_B,2,Clothing,Kids,52.0,0,0,52.0,196,53.57,71.34,4.47,2.04,5.9,69.36,521.45,1445,451,283,71.29
2014-06-14,2014,6,14,5,165,24,2,1,0,3,Store_C,3,Home_Goods,Furniture,136.76,5,1,129.92,51,131.49,66.67,1.6,2.68,6.98,69.04,860.42,1412,576,440,73.78
2023-07-22,2023,7,22,5,203,29,3,1,0,4,Store_D,1,Electronics,Accessories,511.86,0,0,511.86,478,563.65,45.69,0.74,2.98,7.35,65.2,422.06,1182,510,458,69.48
2021-06-17,2021,6,17,3,168,24,2,0,0,2,Store_B,5,Sports,Footwear,75.75,0,0,75.75,401,67.83,70.83,0.27,3.1,6.87,67.35,551.81,1331,466,308,69.31
2017-12-06,2017,12,6,2,340,49,4,0,0,1,Store_A,1,Electronics,Laptops,503.25,0,0,503.25,61,575.29,52.41,1.42,2.0,5.66,66.04,474.58,1257,529,342,37.75
2022-10-16,2022,10,16,6,289,41,4,1,0,2,Store_B,1,Electronics,Tablets,513.61,0,0,513.61,350,558.49,47.81,0.5,3.06,7.13,52.48,401.14,1050,507,430,57.49
2015-09-14,2015,9,14,0,257,38,3,0,0,4,Store_D,2,Clothing,Women,54.27,0,0,54.27,224,50.32,43.02,5.7,2.38,7.11,54.83,543.36,1267,504,268,39.45
2012-01-24,2012,1,24,1,24,4,1,0,0,3,Store_C,1,Electronics,Laptops,460.0,0,0,460.0,87,417.46,62.14,5.58,3.44,6.22,70.37,569.44,1497,498,311,42.06
2016-12-21,2016,12,21,2,356,51,4,0,0,2,Store_B,2,Clothing,Kids,46.12,0,0,46.12,392,52.62,59.96,1.39,2.04,6.47,69.88,487.08,1184,509,341,63.2
2020-11-13,2020,11,13,4,318,46,4,0,0,5,Store_E,5,Sports,Footwear,79.79,0,0,79.79,279,83.01,42.16,0.9,2.53,6.24,59.26,443.7,1235,483,311,49.28
2019-03-28,2019,3,28,3,87,13,1,0,0,3,Store_C,4,Food,Fresh,20.86,20,1,16.69,430,15.13,82.29,6.2,1.9,6.1,76.04,729.96,1557,621,209,135.76
2021-03-31,2021,3,31,2,90,13,1,0,0,4,Store_D,1,Electronics,Laptops,463.22,0,0,463.22,472,431.18,77.01,6.13,3.24,6.88,71.85,475.89,1358,519,319,80.7
2016-09-10,2016,9,10,5,254,36,3,1,0,5,Store_E,4,Food,Packaged,20.97,0,0,20.97,356,17.99,43.05,1.01,2.03,6.21,55.56,466.63,1060,448,380,81.11
2021-12-29,2021,12,29,2,363,52,4,0,0,3,Store_C,4,Food,Beverages,19.24,0,0,19.24,335,20.37,50.37,16.59,3.26,6.96,62.98,473.49,1163,524,326,105.51
2012-12-02,2012,12,2,6,337,48,4,1,0,2,Store_B,4,Food,Beverages,19.94,0,0,19.94,305,22.61,54.62,0.95,3.24,6.64,67.51,596.49,1252,577,441,94.72
2020-09-18,2020,9,18,4,262,38,3,0,0,5,Store_E,5,Sports,Equipment,86.01,10,1,77.41,163,71.3,36.24,1.21,2.61,6.61,50.59,765.67,1094,602,277,55.4
2019-07-31,2019,7,31,2,212,31,3,0,0,2,Store_B,4,Food,Fresh,21.91,0,0,21.91,429,22.39,46.49,7.41,2.49,6.11,61.36,563.46,1146,423,246,104.57
2017-07-01,2017,7,1,5,182,26,3,1,0,1,Store_A,4,Food,Snacks,20.67,0,0,20.67,442,19.14,63.3,2.53,1.96,6.52,71.43,516.63,1302,482,489,112.21
2020-12-14,2020,12,14,0,349,51,4,0,0,1,Store_A,4,Food,Snacks,20.43,0,0,20.43,467,17.38,54.2,0.62,2.32,6.39,63.83,531.53,1333,569,318,108.8
2014-04-18,2014,4,18,4,108,16,2,0,0,1,Store_A,1,Electronics,Laptops,472.78,0,0,472.78,489,422.71,77.7,1.74,2.91,7.2,78.04,560.08,1421,445,305,53.21
2016-08-24,2016,8,24,2,237,34,3,0,0,4,Store_D,1,Electronics,Phones,504.0,0,0,504.0,346,508.5,43.18,12.76,2.04,6.74,54.87,595.52,1099,458,220,33.86
2020-04-04,2020,4,4,5,95,14,2,1,0,2,Store_B,1,Electronics,Phones,498.23,0,0,498.23,154,430.12,97.47,8.27,2.34,6.49,72.87,405.97,1255,462,409,65.78
2022-09-14,2022,9,14,2,257,37,3,0,0,4,Store_D,4,Food,Snacks,21.79,0,0,21.79,292,22.46,44.44,2.92,3.41,6.7,55.07,416.74,1058,539,281,88.76
2014-08-15,2014,8,15,4,227,33,3,0,0,3,Store_C,3,Home_Goods,Furniture,137.17,0,0,137.17,446,135.09,50.98,2.65,2.5,6.84,58.47,424.65,972,429,201,26.23
2012-05-01,2012,5,1,1,122,18,2,0,0,2,Store_B,1,Electronics,Accessories,490.07,0,0,490.07,250,483.96,77.24,0.44,2.84,6.51,74.32,451.31,1320,505,282,57.39
2019-09-17,2019,9,17,1,260,38,3,0,0,2,Store_B,4,Food,Beverages,21.43,0,0,21.43,70,23.02,40.07,3.31,2.22,5.93,57.82,536.51,1012,458,347,86.62
2012-06-14,2012,6,14,3,166,24,2,0,0,4,Store_D,1,Electronics,Phones,474.38,0,0,474.38,197,507.02,72.86,4.3,2.6,6.43,66.36,468.22,1248,482,249,32.89
2022-07-29,2022,7,29,4,210,30,3,0,0,2,Store_B,4,Food,Beverages,19.63,0,0,19.63,181,17.1,48.67,6.75,3.05,7.31,62.69,446.76,1195,549,296,84.96
2010-12-02,2010,12,2,3,336,48,4,0,0,4,Store_D,3,Home_Goods,Bedding,158.19,0,0,158.19,335,159.14,48.96,7.58,2.51,5.77,55.01,561.87,1135,493,289,18.97
2017-10-10,2017,10,10,1,283,41,4,0,0,2,Store_B,4,Food,Fresh,21.23,5,1,20.17,115,18.51,41.25,0.56,2.23,5.87,52.23,724.96,1019,574,219,98.11
2018-06-15,2018,6,15,4,166,24,2,0,0,1,Store_A,5,Sports,Equipment,86.71,0,0,86.71,144,73.77,68.35,0.54,1.67,5.87,63.44,479.28,1444,540,350,53.81
2013-09-10,2013,9,10,1,253,37,3,0,0,5,Store_E,2,Clothing,Kids,54.15,10,1,48.74,139,50.66,36.7,1.21,2.9,6.76,52.44,862.95,1435,511,298,44.1
2012-10-12,2012,10,12,4,286,41,4,0,0,5,Store_E,5,Sports,Equipment,72.22,0,0,72.22,240,78.29,32.14,3.13,3.0,6.77,58.27,498.29,1163,474,310,26.82
2017-09-17,2017,9,17,6,260,37,3,1,0,3,Store_C,3,Home_Goods,Furniture,150.01,5,1,142.51,235,162.75,36.81,0.37,2.27,6.01,57.53,689.77,1270,564,404,35.46
2014-06-20,2014,6,20,4,171,25,2,0,0,1,Store_A,5,Sports,Accessories,83.0,0,0,83.0,481,74.09,75.57,1.03,3.0,6.99,69.88,423.01,1221,396,302,48.65
2016-10-25,2016,10,25,1,299,43,4,0,0,3,Store_C,2,Clothing,Women,51.92,0,0,51.92,377,53.69,42.52,4.43,2.5,6.36,55.29,485.71,1083,526,418,52.2
2020-03-19,2020,3,19,3,79,12,1,0,0,3,Store_C,3,Home_Goods,Kitchen,160.36,0,0,160.36,100,151.05,81.25,1.82,2.82,6.54,73.9,487.29,1322,373,320,39.62
2018-11-26,2018,11,26,0,330,48,4,0,1,1,Store_A,2,Clothing,Women,48.0,25,1,36.0,399,34.86,41.64,1.02,2.05,5.92,52.86,702.52,1062,635,512,114.56
2022-09-09,2022,9,9,4,252,36,3,0,0,5,Store_E,4,Food,Packaged,19.29,0,0,19.29,390,22.03,43.75,7.94,2.93,6.87,53.28,452.12,1019,459,229,85.64
2015-09-02,2015,9,2,2,245,36,3,0,0,3,Store_C,2,Clothing,Kids,49.43,0,0,49.43,70,52.15,42.28,0.69,2.76,6.82,54.94,417.37,1000,501,235,43.54
2022-03-11,2022,3,11,4,70,10,1,0,0,1,Store_A,1,Electronics,Phones,546.35,0,0,546.35,424,584.99,78.01,12.96,3.17,6.72,73.15,571.82,1499,538,288,81.57
2023-05-15,2023,5,15,0,135,20,2,0,0,4,Store_D,4,Food,Fresh,20.06,0,0,20.06,304,20.71,78.67,0.85,2.67,6.67,70.3,405.06,1168,447,288,110.54
2014-06-24,2014,6,24,1,175,26,2,0,0,3,Store_C,1,Electronics,Laptops,457.31,0,0,457.31,156,468.57,60.9,0.57,2.84,6.87,68.07,405.77,1296,465,366,46.07
2016-10-15,2016,10,15,5,289,41,4,1,0,3,Store_C,3,Home_Goods,Decor,147.29,0,0,147.29,373,152.78,40.15,2.4,2.24,6.45,54.37,478.91,1059,547,508,30.8
2016-03-15,2016,3,15,1,75,11,1,0,0,2,Store_B,5,Sports,Accessories,75.48,0,0,75.48,365,84.86,81.86,14.91,2.06,6.33,73.76,564.38,1376,534,405,55.82
2018-02-07,2018,2,7,2,38,6,1,0,0,5,Store_E,2,Clothing,Kids,48.16,15,1,40.94,299,38.19,68.22,1.29,1.98,5.87,74.92,781.41,1516,603,193,89.66
2022-12-15,2022,12,15,3,349,50,4,0,0,2,Store_B,3,Home_Goods,Decor,136.39,0,0,136.39,152,143.17,54.62,0.1,2.92,6.83,61.99,512.44,1179,401,294,49.5
2018-05-18,2018,5,18,4,138,20,2,0,0,4,Store_D,3,Home_Goods,Bedding,152.95,0,0,152.95,132,162.99,72.51,3.3,1.79,6.12,73.51,543.83,1349,440,335,42.63
2015-11-12,2015,11,12,3,316,46,4,0,0,4,Store_D,5,Sports,Apparel,82.43,0,0,82.43,414,76.78,52.68,1.35,2.2,6.79,62.64,571.32,1048,467,275,48.35
2018-07-16,2018,7,16,0,197,29,3,0,0,3,Store_C,4,Food,Fresh,18.27,0,0,18.27,426,19.06,56.91,3.55,2.04,5.64,63.39,419.92,1250,530,286,106.62
2022-12-09,2022,12,9,4,343,49,4,0,0,2,Store_B,2,Clothing,Women,45.45,0,0,45.45,262,42.66,53.35,4.15,2.9,7.15,58.83,406.04,1180,514,314,74.51
2021-01-28,2021,1,28,3,28,4,1,0,0,3,Store_C,3,Home_Goods,Kitchen,140.91,0,0,140.91,62,137.61,72.35,0.42,2.92,6.71,69.28,440.74,1365,533,287,52.64
2019-03-11,2019,3,11,0,70,11,1,0,0,4,Store_D,5,Sports,Accessories,83.14,0,0,83.14,262,92.69,82.57,1.77,2.04,6.46,74.71,478.75,1508,484,305,76.23
2017-07-07,2017,7,7,4,188,27,3,0,0,3,Store_C,3,Home_Goods,Furniture,155.38,0,0,155.38,422,135.66,57.86,0.55,1.84,5.93,60.24,553.89,1250,395,265,49.9
2019-08-08,2019,8,8,3,220,32,3,0,0,1,Store_A,1,Electronics,Phones,461.59,0,0,461.59,448,422.26,48.59,1.06,2.28,6.17,60.19,580.25,1131,517,199,44.49
2014-08-07,2014,8,7,3,219,32,3,0,0,2,Store_B,2,Clothing,Kids,46.37,0,0,46.37,475,51.72,43.74,4.77,2.59,7.01,54.67,481.41,1046,450,206,49.18
2021-08-20,2021,8,20,4,232,33,3,0,0,4,Store_D,1,Electronics,Accessories,478.12,0,0,478.12,396,507.98,41.93,3.79,2.84,6.75,60.97,527.91,1068,500,233,48.24
2018-08-14,2018,8,14,1,226,33,3,0,0,2,Store_B,5,Sports,Footwear,81.97,0,0,81.97,274,84.31,46.29,8.13,1.91,6.04,62.45,436.45,874,556,214,36.05
2016-04-13,2016,4,13,2,104,15,2,0,0,5,Store_E,4,Food,Snacks,21.54,0,0,21.54,251,18.38,79.4,23.84,2.28,6.49,74.81,571.81,1232,579,338,116.77
2011-08-04,2011,8,4,3,216,31,3,0,0,3,Store_C,4,Food,Beverages,19.97,0,0,19.97,389,17.24,47.91,5.34,2.84,6.16,55.62,452.3,1023,558,252,87.74
2014-01-10,2014,1,10,4,10,2,1,0,0,3,Store_C,2,Clothing,Men,45.54,0,0,45.54,152,44.74,61.39,10.31,2.34,6.82,62.06,403.75,1219,521,340,59.61
2021-02-22,2021,2,22,0,53,8,1,0,0,4,Store_D,1,Electronics,Tablets,483.65,20,1,386.92,145,354.38,76.85,2.68,2.88,6.74,77.45,837.63,1540,583,294,93.58
2019-02-26,2019,2,26,1,57,9,1,0,0,4,Store_D,3,Home_Goods,Furniture,138.36,0,0,138.36,493,141.71,71.45,4.28,1.75,6.5,78.16,498.32,1548,497,413,47.38
2022-07-20,2022,7,20,2,201,29,3,0,0,1,Store_A,2,Clothing,Women,53.84,0,0,53.84,420,51.68,56.71,10.59,2.74,6.87,59.52,579.99,1186,529,327,73.59
2020-01-21,2020,1,21,1,21,4,1,0,0,1,Store_A,1,Electronics,Accessories,540.59,0,0,540.59,160,592.79,68.06,5.65,2.11,6.66,67.91,471.8,1569,485,324,56.28
2011-07-14,2011,7,14,3,195,28,3,0,0,4,Store_D,3,Home_Goods,Kitchen,158.32,0,0,158.32,127,152.64,53.38,4.6,3.13,5.82,66.7,580.89,923,514,299,27.65
2017-10-20,2017,10,20,4,293,42,4,0,0,3,Store_C,4,Food,Snacks,20.49,0,0,20.49,97,19.57,42.08,7.22,1.72,5.95,53.19,560.49,1015,532,284,73.39
2011-05-28,2011,5,28,5,148,21,2,1,0,4,Store_D,1,Electronics,Phones,545.01,0,0,545.01,127,562.83,67.19,3.93,2.64,5.99,70.78,539.64,1264,523,539,50.86
2012-12-17,2012,12,17,0,352,51,4,0,0,2,Store_B,5,Sports,Equipment,75.9,0,0,75.9,260,78.93,51.66,3.07,2.79,6.22,64.69,460.14,1241,507,354,44.61
2014-07-23,2014,7,23,2,204,30,3,0,0,3,Store_C,2,Clothing,Women,49.57,15,1,42.14,94,37.37,50.3,2.67,2.5,7.15,63.41,731.35,1369,600,277,66.5
2012-10-09,2012,10,9,1,283,41,4,0,0,5,Store_E,4,Food,Snacks,19.09,0,0,19.09,472,17.02,29.4,7.63,2.7,6.36,49.74,454.95,965,505,322,70.5
2015-04-16,2015,4,16,3,106,16,2,0,0,5,Store_E,1,Electronics,Tablets,496.55,0,0,496.55,171,444.84,86.28,0.16,2.23,7.04,73.68,437.36,1354,496,306,66.15
2013-02-24,2013,2,24,6,55,8,1,1,0,4,Store_D,4,Food,Packaged,21.66,0,0,21.66,394,22.15,76.92,16.42,3.03,6.73,69.26,501.44,1358,430,381,116.72
2017-10-09,2017,10,9,0,282,41,4,0,0,5,Store_E,3,Home_Goods,Bedding,155.87,0,0,155.87,184,155.8,44.01,6.53,2.21,5.78,54.76,488.94,1236,550,331,23.02
2010-04-27,2010,4,27,1,117,17,2,0,0,3,Store_C,1,Electronics,Tablets,512.09,0,0,512.09,374,559.13,75.68,0.16,2.7,5.9,74.93,462.98,1459,449,288,45.37
2012-01-11,2012,1,11,2,11,2,1,0,0,2,Store_B,2,Clothing,Women,53.95,25,1,40.46,317,44.08,62.4,1.58,2.68,6.36,65.76,841.73,1491,539,257,80.07
2023-02-28,2023,2,28,1,59,9,1,0,0,5,Store_E,3,Home_Goods,Kitchen,145.92,0,0,145.92,222,139.25,84.96,4.73,3.13,6.63,74.94,501.18,1339,429,340,61.82
2020-01-24,2020,1,24,4,24,4,1,0,0,5,Store_E,5,Sports,Footwear,85.05,0,0,85.05,250,84.64,73.62,3.71,2.15,6.52,70.33,526.5,1147,510,227,74.13
2012-04-10,2012,4,10,1,101,15,2,0,0,2,Store_B,2,Clothing,Men,52.41,0,0,52.41,229,53.4,80.81,3.74,2.79,6.53,74.51,468.65,1589,448,255,71.85
2010-04-30,2010,4,30,4,120,17,2,0,0,4,Store_D,5,Sports,Equipment,73.09,0,0,73.09,314,62.4,68.17,4.56,2.41,5.79,70.6,548.64,1493,544,345,56.11
2023-04-16,2023,4,16,6,106,15,2,1,0,4,Store_D,1,Electronics,Accessories,511.83,0,0,511.83,242,459.98,85.64,4.92,3.22,6.82,76.53,511.02,1441,487,450,93.55
2022-12-22,2022,12,22,3,356,51,4,0,0,2,Store_B,5,Sports,Accessories,72.03,0,0,72.03,126,81.37,52.64,6.37,2.9,6.45,64.02,555.56,1447,547,323,56.32
2011-09-28,2011,9,28,2,271,39,3,0,0,2,Store_B,5,Sports,Accessories,77.49,0,0,77.49,481,73.06,41.15,2.87,2.98,6.26,56.58,458.1,1080,490,369,27.92
2022-03-24,2022,3,24,3,83,12,1,0,0,3,Store_C,3,Home_Goods,Bedding,137.88,0,0,137.88,182,151.97,75.2,5.92,3.01,7.39,74.93,411.43,1276,513,352,73.92
2021-12-13,2021,12,13,0,347,50,4,0,0,3,Store_C,5,Sports,Equipment,72.39,0,0,72.39,108,81.72,46.91,2.97,3.05,7.14,65.72,413.41,1191,393,343,37.5
2021-05-05,2021,5,5,2,125,18,2,0,0,4,Store_D,1,Electronics,Accessories,534.69,0,0,534.69,451,542.98,68.66,6.16,3.37,6.78,77.28,410.52,1444,472,350,73.85
2012-09-18,2012,9,18,1,262,38,3,0,0,2,Store_B,4,Food,Snacks,21.22,0,0,21.22,388,20.42,41.86,0.58,3.37,6.23,53.22,503.49,1033,558,343,74.8
2012-05-26,2012,5,26,5,147,21,2,1,0,3,Store_C,1,Electronics,Tablets,525.17,0,0,525.17,111,601.66,79.68,0.98,2.91,6.49,70.06,533.13,1480,500,359,49.29
2010-01-05,2010,1,5,1,5,1,1,0,0,3,Store_C,3,Home_Goods,Furniture,156.34,0,0,156.34,428,136.36,57.52,9.94,2.41,5.7,69.16,412.71,1112,440,340,43.76
2018-05-10,2018,5,10,3,130,19,2,0,0,1,Store_A,1,Electronics,Phones,503.67,0,0,503.67,391,507.45,78.05,1.98,1.72,6.25,71.99,462.21,1291,486,363,62.98
2018-07-22,2018,7,22,6,203,29,3,1,0,5,Store_E,2,Clothing,Women,46.88,0,0,46.88,262,47.36,63.69,0.01,2.43,6.21,61.28,466.51,1061,492,340,66.39
2017-04-14,2017,4,14,4,104,15,2,0,0,5,Store_E,1,Electronics,Tablets,476.05,10,1,428.45,157,424.17,73.83,1.74,2.48,6.34,74.66,802.46,1746,638,253,84.99
2016-10-27,2016,10,27,3,301,43,4,0,0,1,Store_A,1,Electronics,Laptops,497.52,0,0,497.52,194,443.05,38.69,1.63,2.57,6.53,57.53,537.38,1016,560,217,34.29
2020-07-21,2020,7,21,1,203,30,3,0,0,5,Store_E,5,Sports,Equipment,74.56,5,1,70.83,320,67.35,55.32,3.81,2.62,6.56,63.0,616.59,1419,627,362,61.6
2014-09-12,2014,9,12,4,255,37,3,0,0,3,Store_C,5,Sports,Accessories,85.13,0,0,85.13,357,83.6,38.14,2.93,3.09,7.23,55.46,531.12,1127,533,380,32.41
2013-02-22,2013,2,22,4,53,8,1,0,0,2,Store_B,1,Electronics,Tablets,502.87,0,0,502.87,262,512.27,73.88,1.39,2.75,7.12,73.87,551.88,1355,571,282,49.12
2018-12-06,2018,12,6,3,340,49,4,0,0,5,Store_E,2,Clothing,Accessories,48.88,0,0,48.88,317,47.5,57.61,3.25,2.09,5.8,58.2,414.38,1246,444,295,62.45
2011-07-29,2011,7,29,4,210,30,3,0,0,4,Store_D,2,Clothing,Accessories,50.55,0,0,50.55,150,47.58,55.24,5.91,2.93,6.18,61.42,552.92,1156,440,215,46.96
2020-04-27,2020,4,27,0,118,18,2,0,0,4,Store_D,3,Home_Goods,Bedding,163.93,0,0,163.93,366,184.4,73.16,2.04,2.84,6.4,73.82,598.28,1630,491,317,57.44
2020-03-25,2020,3,25,2,85,13,1,0,0,3,Store_C,3,Home_Goods,Decor,152.02,0,0,152.02,109,133.15,82.49,3.83,2.89,6.86,73.54,539.67,1320,478,285,63.72
2021-05-09,2021,5,9,6,129,18,2,1,0,1,Store_A,2,Clothing,Women,47.42,0,0,47.42,336,51.38,71.12,1.77,2.78,7.17,72.53,596.94,1405,507,413,94.07
2012-05-03,2012,5,3,3,124,18,2,0,0,1,Store_A,5,Sports,Equipment,72.6,0,0,72.6,191,72.3,81.34,2.79,3.24,6.52,70.27,476.29,1547,427,242,54.42
2015-06-06,2015,6,6,5,157,23,2,1,0,2,Store_B,2,Clothing,Accessories,49.44,0,0,49.44,354,51.47,72.23,2.1,2.04,6.95,75.1,585.9,1249,526,402,91.32
2017-08-06,2017,8,6,6,218,31,3,1,0,5,Store_E,5,Sports,Apparel,83.55,0,0,83.55,321,74.12,53.89,2.97,2.21,5.84,60.04,584.72,1077,464,381,57.05
2013-03-12,2013,3,12,1,71,11,1,0,0,2,Store_B,5,Sports,Apparel,86.43,0,0,86.43,50,98.99,76.3,0.55,2.45,7.17,75.52,439.14,1453,527,291,49.46
2012-08-29,2012,8,29,2,242,35,3,0,0,1,Store_A,4,Food,Snacks,19.68,0,0,19.68,402,18.14,38.66,17.72,2.89,6.29,57.07,470.56,1233,620,307,71.05
2017-05-25,2017,5,25,3,145,21,2,0,0,5,Store_E,1,Electronics,Tablets,471.21,0,0,471.21,258,485.75,69.07,4.81,2.08,5.46,66.72,464.37,1350,494,227,42.3
2022-04-23,2022,4,23,5,113,16,2,1,0,3,Store_C,5,Sports,Footwear,77.2,0,0,77.2,367,82.05,89.85,6.11,3.49,7.04,72.99,405.77,1301,563,432,86.32
2020-07-14,2020,7,14,1,196,29,3,0,0,1,Store_A,5,Sports,Equipment,72.56,0,0,72.56,310,82.84,65.59,0.24,2.49,6.38,63.63,556.05,1195,537,297,65.82
2016-06-26,2016,6,26,6,178,25,2,1,0,5,Store_E,4,Food,Fresh,20.21,0,0,20.21,352,17.86,61.52,2.13,2.6,6.83,65.87,403.66,1094,637,456,115.61
2021-04-08,2021,4,8,3,98,14,2,0,0,4,Store_D,4,Food,Beverages,21.91,0,0,21.91,287,22.05,76.83,1.51,3.08,6.83,70.56,514.55,1485,482,426,131.82
2021-04-24,2021,4,24,5,114,16,2,1,0,2,Store_B,3,Home_Goods,Furniture,162.22,0,0,162.22,276,150.72,87.81,19.46,2.96,6.73,72.4,423.41,1380,529,396,66.68
2018-01-29,2018,1,29,0,29,5,1,0,0,2,Store_B,3,Home_Goods,Furniture,142.77,0,0,142.77,169,158.45,70.8,0.71,1.35,6.1,70.05,549.88,1335,421,255,49.02
2011-06-09,2011,6,9,3,160,23,2,0,0,2,Store_B,5,Sports,Apparel,79.98,0,0,79.98,85,69.75,73.66,0.71,2.96,6.45,69.08,452.13,1254,451,404,55.63
2016-09-21,2016,9,21,2,265,38,3,0,0,1,Store_A,4,Food,Fresh,18.81,0,0,18.81,158,19.24,36.88,12.09,2.69,6.44,54.21,503.38,1037,533,310,81.91
2015-01-16,2015,1,16,4,16,3,1,0,0,1,Store_A,2,Clothing,Women,53.98,0,0,53.98,142,47.81,70.29,8.73,2.11,7.06,65.87,535.55,1407,482,409,66.94
2011-06-22,2011,6,22,2,173,25,2,0,0,5,Store_E,1,Electronics,Accessories,547.77,0,0,547.77,460,545.18,60.8,4.17,3.69,6.03,67.61,549.93,1298,465,296,33.46
2017-09-07,2017,9,7,3,250,36,3,0,0,2,Store_B,1,Electronics,Accessories,543.72,0,0,543.72,386,615.97,40.26,0.17,2.51,5.9,58.2,457.73,1049,481,262,45.96
2021-11-20,2021,11,20,5,324,46,4,1,0,3,Store_C,5,Sports,Equipment,73.94,10,1,66.55,411,75.23,34.98,3.88,2.24,7.01,56.42,792.31,1299,718,481,84.87
2018-09-11,2018,9,11,1,254,37,3,0,0,4,Store_D,3,Home_Goods,Furniture,144.47,0,0,144.47,410,149.21,41.08,6.83,2.73,6.03,51.44,533.94,1097,516,298,29.66
2012-02-24,2012,2,24,4,55,8,1,0,0,4,Store_D,5,Sports,Footwear,85.82,0,0,85.82,397,89.39,84.02,7.09,3.03,6.76,74.69,466.85,1423,545,309,68.1
2021-02-09,2021,2,9,1,40,6,1,0,0,4,Store_D,1,Electronics,Laptops,482.88,30,1,338.02,406,381.5,72.71,6.88,2.61,6.9,70.46,794.25,1575,607,259,119.8
2013-11-10,2013,11,10,6,314,45,4,1,0,4,Store_D,4,Food,Beverages,20.07,0,0,20.07,335,18.75,42.4,7.37,3.01,6.81,54.52,563.49,1077,494,391,95.33
2016-12-12,2016,12,12,0,347,50,4,0,0,2,Store_B,1,Electronics,Tablets,488.02,0,0,488.02,131,422.89,53.97,6.6,2.39,6.81,62.18,506.82,1297,557,222,39.84
2010-06-04,2010,6,4,4,155,22,2,0,0,3,Store_C,3,Home_Goods,Furniture,145.59,0,0,145.59,376,160.7,76.22,8.66,2.34,6.02,72.51,440.89,1225,448,278,38.48
2018-03-29,2018,3,29,3,88,13,1,0,0,1,Store_A,1,Electronics,Laptops,459.34,0,0,459.34,281,481.63,85.15,4.97,2.2,5.91,77.07,407.06,1331,572,334,68.43
2014-08-14,2014,8,14,3,226,33,3,0,0,1,Store_A,4,Food,Snacks,21.47,0,0,21.47,191,18.87,44.83,15.55,2.79,7.25,58.17,509.69,1142,458,276,84.44
2017-12-11,2017,12,11,0,345,50,4,0,0,5,Store_E,2,Clothing,Women,45.73,0,0,45.73,458,51.89,57.7,3.52,1.79,6.31,60.88,509.64,1267,583,313,83.9
2023-07-21,2023,7,21,4,202,29,3,0,0,2,Store_B,4,Food,Packaged,19.71,0,0,19.71,393,19.89,55.44,6.74,3.77,6.6,63.22,531.83,1241,605,273,96.56
2020-07-30,2020,7,30,3,212,31,3,0,0,5,Store_E,5,Sports,Accessories,83.23,0,0,83.23,238,80.44,53.99,5.73,2.39,6.66,64.56,415.05,1099,466,302,56.02
2017-06-26,2017,6,26,0,177,26,2,0,0,4,Store_D,1,Electronics,Laptops,480.2,0,0,480.2,131,461.22,62.47,2.25,1.91,6.25,66.45,516.6,1125,543,243,54.48
2015-03-11,2015,3,11,2,70,11,1,0,0,1,Store_A,2,Clothing,Accessories,47.01,0,0,47.01,170,45.51,76.46,5.02,2.1,7.03,69.92,456.71,1516,390,367,79.71
2011-07-24,2011,7,24,6,205,29,3,1,0,1,Store_A,5,Sports,Accessories,73.67,0,0,73.67,293,66.4,46.89,5.38,2.44,6.13,68.32,442.25,1226,389,396,44.1
2014-12-22,2014,12,22,0,356,52,4,0,0,3,Store_C,5,Sports,Footwear,85.99,0,0,85.99,159,78.04,50.77,7.2,3.32,6.96,62.67,511.69,1050,500,277,42.15
2015-08-28,2015,8,28,4,240,35,3,0,0,2,Store_B,4,Food,Snacks,20.82,0,0,20.82,53,21.64,44.99,3.63,2.54,6.96,55.94,413.8,976,442,309,76.59
2010-05-08,2010,5,8,5,128,18,2,1,0,4,Store_D,5,Sports,Apparel,85.63,0,0,85.63,478,79.86,81.13,2.96,2.3,6.11,74.53,571.51,1433,540,489,52.07
2019-04-18,2019,4,18,3,108,16,2,0,0,4,Store_D,2,Clothing,Women,53.88,0,0,53.88,314,58.82,74.09,4.64,2.71,6.12,73.97,470.26,1468,586,261,79.37
2019-02-10,2019,2,10,6,41,6,1,1,0,2,Store_B,3,Home_Goods,Bedding,147.97,10,1,133.18,86,149.51,76.32,1.78,2.19,6.05,70.59,673.74,1417,669,603,68.41
2023-08-27,2023,8,27,6,239,34,3,1,0,2,Store_B,3,Home_Goods,Decor,153.0,0,0,153.0,375,156.16,36.29,4.17,3.53,6.98,60.2,453.81,1042,536,429,56.9
2018-02-23,2018,2,23,4,54,8,1,0,0,1,Store_A,2,Clothing,Men,53.18,0,0,53.18,274,50.01,82.88,1.42,1.95,6.1,75.23,452.38,1403,510,270,79.97
2012-09-07,2012,9,7,4,251,36,3,0,0,5,Store_E,3,Home_Goods,Bedding,154.75,0,0,154.75,416,171.46,39.96,3.59,2.88,6.36,57.82,412.19,1209,522,340,13.82
2016-04-19,2016,4,19,1,110,16,2,0,0,2,Store_B,5,Sports,Footwear,76.07,0,0,76.07,151,83.26,87.98,5.66,2.15,6.42,70.26,425.55,1459,457,254,77.78
2010-07-10,2010,7,10,5,191,27,3,1,0,1,Store_A,4,Food,Snacks,18.62,0,0,18.62,241,17.5,54.65,1.48,2.39,6.27,60.13,412.51,1236,472,429,82.83
2013-02-13,2013,2,13,2,44,7,1,0,0,4,Store_D,2,Clothing,Men,52.98,0,0,52.98,346,50.64,77.02,14.15,2.98,6.76,70.46,432.68,1364,446,282,70.07
2011-12-01,2011,12,1,3,335,48,4,0,0,1,Store_A,5,Sports,Footwear,83.83,0,0,83.83,326,79.34,45.44,4.15,2.55,6.27,62.32,511.99,1025,533,220,30.92
2023-02-02,2023,2,2,3,33,5,1,0,0,5,Store_E,3,Home_Goods,Decor,151.76,0,0,151.76,121,147.9,63.87,0.5,3.32,6.82,67.06,514.53,1373,535,253,66.03
2011-08-30,2011,8,30,1,242,35,3,0,0,5,Store_E,3,Home_Goods,Furniture,140.6,0,0,140.6,433,156.47,34.07,1.31,2.7,6.13,56.72,485.17,1128,467,192,17.57
2021-09-16,2021,9,16,3,259,37,3,0,0,5,Store_E,5,Sports,Equipment,87.31,0,0,87.31,408,82.08,46.7,0.69,2.54,6.88,51.84,479.24,1206,460,323,49.7
2010-10-29,2010,10,29,4,302,43,4,0,0,4,Store_D,1,Electronics,Phones,525.18,0,0,525.18,240,503.48,45.02,3.07,2.76,5.98,54.26,493.8,1090,530,313,5.0
2019-05-14,2019,5,14,1,134,20,2,0,0,4,Store_D,4,Food,Beverages,20.27,0,0,20.27,94,22.18,79.88,4.67,1.56,6.18,73.85,426.14,1540,545,269,103.41
2023-03-14,2023,3,14,1,73,11,1,0,0,3,Store_C,2,Clothing,Men,54.89,0,0,54.89,388,47.54,84.21,1.01,2.61,6.79,72.53,522.5,1246,483,295,104.93
2012-11-26,2012,11,26,0,331,48,4,0,1,2,Store_B,5,Sports,Apparel,77.85,20,1,62.28,337,60.9,47.09,9.5,3.09,6.6,55.07,805.7,1313,640,611,75.18
2017-01-09,2017,1,9,0,9,2,1,0,0,3,Store_C,5,Sports,Apparel,77.27,0,0,77.27,356,74.03,51.34,7.61,1.72,6.14,65.96,431.77,1178,483,394,47.73
2023-09-04,2023,9,4,0,247,36,3,0,0,3,Store_C,5,Sports,Footwear,82.77,0,0,82.77,346,93.21,45.26,7.36,2.38,6.79,53.48,427.21,1081,529,286,51.11
2012-12-05,2012,12,5,2,340,49,4,0,0,1,Store_A,5,Sports,Apparel,86.64,0,0,86.64,264,79.85,55.74,1.42,3.17,6.67,62.62,471.72,1188,502,287,47.0
2016-11-29,2016,11,29,1,334,48,4,0,0,2,Store_B,4,Food,Fresh,21.4,0,0,21.4,148,23.51,48.74,1.0,1.79,6.47,64.45,431.92,1061,557,236,93.1
2016-01-15,2016,1,15,4,15,2,1,0,0,4,Store_D,4,Food,Beverages,20.95,0,0,20.95,123,20.23,59.15,10.07,2.03,6.45,67.25,455.73,1224,451,300,115.61
2013-05-28,2013,5,28,1,148,22,2,0,0,2,Store_B,5,Sports,Equipment,75.55,0,0,75.55,231,73.17,76.39,2.23,2.78,6.94,70.1,408.33,1306,578,293,56.76
2010-01-17,2010,1,17,6,17,2,1,1,0,2,Store_B,2,Clothing,Women,47.5,5,1,45.13,493,42.78,63.06,16.8,2.73,6.24,67.43,658.31,1553,563,444,75.38
2018-07-18,2018,7,18,2,199,29,3,0,0,3,Store_C,5,Sports,Accessories,74.24,0,0,74.24,278,77.4,61.51,10.32,1.2,6.0,61.53,525.35,1442,586,338,47.64
2022-09-17,2022,9,17,5,260,37,3,1,0,4,Store_D,2,Clothing,Accessories,53.83,0,0,53.83,488,60.94,45.38,5.72,2.71,6.98,53.99,558.74,965,463,497,88.21
2012-03-26,2012,3,26,0,86,13,1,0,0,5,Store_E,1,Electronics,Phones,539.16,0,0,539.16,350,490.99,90.58,3.69,3.18,6.23,74.11,497.64,1578,478,273,57.95
2018-05-26,2018,5,26,5,146,21,2,1,0,4,Store_D,3,Home_Goods,Bedding,160.08,0,0,160.08,331,160.13,70.33,0.24,1.81,5.79,71.14,494.62,1469,460,509,64.79
2023-02-06,2023,2,6,0,37,6,1,0,0,1,Store_A,5,Sports,Equipment,85.03,0,0,85.03,204,73.04,74.24,2.54,3.21,6.63,67.08,420.98,1412,536,215,86.62
2012-08-17,2012,8,17,4,230,33,3,0,0,1,Store_A,4,Food,Packaged,21.77,0,0,21.77,286,19.7,48.8,4.29,3.08,6.27,62.94,534.95,1067,378,280,77.72
2010-08-14,2010,8,14,5,226,32,3,1,0,1,Store_A,1,Electronics,Laptops,517.25,0,0,517.25,78,547.46,53.13,5.49,2.27,6.04,55.21,451.35,1057,566,483,38.04
2019-03-09,2019,3,9,5,68,10,1,1,0,4,Store_D,1,Electronics,Phones,535.33,0,0,535.33,171,581.77,74.34,7.71,2.32,5.99,75.94,551.39,1525,520,517,86.6
2016-10-21,2016,10,21,4,295,42,4,0,0,3,Store_C,2,Clothing,Accessories,49.9,0,0,49.9,184,52.16,48.53,0.3,2.2,6.44,55.57,444.17,1002,511,288,41.96
2011-07-17,2011,7,17,6,198,28,3,1,0,5,Store_E,5,Sports,Equipment,76.62,0,0,76.62,85,77.86,49.35,5.15,2.68,5.8,63.21,495.95,1116,532,401,33.01
2019-05-30,2019,5,30,3,150,22,2,0,0,3,Store_C,5,Sports,Accessories,78.0,0,0,78.0,109,70.28,80.03,3.09,1.9,5.86,70.84,413.41,1227,443,216,55.23
2014-08-21,2014,8,21,3,233,34,3,0,0,5,Store_E,1,Electronics,Tablets,466.34,0,0,466.34,227,472.35,48.05,17.81,3.51,7.11,59.19,503.47,1093,442,341,29.68
2012-11-11,2012,11,11,6,316,45,4,1,0,2,Store_B,1,Electronics,Laptops,530.43,0,0,530.43,312,500.91,43.27,2.85,2.76,6.34,55.42,401.23,1186,577,431,35.75
2019-06-09,2019,6,9,6,160,23,2,1,0,1,Store_A,2,Clothing,Kids,46.11,0,0,46.11,365,45.83,57.77,6.03,2.48,6.29,74.1,411.54,1262,590,436,99.9
2022-07-02,2022,7,2,5,183,26,3,1,0,3,Store_C,1,Electronics,Laptops,503.01,0,0,503.01,156,431.74,59.07,0.35,3.18,7.46,59.17,431.21,1217,542,575,72.86
2012-08-12,2012,8,12,6,225,32,3,1,0,4,Store_D,2,Clothing,Men,53.13,0,0,53.13,315,54.19,46.43,15.13,3.43,6.41,57.48,487.82,975,528,517,61.16
2023-08-26,2023,8,26,5,238,34,3,1,0,1,Store_A,3,Home_Goods,Decor,151.78,0,0,151.78,433,129.81,40.88,0.63,3.14,7.04,54.36,444.96,911,510,472,35.96
2017-06-28,2017,6,28,2,179,26,2,0,0,4,Store_D,1,Electronics,Laptops,541.78,0,0,541.78,205,533.72,52.36,3.95,2.0,6.05,62.91,542.65,1307,549,311,43.33
2023-06-05,2023,6,5,0,156,23,2,0,0,2,Store_B,3,Home_Goods,Decor,141.68,0,0,141.68,136,158.51,75.95,5.08,2.95,6.93,70.24,448.67,1366,540,381,76.7
2022-12-19,2022,12,19,0,353,51,4,0,0,5,Store_E,4,Food,Packaged,19.16,0,0,19.16,282,19.24,55.39,5.81,2.67,7.1,62.18,569.99,1180,504,214,119.13
2023-03-17,2023,3,17,4,76,11,1,0,0,5,Store_E,1,Electronics,Tablets,487.24,0,0,487.24,103,514.59,76.96,1.39,3.43,7.04,66.12,508.68,1441,499,193,69.05
2013-05-03,2013,5,3,4,123,18,2,0,0,5,Store_E,5,Sports,Footwear,84.06,0,0,84.06,291,82.91,74.81,3.2,2.85,6.93,74.38,549.57,1429,534,349,66.51
2014-03-08,2014,3,8,5,67,10,1,1,0,3,Store_C,4,Food,Snacks,21.33,0,0,21.33,55,21.89,86.7,1.87,3.34,7.4,69.95,534.25,1534,447,454,113.23
2020-12-01,2020,12,1,1,336,49,4,0,0,5,Store_E,4,Food,Fresh,21.0,0,0,21.0,474,18.56,45.59,9.67,1.98,6.79,63.4,527.29,1263,474,295,97.23
2013-07-24,2013,7,24,2,205,30,3,0,0,2,Store_B,3,Home_Goods,Decor,160.73,0,0,160.73,438,146.1,49.38,1.89,3.26,6.89,64.41,577.46,1036,450,263,33.74
2023-05-24,2023,5,24,2,144,21,2,0,0,5,Store_E,4,Food,Packaged,18.56,0,0,18.56,129,19.56,82.45,2.32,3.16,6.91,68.58,409.4,1320,540,299,114.98
2010-06-10,2010,6,10,3,161,23,2,0,0,5,Store_E,4,Food,Snacks,20.82,0,0,20.82,426,21.03,55.57,1.85,2.9,5.79,68.47,592.3,1410,484,329,102.24
2021-02-19,2021,2,19,4,50,7,1,0,0,5,Store_E,1,Electronics,Accessories,518.18,0,0,518.18,467,444.13,66.92,2.56,2.86,6.74,72.18,577.78,1390,376,312,68.47
2012-08-14,2012,8,14,1,227,33,3,0,0,4,Store_D,3,Home_Goods,Furniture,140.02,0,0,140.02,300,132.4,38.93,6.14,2.91,6.3,55.32,575.85,1218,425,296,15.13
2020-05-19,2020,5,19,1,140,21,2,0,0,4,Store_D,5,Sports,Apparel,83.83,0,0,83.83,162,73.43,74.78,3.95,2.14,6.73,72.46,562.45,1375,578,226,61.94
2018-11-09,2018,11,9,4,313,45,4,0,0,3,Store_C,3,Home_Goods,Furniture,149.84,0,0,149.84,95,170.85,43.0,1.62,2.24,6.04,56.64,423.72,917,558,275,24.42
2017-11-09,2017,11,9,3,313,45,4,0,0,4,Store_D,2,Clothing,Women,46.98,0,0,46.98,128,40.66,46.18,0.64,2.01,5.84,55.15,426.81,1106,542,211,42.41
2020-05-05,2020,5,5,1,126,19,2,0,0,3,Store_C,4,Food,Fresh,21.45,0,0,21.45,496,20.15,79.94,4.89,2.22,6.6,69.32,401.0,1421,460,233,116.54
2022-02-20,2022,2,20,6,51,7,1,1,0,5,Store_E,5,Sports,Accessories,82.26,0,0,82.26,400,73.18,80.58,2.05,2.82,6.96,75.19,461.96,1381,512,480,98.91
2018-02-09,2018,2,9,4,40,6,1,0,0,3,Store_C,1,Electronics,Phones,483.26,15,1,410.77,89,393.21,85.05,6.8,1.98,6.03,66.23,739.8,1507,591,347,81.56
2016-01-10,2016,1,10,6,10,1,1,1,0,3,Store_C,3,Home_Goods,Decor,142.05,0,0,142.05,375,138.93,64.45,9.29,2.12,6.52,69.41,540.68,1381,553,483,72.56
2010-04-09,2010,4,9,4,99,14,2,0,0,5,Store_E,4,Food,Snacks,19.9,5,1,18.9,209,20.31,82.51,0.69,2.82,6.11,74.28,667.38,1427,501,402,95.13
2017-01-01,2017,1,1,6,1,52,1,1,1,4,Store_D,1,Electronics,Laptops,501.57,15,1,426.33,321,449.51,62.15,3.18,1.98,6.45,68.86,627.3,1294,611,732,102.02
2018-09-19,2018,9,19,2,262,38,3,0,0,4,Store_D,4,Food,Beverages,20.8,25,1,15.6,347,14.14,37.17,0.23,1.91,5.67,54.05,676.86,1140,523,342,118.05
2010-09-11,2010,9,11,5,254,36,3,1,0,5,Store_E,5,Sports,Equipment,74.21,0,0,74.21,359,73.64,46.53,3.78,2.46,5.51,52.96,563.52,1008,520,460,41.54
2020-09-28,2020,9,28,0,272,40,3,0,0,5,Store_E,5,Sports,Accessories,81.51,0,0,81.51,156,87.14,39.15,7.02,2.68,6.49,55.47,458.0,998,575,350,22.71
2021-07-01,2021,7,1,3,182,26,3,0,0,5,Store_E,4,Food,Beverages,20.48,0,0,20.48,193,19.66,71.16,5.07,2.68,6.85,61.14,451.82,1226,543,246,101.71
2013-12-16,2013,12,16,0,350,51,4,0,0,3,Store_C,1,Electronics,Phones,528.56,0,0,528.56,111,578.53,61.13,0.97,2.35,6.9,63.88,571.77,1256,394,278,43.72
2014-07-07,2014,7,7,0,188,28,3,0,0,1,Store_A,5,Sports,Footwear,86.57,0,0,86.57,477,74.32,51.19,4.67,2.6,7.0,65.08,485.14,1347,471,213,43.02
2022-10-27,2022,10,27,3,300,43,4,0,0,1,Store_A,2,Clothing,Accessories,52.82,10,1,47.54,344,49.81,35.1,5.63,2.51,7.18,49.52,634.57,1304,613,279,53.75
2022-12-07,2022,12,7,2,341,49,4,0,0,3,Store_C,5,Sports,Equipment,82.31,0,0,82.31,450,89.97,57.51,2.86,2.52,7.05,58.77,517.5,1246,474,296,54.73
2020-12-05,2020,12,5,5,340,49,4,1,0,3,Store_C,1,Electronics,Accessories,454.19,0,0,454.19,321,415.56,53.37,5.84,2.68,6.78,64.66,490.68,1032,452,425,38.86
2014-08-24,2014,8,24,6,236,34,3,1,0,1,Store_A,3,Home_Goods,Decor,151.43,0,0,151.43,212,165.76,43.28,4.07,2.72,6.8,60.29,418.67,1155,463,375,21.2
2018-09-27,2018,9,27,3,270,39,3,0,0,4,Store_D,4,Food,Packaged,21.43,0,0,21.43,161,23.07,39.61,2.09,2.04,6.03,57.41,582.1,1192,429,269,79.91
2022-04-27,2022,4,27,2,117,17,2,0,0,2,Store_B,1,Electronics,Tablets,537.93,0,0,537.93,308,488.58,77.31,20.31,2.57,7.09,66.15,559.67,1378,405,238,65.2
2013-02-28,2013,2,28,3,59,9,1,0,0,3,Store_C,5,Sports,Footwear,75.07,0,0,75.07,464,72.2,74.8,1.11,3.72,6.89,70.67,416.0,1485,515,244,59.47
2016-03-05,2016,3,5,5,65,9,1,1,0,2,Store_B,4,Food,Fresh,18.12,0,0,18.12,129,16.44,78.8,11.45,1.86,6.34,75.22,423.22,1388,544,458,117.98
2014-08-10,2014,8,10,6,222,32,3,1,0,4,Store_D,3,Home_Goods,Bedding,155.32,0,0,155.32,179,166.27,53.98,0.4,3.02,6.95,55.38,431.48,1114,555,418,33.69
2018-09-06,2018,9,6,3,249,36,3,0,0,4,Store_D,2,Clothing,Kids,50.4,0,0,50.4,174,48.57,41.3,1.91,1.59,6.24,49.79,455.69,969,593,340,52.07
2015-08-19,2015,8,19,2,231,34,3,0,0,4,Store_D,4,Food,Fresh,18.53,0,0,18.53,397,18.37,38.56,2.92,2.52,6.79,58.8,496.86,1018,511,360,85.96
2021-03-14,2021,3,14,6,73,10,1,1,0,3,Store_C,5,Sports,Equipment,76.03,0,0,76.03,492,79.47,74.84,16.13,2.64,6.82,72.44,523.11,1423,509,398,82.87
2018-07-06,2018,7,6,4,187,27,3,0,0,5,Store_E,1,Electronics,Laptops,540.61,0,0,540.61,378,543.2,50.04,2.66,2.57,6.02,64.73,541.45,1302,496,331,57.76
2022-06-15,2022,6,15,2,166,24,2,0,0,5,Store_E,4,Food,Snacks,18.33,0,0,18.33,374,16.9,70.91,1.72,2.79,6.7,67.61,502.56,1251,497,269,113.79
2020-03-12,2020,3,12,3,72,11,1,0,0,1,Store_A,5,Sports,Footwear,87.0,15,1,73.95,318,81.37,71.37,5.79,2.51,6.43,77.06,621.32,1525,628,290,81.11
2015-08-12,2015,8,12,2,224,33,3,0,0,5,Store_E,3,Home_Goods,Decor,159.01,0,0,159.01,482,152.58,46.9,4.58,2.8,6.8,57.71,482.64,1068,528,347,35.35
2019-12-23,2019,12,23,0,357,52,4,0,0,3,Store_C,5,Sports,Footwear,84.22,0,0,84.22,53,83.42,63.36,1.96,2.51,6.12,57.55,508.38,1348,577,227,43.91
2023-06-29,2023,6,29,3,180,26,2,0,0,5,Store_E,3,Home_Goods,Decor,160.57,0,0,160.57,224,149.67,59.74,2.84,2.93,6.68,72.38,467.6,1037,474,278,59.92
2011-09-16,2011,9,16,4,259,37,3,0,0,2,Store_B,5,Sports,Accessories,73.96,0,0,73.96,234,70.35,45.81,1.04,2.28,6.17,55.76,504.11,975,569,211,30.39
2010-09-20,2010,9,20,0,263,38,3,0,0,5,Store_E,4,Food,Snacks,21.71,0,0,21.71,139,22.33,38.13,0.71,2.85,5.88,53.04,459.98,1151,583,250,77.2
2019-03-24,2019,3,24,6,83,12,1,1,0,5,Store_E,2,Clothing,Accessories,53.91,0,0,53.91,240,54.95,77.82,1.07,2.18,5.95,81.27,482.77,1411,463,409,96.7
2021-02-13,2021,2,13,5,44,6,1,1,0,1,Store_A,1,Electronics,Tablets,506.62,0,0,506.62,292,536.05,73.38,7.16,2.16,6.93,72.15,557.05,1594,476,410,78.07
2014-12-08,2014,12,8,0,342,50,4,0,0,1,Store_A,1,Electronics,Tablets,468.18,0,0,468.18,469,469.16,58.82,10.96,2.35,7.19,67.04,513.85,1319,499,355,42.14
2022-12-20,2022,12,20,1,354,51,4,0,0,5,Store_E,3,Home_Goods,Furniture,151.63,0,0,151.63,117,142.75,53.63,2.37,2.84,6.93,61.96,509.42,1202,495,290,55.77
2023-09-02,2023,9,2,5,245,35,3,1,0,5,Store_E,2,Clothing,Men,49.03,0,0,49.03,119,47.28,39.8,2.07,2.93,6.93,57.01,424.78,1095,510,485,69.39
2016-07-13,2016,7,13,2,195,28,3,0,0,5,Store_E,4,Food,Snacks,18.37,0,0,18.37,188,19.08,49.71,32.22,2.36,6.64,62.06,589.66,1198,482,203,99.18
2015-05-14,2015,5,14,3,134,20,2,0,0,5,Store_E,3,Home_Goods,Furniture,156.41,0,0,156.41,82,175.3,78.25,5.39,2.33,7.01,72.54,431.36,1328,462,278,33.47
2018-02-24,2018,2,24,5,55,8,1,1,0,4,Store_D,4,Food,Beverages,20.09,0,0,20.09,401,17.27,77.19,2.93,2.19,6.03,71.39,403.55,1313,510,398,137.81
2011-05-04,2011,5,4,2,124,18,2,0,0,2,Store_B,5,Sports,Accessories,72.49,20,1,57.99,462,56.65,65.44,6.75,2.88,6.28,75.68,816.78,1517,544,198,76.15
2015-01-18,2015,1,18,6,18,3,1,1,0,1,Store_A,2,Clothing,Kids,50.92,0,0,50.92,294,52.24,63.07,6.06,2.25,6.74,63.71,585.77,1299,536,534,87.78
2014-10-01,2014,10,1,2,274,40,4,0,0,4,Store_D,2,Clothing,Accessories,53.58,0,0,53.58,377,61.09,36.86,0.12,2.67,6.75,53.38,498.37,834,517,318,50.03
2017-12-21,2017,12,21,3,355,51,4,0,0,3,Store_C,2,Clothing,Men,46.59,0,0,46.59,314,44.62,50.22,0.48,1.29,6.1,62.04,423.15,1060,469,288,49.04
2018-10-25,2018,10,25,3,298,43,4,0,0,4,Store_D,4,Food,Packaged,20.24,0,0,20.24,493,18.93,44.68,4.46,2.15,5.82,49.77,557.25,996,437,283,81.68
2010-05-27,2010,5,27,3,147,21,2,0,0,5,Store_E,1,Electronics,Phones,474.66,0,0,474.66,128,411.96,75.72,23.13,3.03,6.04,65.96,530.19,1463,599,266,46.23
2015-06-10,2015,6,10,2,161,24,2,0,0,1,Store_A,3,Home_Goods,Bedding,155.35,0,0,155.35,195,159.75,64.96,2.52,2.53,6.82,69.53,599.85,1385,459,215,45.04
2013-10-01,2013,10,1,1,274,40,4,0,0,1,Store_A,4,Food,Packaged,18.24,0,0,18.24,325,18.66,45.44,0.24,2.72,6.47,52.63,521.51,966,532,213,87.33
2017-09-12,2017,9,12,1,255,37,3,0,0,1,Store_A,3,Home_Goods,Furniture,152.34,0,0,152.34,185,150.33,41.01,3.71,1.78,6.26,58.02,414.16,943,520,290,18.46
2011-10-22,2011,10,22,5,295,42,4,1,0,1,Store_A,3,Home_Goods,Bedding,146.67,0,0,146.67,192,156.74,43.62,7.57,2.39,5.92,51.07,577.58,1272,434,439,27.92
2014-11-30,2014,11,30,6,334,48,4,1,0,2,Store_B,1,Electronics,Laptops,491.57,0,0,491.57,457,469.55,50.62,1.31,3.18,7.13,56.45,460.31,1142,556,428,42.38
2016-11-16,2016,11,16,2,321,46,4,0,0,4,Store_D,4,Food,Beverages,20.8,0,0,20.8,251,20.92,42.27,1.73,2.17,6.69,55.26,584.13,1208,525,288,83.05
2019-04-21,2019,4,21,6,111,16,2,1,0,3,Store_C,3,Home_Goods,Furniture,160.63,0,0,160.63,392,151.84,80.05,13.29,1.89,6.18,78.48,588.28,1455,539,359,77.69
2021-09-22,2021,9,22,2,265,38,3,0,0,5,Store_E,1,Electronics,Phones,481.1,0,0,481.1,207,549.23,44.75,0.25,3.57,6.76,56.46,428.52,830,453,218,46.04
2013-02-21,2013,2,21,3,52,8,1,0,0,4,Store_D,3,Home_Goods,Furniture,156.53,0,0,156.53,371,133.67,71.29,2.8,2.96,7.03,72.95,404.47,1217,550,351,47.04
2018-12-17,2018,12,17,0,351,51,4,0,0,2,Store_B,5,Sports,Accessories,78.45,0,0,78.45,293,73.38,56.87,0.44,2.36,6.21,56.31,450.3,1166,478,345,50.69
2011-09-01,2011,9,1,3,244,35,3,0,0,5,Store_E,5,Sports,Apparel,84.21,0,0,84.21,296,75.08,37.23,4.63,2.5,6.26,58.34,452.5,978,402,334,40.27
2019-10-23,2019,10,23,2,296,43,4,0,0,4,Store_D,4,Food,Fresh,20.15,10,1,18.13,436,18.22,49.04,13.57,2.13,6.14,50.26,898.63,1388,523,252,106.48
2015-04-15,2015,4,15,2,105,16,2,0,0,1,Store_A,1,Electronics,Tablets,507.25,0,0,507.25,114,477.67,79.72,17.56,2.13,6.76,72.72,492.42,1560,583,385,56.28
2010-07-17,2010,7,17,5,198,28,3,1,0,5,Store_E,3,Home_Goods,Furniture,157.89,10,1,142.1,165,149.35,62.4,0.66,2.45,5.71,64.8,855.89,1440,637,417,37.7
2018-01-10,2018,1,10,2,10,2,1,0,0,2,Store_B,2,Clothing,Women,54.24,0,0,54.24,320,57.73,59.49,3.16,1.64,5.91,66.54,554.8,1322,560,273,68.14
2016-05-16,2016,5,16,0,137,20,2,0,0,4,Store_D,2,Clothing,Women,48.67,0,0,48.67,61,53.38,78.2,2.6,1.92,6.67,67.52,553.78,1256,379,283,81.26
2022-01-07,2022,1,7,4,7,1,1,0,0,4,Store_D,2,Clothing,Kids,50.29,0,0,50.29,109,56.25,61.05,3.89,2.74,7.06,67.0,502.33,1386,511,423,65.74
2012-02-06,2012,2,6,0,37,6,1,0,0,2,Store_B,2,Clothing,Kids,49.98,0,0,49.98,348,45.26,68.67,1.28,2.76,6.83,67.59,487.61,1436,546,358,83.71
2022-04-24,2022,4,24,6,114,16,2,1,0,1,Store_A,1,Electronics,Phones,487.64,0,0,487.64,114,425.55,81.95,6.51,2.83,6.98,75.59,578.89,1470,411,458,73.55
2021-07-20,2021,7,20,1,201,29,3,0,0,2,Store_B,1,Electronics,Phones,497.09,0,0,497.09,413,544.73,59.04,6.41,2.68,7.12,59.15,585.12,1254,427,267,56.44
2018-11-30,2018,11,30,4,334,48,4,0,0,5,Store_E,5,Sports,Equipment,85.81,0,0,85.81,178,80.12,47.54,0.24,1.93,5.98,61.23,555.52,1215,535,365,47.92
2010-07-22,2010,7,22,3,203,29,3,0,0,3,Store_C,3,Home_Goods,Bedding,159.52,0,0,159.52,162,135.92,56.26,2.65,2.16,6.19,60.83,579.11,1193,529,244,29.62
2019-08-12,2019,8,12,0,224,33,3,0,0,5,Store_E,3,Home_Goods,Decor,139.02,0,0,139.02,422,123.22,51.89,7.13,2.46,6.13,55.7,594.97,1343,542,285,27.54
2014-09-30,2014,9,30,1,273,40,3,0,0,5,Store_E,4,Food,Fresh,19.13,0,0,19.13,441,21.43,32.73,6.26,3.26,7.29,59.49,569.97,1192,433,399,86.23
2017-08-09,2017,8,9,2,221,32,3,0,0,3,Store_C,5,Sports,Equipment,86.97,0,0,86.97,163,84.74,48.35,2.14,2.16,6.19,56.08,442.75,866,556,395,36.87
2014-09-04,2014,9,4,3,247,36,3,0,0,5,Store_E,1,Electronics,Accessories,489.38,5,1,464.91,474,463.1,31.85,2.27,2.39,7.48,57.84,739.93,1160,633,214,44.99
2019-07-07,2019,7,7,6,188,27,3,1,0,1,Store_A,3,Home_Goods,Bedding,135.79,0,0,135.79,57,152.62,62.2,3.15,1.97,6.08,62.35,571.64,1246,508,422,46.51
2012-05-04,2012,5,4,4,125,18,2,0,0,2,Store_B,1,Electronics,Accessories,474.63,0,0,474.63,389,407.62,81.42,1.99,2.44,6.49,72.05,421.18,1525,573,363,34.61
2022-12-21,2022,12,21,2,355,51,4,0,0,4,Store_D,3,Home_Goods,Bedding,145.32,15,1,123.52,264,111.34,58.62,29.58,2.66,7.16,62.79,867.73,1390,668,281,66.85
2021-03-21,2021,3,21,6,80,11,1,1,0,3,Store_C,1,Electronics,Phones,514.2,0,0,514.2,411,457.34,90.07,0.28,3.03,6.55,68.36,531.87,1545,534,453,79.65
2015-12-01,2015,12,1,1,335,49,4,0,0,1,Store_A,3,Home_Goods,Bedding,163.33,0,0,163.33,248,187.47,56.02,5.73,2.08,7.04,63.34,511.94,1158,531,297,27.97
2011-11-30,2011,11,30,2,334,48,4,0,0,3,Store_C,1,Electronics,Accessories,543.49,0,0,543.49,309,623.36,63.24,4.78,2.6,6.26,61.55,438.79,1165,483,321,38.37
2023-07-19,2023,7,19,2,200,29,3,0,0,4,Store_D,4,Food,Beverages,19.78,0,0,19.78,331,19.76,52.3,0.91,2.94,6.68,59.72,520.71,1193,471,270,113.95
2018-03-19,2018,3,19,0,78,12,1,0,0,5,Store_E,2,Clothing,Kids,48.76,0,0,48.76,295,54.04,77.32,1.21,1.98,5.96,76.12,400.55,1538,504,278,70.87
2020-02-14,2020,2,14,4,45,7,1,0,0,3,Store_C,1,Electronics,Phones,452.93,0,0,452.93,431,430.06,74.61,11.12,2.51,6.51,79.52,576.74,1328,463,270,67.94
2014-06-25,2014,6,25,2,176,26,2,0,0,1,Store_A,4,Food,Beverages,18.31,0,0,18.31,63,17.8,63.07,5.13,2.58,6.88,68.72,596.29,1143,473,313,73.41
2019-06-20,2019,6,20,3,171,25,2,0,0,5,Store_E,4,Food,Fresh,19.91,0,0,19.91,479,21.31,51.97,7.28,2.41,6.25,66.08,537.7,1358,619,326,99.05
2019-10-22,2019,10,22,1,295,43,4,0,0,1,Store_A,4,Food,Snacks,19.67,0,0,19.67,330,19.46,45.32,8.9,2.27,6.29,56.28,476.06,945,512,218,89.5
2013-07-15,2013,7,15,0,196,29,3,0,0,1,Store_A,1,Electronics,Tablets,510.96,0,0,510.96,499,475.83,52.95,3.55,2.71,6.87,64.64,412.69,1122,508,343,46.79
2022-10-04,2022,10,4,1,277,40,4,0,0,1,Store_A,1,Electronics,Laptops,528.33,0,0,528.33,467,476.01,39.39,0.54,2.71,7.05,59.24,435.14,1038,487,322,49.91
2015-01-28,2015,1,28,2,28,5,1,0,0,2,Store_B,1,Electronics,Laptops,498.97,0,0,498.97,282,509.72,64.63,9.43,2.97,6.87,71.22,491.32,1281,579,284,58.17
2020-04-21,2020,4,21,1,112,17,2,0,0,1,Store_A,5,Sports,Apparel,85.83,0,0,85.83,340,89.7,80.51,2.27,2.46,6.4,77.42,409.74,1309,564,363,66.16
2019-01-18,2019,1,18,4,18,3,1,0,0,1,Store_A,1,Electronics,Accessories,540.73,0,0,540.73,375,522.01,69.31,7.27,1.98,6.13,65.35,540.6,1317,384,241,41.13
2023-06-14,2023,6,14,2,165,24,2,0,0,2,Store_B,5,Sports,Apparel,74.41,0,0,74.41,237,73.72,67.82,7.95,3.15,6.55,71.98,438.16,1163,364,316,74.21
2020-04-01,2020,4,1,2,92,14,2,0,0,1,Store_A,5,Sports,Accessories,72.43,0,0,72.43,184,74.77,67.24,6.52,2.72,6.89,73.48,560.84,1431,533,280,73.9
2019-06-08,2019,6,8,5,159,23,2,1,0,5,Store_E,4,Food,Fresh,20.28,0,0,20.28,330,17.36,70.77,2.56,2.05,5.83,67.45,444.89,1291,493,536,123.54
2015-06-22,2015,6,22,0,173,26,2,0,0,5,Store_E,5,Sports,Footwear,85.07,0,0,85.07,214,76.49,57.33,10.51,2.1,7.05,69.06,536.4,1283,513,280,60.37
2011-10-26,2011,10,26,2,299,43,4,0,0,2,Store_B,1,Electronics,Accessories,496.38,0,0,496.38,154,459.45,39.07,3.44,2.73,6.21,54.81,484.12,939,512,320,25.59
2023-02-01,2023,2,1,2,32,5,1,0,0,5,Store_E,2,Clothing,Kids,50.51,0,0,50.51,281,43.61,73.73,28.03,2.4,6.93,74.74,441.77,1300,442,280,89.51
2020-04-06,2020,4,6,0,97,15,2,0,0,3,Store_C,4,Food,Snacks,20.14,0,0,20.14,66,17.43,68.22,2.2,2.39,6.63,73.28,576.38,1463,545,278,113.88
2022-01-31,2022,1,31,0,31,5,1,0,0,4,Store_D,5,Sports,Apparel,87.03,0,0,87.03,294,90.07,67.65,2.02,3.15,6.77,73.93,571.35,1459,471,183,58.7
2022-12-28,2022,12,28,2,362,52,4,0,0,1,Store_A,4,Food,Packaged,18.59,0,0,18.59,349,15.96,55.72,1.7,3.36,6.62,63.3,539.45,1348,425,236,95.91
2011-12-11,2011,12,11,6,345,49,4,1,0,5,Store_E,1,Electronics,Accessories,505.55,0,0,505.55,267,464.86,45.8,5.25,2.86,6.25,60.34,526.31,1192,458,419,36.37
2013-07-06,2013,7,6,5,187,27,3,1,0,3,Store_C,2,Clothing,Women,51.19,0,0,51.19,152,47.74,62.77,1.84,2.64,7.14,61.86,496.18,1352,509,435,70.97
2017-04-29,2017,4,29,5,119,17,2,1,0,3,Store_C,5,Sports,Accessories,77.55,0,0,77.55,273,69.0,80.42,8.69,1.28,6.32,74.43,443.55,1569,552,338,70.46
2021-01-12,2021,1,12,1,12,2,1,0,0,5,Store_E,2,Clothing,Women,46.45,0,0,46.45,147,45.24,71.51,0.28,2.43,6.88,66.34,450.45,1102,474,285,64.94
2013-07-30,2013,7,30,1,211,31,3,0,0,3,Store_C,4,Food,Packaged,18.41,0,0,18.41,451,15.98,44.8,1.89,3.2,6.97,58.31,529.72,1329,552,283,74.38
2016-02-16,2016,2,16,1,47,7,1,0,0,2,Store_B,2,Clothing,Accessories,52.73,0,0,52.73,331,45.2,74.35,2.23,2.04,6.36,72.53,517.66,1391,465,239,73.14
2019-01-16,2019,1,16,2,16,3,1,0,0,5,Store_E,2,Clothing,Kids,50.71,0,0,50.71,439,49.21,65.04,3.71,1.7,5.86,68.45,585.37,1243,543,333,77.34
2015-08-01,2015,8,1,5,213,31,3,1,0,3,Store_C,1,Electronics,Accessories,479.85,0,0,479.85,353,515.34,48.2,2.02,2.64,6.55,61.54,569.5,1297,408,572,41.42
2014-03-10,2014,3,10,0,69,11,1,0,0,2,Store_B,1,Electronics,Accessories,453.19,0,0,453.19,208,489.57,72.37,3.15,2.69,6.7,80.9,583.79,1571,437,287,48.95
2014-07-22,2014,7,22,1,203,30,3,0,0,1,Store_A,2,Clothing,Kids,46.1,0,0,46.1,487,40.15,62.52,9.07,2.91,6.75,62.56,592.91,1245,486,312,65.9
2023-07-06,2023,7,6,3,187,27,3,0,0,2,Store_B,5,Sports,Footwear,81.18,0,0,81.18,188,78.37,58.4,4.17,2.83,6.89,66.38,515.49,1324,533,238,61.65
2023-07-25,2023,7,25,1,206,30,3,0,0,4,Store_D,5,Sports,Accessories,87.19,0,0,87.19,78,75.95,49.55,0.29,2.82,7.6,56.88,519.88,1264,559,316,48.39
2019-12-07,2019,12,7,5,341,49,4,1,0,3,Store_C,3,Home_Goods,Decor,142.44,0,0,142.44,396,160.61,58.63,2.09,2.7,6.26,62.48,466.4,1260,569,459,53.05
2017-05-17,2017,5,17,2,137,20,2,0,0,5,Store_E,4,Food,Fresh,20.22,10,1,18.19,396,16.93,80.19,1.74,2.1,6.18,70.18,825.52,1549,646,339,115.34
2018-05-19,2018,5,19,5,139,20,2,1,0,1,Store_A,5,Sports,Equipment,84.82,0,0,84.82,396,89.74,81.3,4.22,1.76,6.02,71.13,558.0,1410,514,503,77.96
2014-05-17,2014,5,17,5,137,20,2,1,0,3,Store_C,1,Electronics,Tablets,506.65,0,0,506.65,303,550.02,74.89,2.1,2.8,6.82,70.93,534.87,1332,513,551,60.96
2017-06-22,2017,6,22,3,173,25,2,0,0,2,Store_B,4,Food,Fresh,19.54,0,0,19.54,265,17.93,61.92,0.7,1.67,5.77,62.31,453.55,1513,516,209,88.45
2017-03-10,2017,3,10,4,69,10,1,0,0,1,Store_A,3,Home_Goods,Kitchen,135.7,0,0,135.7,386,134.27,79.11,1.47,1.95,5.94,72.48,461.79,1444,560,310,51.41
2018-08-24,2018,8,24,4,236,34,3,0,0,1,Store_A,4,Food,Packaged,20.34,0,0,20.34,409,22.62,45.35,0.32,2.55,5.9,62.56,547.34,1122,475,194,78.37
2019-01-28,2019,1,28,0,28,5,1,0,0,4,Store_D,4,Food,Beverages,18.54,5,1,17.61,228,17.28,69.64,1.22,2.4,6.32,70.39,664.31,1506,506,298,116.91
2014-09-19,2014,9,19,4,262,38,3,0,0,2,Store_B,1,Electronics,Phones,531.95,0,0,531.95,395,581.66,46.19,1.06,2.96,6.82,52.93,559.66,1011,490,213,24.94
2012-11-25,2012,11,25,6,330,47,4,1,1,1,Store_A,2,Clothing,Accessories,45.92,10,1,41.32,170,40.3,49.22,5.23,2.53,6.73,56.38,892.53,1302,629,595,87.63
2022-09-11,2022,9,11,6,254,36,3,1,0,5,Store_E,1,Electronics,Laptops,532.84,0,0,532.84,122,551.23,36.47,8.14,3.31,6.78,52.81,415.02,1111,621,429,66.2
2018-11-17,2018,11,17,5,321,46,4,1,0,1,Store_A,2,Clothing,Accessories,52.19,0,0,52.19,136,59.3,41.25,0.22,2.31,6.31,59.08,402.12,1166,503,520,73.61
2014-08-06,2014,8,6,2,218,32,3,0,0,4,Store_D,2,Clothing,Accessories,46.23,0,0,46.23,329,48.03,50.96,6.29,2.49,6.91,57.38,433.65,1020,589,269,53.81
2014-10-24,2014,10,24,4,297,43,4,0,0,2,Store_B,1,Electronics,Tablets,519.26,0,0,519.26,325,535.81,45.35,4.3,2.46,7.16,58.38,570.64,950,440,274,34.19
2021-06-23,2021,6,23,2,174,25,2,0,0,1,Store_A,2,Clothing,Men,52.59,0,0,52.59,458,48.58,63.61,3.89,2.9,6.67,62.68,550.17,1232,485,239,88.16
2011-07-18,2011,7,18,0,199,29,3,0,0,3,Store_C,2,Clothing,Accessories,53.38,0,0,53.38,222,61.37,60.62,2.46,3.05,5.92,61.57,564.55,1244,531,252,49.04
2017-08-22,2017,8,22,1,234,34,3,0,0,3,Store_C,1,Electronics,Laptops,489.95,0,0,489.95,487,463.67,51.28,0.06,1.76,5.73,55.82,570.8,1067,554,239,42.27
2012-05-13,2012,5,13,6,134,19,2,1,0,2,Store_B,4,Food,Packaged,21.27,0,0,21.27,295,20.59,62.52,3.19,2.93,6.58,75.3,408.95,1317,501,415,118.25
2014-01-24,2014,1,24,4,24,4,1,0,0,5,Store_E,1,Electronics,Tablets,488.73,5,1,464.3,149,466.21,67.5,6.17,2.57,6.76,67.51,880.43,1354,631,255,68.01
2010-07-26,2010,7,26,0,207,30,3,0,0,1,Store_A,1,Electronics,Tablets,518.88,0,0,518.88,384,568.8,40.99,2.25,2.4,5.88,64.02,441.81,1132,457,361,28.45
2022-04-16,2022,4,16,5,106,15,2,1,0,2,Store_B,5,Sports,Footwear,84.99,0,0,84.99,128,87.12,74.29,19.07,2.58,6.75,72.58,452.11,1320,449,483,80.74
2012-05-20,2012,5,20,6,141,20,2,1,0,4,Store_D,1,Electronics,Tablets,519.86,0,0,519.86,418,492.55,70.02,14.53,2.98,6.3,74.48,542.9,1306,506,445,68.39
2022-04-21,2022,4,21,3,111,16,2,0,0,3,Store_C,5,Sports,Equipment,83.85,0,0,83.85,299,95.32,78.94,1.56,2.96,7.1,75.86,409.55,1502,514,221,91.95
2011-05-18,2011,5,18,2,138,20,2,0,0,5,Store_E,3,Home_Goods,Bedding,158.57,0,0,158.57,478,169.29,75.4,4.79,2.72,5.89,71.07,588.46,1356,533,352,42.91
2012-10-25,2012,10,25,3,299,43,4,0,0,3,Store_C,3,Home_Goods,Furniture,135.65,0,0,135.65,346,153.95,36.57,6.53,3.24,6.43,61.27,537.73,892,467,347,20.39
2020-07-07,2020,7,7,1,189,28,3,0,0,3,Store_C,4,Food,Beverages,21.68,0,0,21.68,186,24.63,53.47,1.58,2.86,6.03,64.99,523.36,1187,501,241,100.04
2017-05-14,2017,5,14,6,134,19,2,1,0,1,Store_A,1,Electronics,Accessories,538.62,0,0,538.62,336,472.22,74.84,34.09,2.21,5.96,73.19,412.18,1320,434,477,57.7
2014-04-20,2014,4,20,6,110,16,2,1,0,4,Store_D,3,Home_Goods,Decor,147.38,0,0,147.38,155,160.25,78.71,4.43,2.66,7.02,76.13,431.75,1159,520,379,57.6
2017-08-05,2017,8,5,5,217,31,3,1,0,2,Store_B,1,Electronics,Phones,537.77,0,0,537.77,327,514.55,52.52,0.39,2.12,6.11,65.8,537.3,1272,449,476,45.72
2017-06-24,2017,6,24,5,175,25,2,1,0,3,Store_C,3,Home_Goods,Bedding,144.36,15,1,122.7,251,104.83,62.64,1.15,2.47,6.39,66.27,730.27,1202,595,478,92.54
2012-03-15,2012,3,15,3,75,11,1,0,0,1,Store_A,3,Home_Goods,Furniture,161.66,0,0,161.66,434,160.59,72.3,3.96,3.04,6.28,73.63,572.5,1640,480,217,55.15
2019-12-25,2019,12,25,2,359,52,4,0,1,1,Store_A,4,Food,Packaged,18.73,15,1,15.92,332,16.28,56.83,6.72,2.55,6.58,65.3,755.0,1479,595,508,139.8
2016-09-20,2016,9,20,1,264,38,3,0,0,1,Store_A,3,Home_Goods,Furniture,162.9,0,0,162.9,407,166.49,46.18,10.1,1.9,6.8,55.8,412.19,995,440,303,33.34
2022-08-04,2022,8,4,3,216,31,3,0,0,5,Store_E,4,Food,Packaged,18.59,0,0,18.59,302,20.42,50.83,3.96,3.01,7.09,59.71,585.29,1117,450,328,102.54
2018-07-02,2018,7,2,0,183,27,3,0,0,3,Store_C,2,Clothing,Kids,47.46,0,0,47.46,285,43.91,61.54,1.3,1.83,6.19,67.23,409.63,1265,515,282,66.95
2023-05-08,2023,5,8,0,128,19,2,0,0,2,Store_B,1,Electronics,Accessories,506.11,0,0,506.11,277,502.82,71.13,9.38,2.9,6.82,66.64,598.64,1577,547,251,67.08
2010-07-20,2010,7,20,1,201,29,3,0,0,2,Store_B,1,Electronics,Tablets,483.98,0,0,483.98,107,515.35,58.12,23.08,2.94,5.78,58.03,415.79,981,480,349,22.33
2018-06-27,2018,6,27,2,178,26,2,0,0,2,Store_B,1,Electronics,Accessories,491.23,0,0,491.23,119,438.11,62.06,6.95,1.98,6.14,67.89,567.04,1289,577,329,60.6
2016-03-28,2016,3,28,0,88,13,1,0,0,5,Store_E,4,Food,Packaged,21.49,0,0,21.49,190,20.98,83.25,4.18,2.59,6.36,73.97,529.44,1314,492,302,105.11
2019-10-02,2019,10,2,2,275,40,4,0,0,3,Store_C,3,Home_Goods,Decor,159.23,0,0,159.23,452,149.52,36.36,2.53,2.28,6.51,56.2,526.58,1268,520,211,23.91
2022-04-02,2022,4,2,5,92,13,2,1,0,5,Store_E,4,Food,Packaged,18.44,0,0,18.44,271,16.11,85.84,0.01,3.17,7.38,77.82,596.67,1370,550,389,141.44
2022-05-12,2022,5,12,3,132,19,2,0,0,1,Store_A,1,Electronics,Accessories,546.19,0,0,546.19,161,487.26,70.6,0.62,2.63,6.93,75.31,411.05,1413,467,329,64.37
2011-01-27,2011,1,27,3,27,4,1,0,0,2,Store_B,5,Sports,Apparel,87.42,0,0,87.42,475,85.59,67.07,0.5,3.01,6.26,73.72,514.06,1222,526,454,55.34
2014-02-04,2014,2,4,1,35,6,1,0,0,2,Store_B,4,Food,Beverages,18.59,0,0,18.59,80,19.66,80.05,7.61,3.1,6.86,71.17,485.92,1346,414,359,94.33
2017-05-19,2017,5,19,4,139,20,2,0,0,3,Store_C,5,Sports,Apparel,77.25,0,0,77.25,254,87.62,70.33,0.53,1.84,5.8,70.74,548.16,1520,451,269,58.26
2015-07-21,2015,7,21,1,202,30,3,0,0,4,Store_D,5,Sports,Accessories,79.54,0,0,79.54,333,86.75,47.72,27.67,2.18,7.06,62.18,485.21,1080,550,295,51.01
2017-01-12,2017,1,12,3,12,2,1,0,0,2,Store_B,1,Electronics,Phones,477.47,0,0,477.47,458,414.05,59.71,0.37,2.42,5.83,70.05,467.69,1456,491,280,53.2
2010-03-06,2010,3,6,5,65,9,1,1,0,2,Store_B,2,Clothing,Women,47.74,0,0,47.74,148,47.04,80.19,5.92,2.35,6.22,77.93,454.65,1472,495,542,66.17
2020-08-20,2020,8,20,3,233,34,3,0,0,2,Store_B,2,Clothing,Accessories,46.69,0,0,46.69,401,39.85,60.31,0.56,2.38,6.72,52.61,423.99,938,434,308,75.13
2015-08-25,2015,8,25,1,237,35,3,0,0,3,Store_C,1,Electronics,Laptops,494.72,5,1,469.98,81,436.83,39.67,0.03,3.1,7.28,55.95,604.17,1292,660,288,25.56
2011-05-08,2011,5,8,6,128,18,2,1,0,1,Store_A,3,Home_Goods,Decor,149.25,0,0,149.25,76,154.51,69.67,16.3,2.67,6.49,73.32,482.21,1290,413,505,31.65
2011-01-15,2011,1,15,5,15,2,1,1,0,1,Store_A,4,Food,Beverages,20.67,0,0,20.67,197,21.51,70.64,12.44,2.75,6.06,69.48,518.16,1271,500,501,105.08
2023-04-22,2023,4,22,5,112,16,2,1,0,4,Store_D,1,Electronics,Phones,464.1,0,0,464.1,334,463.82,79.81,0.74,2.88,6.73,80.45,562.19,1552,474,473,73.94
2020-12-07,2020,12,7,0,342,50,4,0,0,2,Store_B,5,Sports,Equipment,80.95,0,0,80.95,433,81.67,51.49,1.39,2.29,6.27,61.88,588.25,1273,438,316,66.36
2023-05-20,2023,5,20,5,140,20,2,1,0,5,Store_E,3,Home_Goods,Decor,139.95,0,0,139.95,414,129.3,80.4,9.09,2.95,6.75,71.02,422.51,1315,564,478,68.31
2012-12-12,2012,12,12,2,347,50,4,0,0,3,Store_C,1,Electronics,Phones,541.29,0,0,541.29,70,575.36,52.8,0.62,2.82,6.47,63.15,542.64,1116,508,396,35.86
2012-05-28,2012,5,28,0,149,22,2,0,0,1,Store_A,5,Sports,Apparel,78.12,15,1,66.4,90,66.98,74.13,3.63,3.7,6.44,71.51,612.23,1297,665,346,51.31
2010-12-04,2010,12,4,5,338,48,4,1,0,4,Store_D,1,Electronics,Tablets,539.19,0,0,539.19,76,461.23,56.52,4.83,1.84,6.19,61.93,443.09,1132,561,499,21.1
2012-10-13,2012,10,13,5,287,41,4,1,0,2,Store_B,4,Food,Beverages,20.73,0,0,20.73,312,21.32,37.67,8.49,3.1,6.48,55.29,503.96,899,459,465,85.58
2013-06-29,2013,6,29,5,180,26,2,1,0,2,Store_B,3,Home_Goods,Kitchen,162.05,0,0,162.05,441,172.19,74.75,3.2,3.02,7.39,63.5,582.85,1444,467,443,52.61
2020-05-26,2020,5,26,1,147,22,2,0,0,5,Store_E,3,Home_Goods,Kitchen,145.42,0,0,145.42,351,143.51,71.99,0.44,3.03,6.02,71.36,469.51,1181,370,304,51.19
2022-06-18,2022,6,18,5,169,24,2,1,0,4,Store_D,5,Sports,Apparel,82.76,0,0,82.76,84,89.58,63.7,1.32,3.04,7.22,67.43,583.68,1299,463,446,67.41
2019-02-25,2019,2,25,0,56,9,1,0,0,3,Store_C,1,Electronics,Phones,476.77,0,0,476.77,314,466.91,86.55,8.56,2.19,6.21,73.4,498.76,1274,525,363,55.91
2023-06-13,2023,6,13,1,164,24,2,0,0,5,Store_E,5,Sports,Equipment,80.05,0,0,80.05,172,83.29,58.05,2.67,3.1,6.56,66.86,496.9,1258,471,309,70.41
2012-09-22,2012,9,22,5,266,38,3,1,0,3,Store_C,1,Electronics,Laptops,472.11,0,0,472.11,340,533.55,42.35,8.53,2.86,6.63,54.22,446.82,1205,520,459,32.77
2015-06-05,2015,6,5,4,156,23,2,0,0,1,Store_A,3,Home_Goods,Kitchen,154.12,0,0,154.12,246,140.8,67.13,1.25,1.91,7.3,70.14,574.98,1308,449,230,41.59
2021-10-07,2021,10,7,3,280,40,4,0,0,1,Store_A,2,Clothing,Men,46.51,0,0,46.51,420,40.62,46.47,4.44,3.53,6.79,54.67,516.07,1016,453,231,67.69
2010-06-11,2010,6,11,4,162,23,2,0,0,2,Store_B,3,Home_Goods,Furniture,158.9,0,0,158.9,489,179.65,60.18,0.89,2.7,5.75,67.15,482.33,1299,535,313,46.71
2023-02-20,2023,2,20,0,51,8,1,0,0,2,Store_B,2,Clothing,Kids,48.02,0,0,48.02,292,50.48,78.37,4.54,2.52,6.89,76.25,459.02,1285,502,337,93.19
2014-02-09,2014,2,9,6,40,6,1,1,0,4,Store_D,2,Clothing,Women,51.08,0,0,51.08,254,54.62,72.59,0.14,2.26,7.06,65.05,503.44,1443,466,483,67.66
2020-07-10,2020,7,10,4,192,28,3,0,0,4,Store_D,3,Home_Goods,Decor,137.57,0,0,137.57,70,144.29,53.83,3.37,3.1,6.77,55.12,429.76,1242,555,279,34.78
2017-02-26,2017,2,26,6,57,8,1,1,0,1,Store_A,5,Sports,Equipment,83.46,0,0,83.46,111,89.74,80.85,3.45,1.62,5.94,79.33,506.19,1392,426,406,72.26
2019-06-24,2019,6,24,0,175,26,2,0,0,1,Store_A,4,Food,Snacks,21.48,0,0,21.48,232,22.84,57.02,2.53,1.94,5.83,65.67,417.22,1131,524,287,105.89
2012-10-18,2012,10,18,3,292,42,4,0,0,1,Store_A,4,Food,Snacks,19.38,0,0,19.38,174,19.43,32.37,5.44,3.01,6.49,57.47,549.88,1044,608,237,66.64
2018-06-01,2018,6,1,4,152,22,2,0,0,3,Store_C,5,Sports,Accessories,80.13,0,0,80.13,133,91.66,68.51,2.15,2.13,5.82,71.84,518.14,1176,515,307,45.25
2020-10-18,2020,10,18,6,292,42,4,1,0,3,Store_C,2,Clothing,Women,52.75,0,0,52.75,97,53.0,45.31,2.47,2.75,6.73,55.17,441.68,1029,504,467,61.15
2014-05-05,2014,5,5,0,125,19,2,0,0,4,Store_D,3,Home_Goods,Decor,145.83,0,0,145.83,469,124.96,71.97,6.01,2.43,7.23,73.72,435.29,1391,498,371,50.77
2015-05-10,2015,5,10,6,130,19,2,1,0,4,Store_D,5,Sports,Apparel,80.93,0,0,80.93,228,76.76,73.79,6.23,2.15,6.83,76.91,436.23,1318,419,379,59.12
2018-08-19,2018,8,19,6,231,33,3,1,0,4,Store_D,5,Sports,Accessories,74.85,0,0,74.85,204,69.14,42.34,2.03,1.83,6.09,59.34,487.09,1244,542,451,71.16
2010-02-04,2010,2,4,3,35,5,1,0,0,3,Store_C,3,Home_Goods,Kitchen,160.33,0,0,160.33,323,157.8,63.3,1.57,2.56,5.96,70.52,464.42,1280,445,384,45.9
2020-12-28,2020,12,28,0,363,53,4,0,0,5,Store_E,4,Food,Packaged,19.93,0,0,19.93,387,18.1,52.62,1.38,2.6,6.16,63.23,408.03,1251,525,283,100.36
2012-02-15,2012,2,15,2,46,7,1,0,0,5,Store_E,4,Food,Snacks,21.53,0,0,21.53,273,18.38,70.6,2.6,2.93,6.37,68.88,574.01,1348,535,309,97.66
2016-12-31,2016,12,31,5,366,52,4,1,0,3,Store_C,1,Electronics,Tablets,518.61,0,0,518.61,489,468.76,55.97,1.91,2.15,6.55,66.34,446.44,1239,524,463,49.96
2014-01-18,2014,1,18,5,18,3,1,1,0,5,Store_E,2,Clothing,Accessories,51.26,0,0,51.26,312,44.0,62.38,0.33,3.3,7.21,72.16,543.99,1219,516,461,66.79
2013-09-25,2013,9,25,2,268,39,3,0,0,3,Store_C,4,Food,Packaged,19.02,0,0,19.02,411,19.51,40.89,15.34,2.71,7.1,50.87,591.88,1160,549,276,89.16
2017-02-25,2017,2,25,5,56,8,1,1,0,2,Store_B,5,Sports,Apparel,85.65,0,0,85.65,150,86.67,70.31,2.38,2.0,6.44,69.43,519.78,1382,479,427,86.78
2017-09-25,2017,9,25,0,268,39,3,0,0,4,Store_D,5,Sports,Footwear,73.98,0,0,73.98,287,72.58,37.63,4.81,2.61,6.09,57.47,565.7,1052,465,409,39.98
2015-08-04,2015,8,4,1,216,32,3,0,0,4,Store_D,1,Electronics,Laptops,476.79,0,0,476.79,185,473.14,53.48,2.32,2.13,6.76,55.41,552.65,978,488,200,25.53
2010-08-30,2010,8,30,0,242,35,3,0,0,3,Store_C,3,Home_Goods,Kitchen,147.55,0,0,147.55,195,150.9,42.4,4.03,2.13,5.72,57.47,548.45,1098,491,316,26.07
2015-08-24,2015,8,24,0,236,35,3,0,0,3,Store_C,1,Electronics,Phones,450.06,0,0,450.06,94,431.69,46.27,4.76,2.04,6.69,57.45,533.37,1200,485,257,28.2
2016-06-21,2016,6,21,1,173,25,2,0,0,1,Store_A,5,Sports,Equipment,86.79,0,0,86.79,145,84.14,65.3,0.33,2.1,6.48,66.99,401.91,1212,469,303,50.03
2011-08-24,2011,8,24,2,236,34,3,0,0,4,Store_D,1,Electronics,Accessories,543.55,0,0,543.55,425,583.68,41.42,5.03,2.43,6.08,60.46,489.59,1127,526,250,16.91
2016-09-01,2016,9,1,3,245,35,3,0,0,4,Store_D,1,Electronics,Accessories,538.85,0,0,538.85,392,498.65,42.35,2.89,1.68,6.97,54.61,446.19,991,508,300,33.17
2017-11-28,2017,11,28,1,332,48,4,0,1,1,Store_A,4,Food,Fresh,19.18,0,0,19.18,288,21.19,51.44,6.85,1.14,5.97,53.01,407.42,1083,445,495,116.33
2011-10-09,2011,10,9,6,282,40,4,1,0,3,Store_C,4,Food,Packaged,20.26,0,0,20.26,244,18.76,39.86,7.72,2.75,5.99,57.11,439.36,959,605,523,85.33
2020-08-26,2020,8,26,2,239,35,3,0,0,5,Store_E,4,Food,Beverages,20.27,0,0,20.27,145,21.61,37.43,1.81,2.07,6.34,57.49,458.0,1388,491,363,91.04
2019-09-27,2019,9,27,4,270,39,3,0,0,1,Store_A,2,Clothing,Kids,53.37,15,1,45.37,463,47.73,38.34,9.35,2.42,6.29,54.11,839.41,1130,588,309,84.37
2018-10-08,2018,10,8,0,281,41,4,0,0,1,Store_A,4,Food,Packaged,20.83,0,0,20.83,460,18.32,40.69,3.54,1.56,6.23,52.83,531.66,1005,557,287,78.3
2014-03-09,2014,3,9,6,68,10,1,1,0,2,Store_B,5,Sports,Apparel,79.03,0,0,79.03,347,86.78,78.53,6.55,2.5,7.21,76.57,491.49,1415,434,509,85.05
2013-06-21,2013,6,21,4,172,25,2,0,0,4,Store_D,3,Home_Goods,Decor,155.68,0,0,155.68,490,152.47,59.41,3.1,3.06,6.43,60.49,562.15,1370,533,268,41.85
2015-03-15,2015,3,15,6,74,11,1,1,0,4,Store_D,4,Food,Beverages,21.35,0,0,21.35,199,22.27,78.95,6.45,2.0,6.83,70.39,423.41,1653,552,349,134.34
2022-10-03,2022,10,3,0,276,40,4,0,0,1,Store_A,3,Home_Goods,Kitchen,154.02,5,1,146.32,382,146.99,45.87,21.04,3.35,6.81,54.17,690.29,1069,639,324,51.15
2018-03-25,2018,3,25,6,84,12,1,1,0,5,Store_E,1,Electronics,Accessories,546.74,0,0,546.74,376,504.31,76.74,12.09,2.41,5.98,74.93,539.77,1268,507,464,68.54
2017-06-27,2017,6,27,1,178,26,2,0,0,1,Store_A,5,Sports,Equipment,82.61,0,0,82.61,164,87.64,67.84,13.0,1.79,6.46,68.28,573.18,1259,549,349,51.4
2010-07-09,2010,7,9,4,190,27,3,0,0,5,Store_E,4,Food,Snacks,18.27,0,0,18.27,482,19.2,55.8,4.01,2.7,5.92,67.81,433.62,1123,498,361,65.77
2014-12-12,2014,12,12,4,346,50,4,0,0,2,Store_B,4,Food,Snacks,18.92,0,0,18.92,223,16.09,55.73,8.12,2.67,7.25,58.16,501.45,1141,521,238,82.51
2012-09-02,2012,9,2,6,246,35,3,1,0,1,Store_A,1,Electronics,Tablets,467.87,20,1,374.3,119,410.02,45.56,0.4,3.23,6.47,54.25,896.51,1305,725,462,51.01
2017-07-10,2017,7,10,0,191,28,3,0,0,1,Store_A,5,Sports,Equipment,79.97,0,0,79.97,393,76.23,66.8,1.19,1.68,6.14,58.74,552.3,1451,542,282,44.62
2015-08-10,2015,8,10,0,222,33,3,0,0,3,Store_C,1,Electronics,Phones,481.89,0,0,481.89,316,458.41,49.26,0.04,2.87,6.86,58.61,489.31,1011,485,320,31.43
2017-01-02,2017,1,2,0,2,1,1,0,0,3,Store_C,1,Electronics,Accessories,490.99,15,1,417.34,191,470.83,56.57,28.4,2.27,6.38,61.73,853.44,1472,541,232,64.37
2012-12-18,2012,12,18,1,353,51,4,0,0,5,Store_E,4,Food,Beverages,19.82,0,0,19.82,476,18.08,62.92,2.81,3.15,6.82,68.14,407.26,1185,492,188,101.42
2011-04-20,2011,4,20,2,110,16,2,0,0,4,Store_D,1,Electronics,Phones,520.93,0,0,520.93,469,491.87,71.12,4.94,2.72,6.0,75.74,483.34,1499,385,314,64.32
2017-12-14,2017,12,14,3,348,50,4,0,0,2,Store_B,1,Electronics,Tablets,522.27,0,0,522.27,156,491.13,57.42,0.2,1.85,5.95,59.42,452.59,1143,552,359,19.23
2023-04-06,2023,4,6,3,96,14,2,0,0,3,Store_C,2,Clothing,Kids,48.85,0,0,48.85,276,50.15,77.23,1.67,2.75,6.96,73.21,462.65,1600,512,312,93.53
2021-04-10,2021,4,10,5,100,14,2,1,0,2,Store_B,1,Electronics,Tablets,510.08,0,0,510.08,441,510.23,84.6,7.29,2.5,6.86,75.04,409.92,1395,564,488,85.48
2019-04-09,2019,4,9,1,99,15,2,0,0,1,Store_A,4,Food,Fresh,20.1,0,0,20.1,221,19.45,81.85,7.34,2.25,6.01,71.43,504.12,1495,478,273,109.34
2022-06-22,2022,6,22,2,173,25,2,0,0,5,Store_E,2,Clothing,Accessories,51.78,0,0,51.78,359,54.92,69.85,1.33,3.14,6.97,61.83,412.45,1257,503,343,94.18
2013-03-30,2013,3,30,5,89,13,1,1,0,4,Store_D,1,Electronics,Tablets,472.33,0,0,472.33,435,531.89,88.72,0.42,2.87,6.98,75.65,459.99,1495,505,437,68.78
2016-08-30,2016,8,30,1,243,35,3,0,0,5,Store_E,1,Electronics,Accessories,463.97,0,0,463.97,321,506.81,43.91,2.49,2.6,6.7,56.8,551.43,1081,500,256,32.69
2016-07-19,2016,7,19,1,201,29,3,0,0,3,Store_C,4,Food,Packaged,20.78,0,0,20.78,51,23.4,59.39,4.73,2.36,6.75,61.78,555.23,1266,515,295,93.39
2012-02-09,2012,2,9,3,40,6,1,0,0,5,Store_E,3,Home_Goods,Bedding,140.17,0,0,140.17,235,153.84,75.01,1.82,3.25,6.17,73.49,429.83,1376,517,325,51.25
2014-08-13,2014,8,13,2,225,33,3,0,0,4,Store_D,1,Electronics,Phones,519.33,0,0,519.33,132,505.43,46.51,7.07,2.82,6.87,57.36,566.61,1216,527,353,21.1
2010-05-11,2010,5,11,1,131,19,2,0,0,2,Store_B,5,Sports,Apparel,73.86,0,0,73.86,406,73.28,76.13,3.94,2.5,6.04,70.42,430.32,1633,409,274,47.8
2017-12-29,2017,12,29,4,363,52,4,0,0,3,Store_C,3,Home_Goods,Decor,164.92,0,0,164.92,226,188.82,57.2,1.74,2.11,5.88,61.37,557.19,1259,387,213,44.13
2018-09-07,2018,9,7,4,250,36,3,0,0,2,Store_B,4,Food,Fresh,20.74,0,0,20.74,187,19.17,42.93,4.75,1.55,6.24,57.9,584.52,1171,432,257,82.95
2019-06-07,2019,6,7,4,158,23,2,0,0,4,Store_D,4,Food,Snacks,19.66,0,0,19.66,249,20.33,68.42,11.37,1.97,6.5,66.41,554.64,1393,484,266,107.69
2022-02-13,2022,2,13,6,44,6,1,1,0,5,Store_E,1,Electronics,Phones,513.85,0,0,513.85,331,557.19,67.66,7.29,2.85,6.79,73.72,528.62,1328,486,524,90.68
2011-04-12,2011,4,12,1,102,15,2,0,0,3,Store_C,4,Food,Packaged,18.54,0,0,18.54,371,15.95,79.65,4.51,2.41,6.08,71.61,580.88,1461,546,261,117.67
2018-06-20,2018,6,20,2,171,25,2,0,0,2,Store_B,3,Home_Goods,Bedding,159.84,0,0,159.84,474,160.79,60.73,8.85,1.73,6.06,66.27,564.64,1331,503,313,59.82
2020-04-30,2020,4,30,3,121,18,2,0,0,2,Store_B,2,Clothing,Kids,53.4,0,0,53.4,378,48.81,66.44,1.51,3.15,6.33,76.18,490.21,1555,507,231,87.39
2012-05-10,2012,5,10,3,131,19,2,0,0,2,Store_B,4,Food,Snacks,21.08,0,0,21.08,405,23.04,66.52,0.58,3.39,6.43,75.55,527.87,1569,519,308,116.92
